customer_id,product_id,product_name,product_category,product_price,times_viewed,times_added_to_cart,times_purchased,previous_purchases
C106,P008,Webcam,Electronics,70915.94,7.0,0.0,0,4.0
C115,P047,Nail Kit,Beauty,1028.95,8.0,0.0,3,16.0
C176,P009,Tablet,Electronics,12226.74,14.0,3.0,0,13.0
C136,P054,Gym Bag,Sports,5368.08,13.0,1.0,1,16.0
C121,P033,Wall Clock,Home,5054.92,3.0,1.0,0,2.0
C035,P021,Sports Shorts,Clothing,3837.82,17.0,1.0,0,8.0
C167,P036,Water Bottle,Home,3043.7,19.0,3.0,0,11.0
C040,P006,Smartwatch,Electronics,87824.51,17.0,2.0,2,17.0
C133,P070,Science Comics,Books,651.22,9.0,0.0,0,11.0
C118,P048,Body Lotion,Beauty,790.99,8.0,3.0,0,8.0
C171,P029,Coffee Maker,Home,2524.77,14.0,3.0,3,11.0
C045,P041,Lipstick,Beauty,1148.16,12.0,1.0,1,14.0
C094,P024,Socks Pack,Clothing,4485.98,13.0,1.0,0,12.0
C067,P064,History of AI,Books,1028.75,11.0,,1,9.0
C039,P030,Vacuum Cleaner,Home,10323.97,17.0,1.0,0,16.0
C139,P005,Bluetooth Speaker,Electronics,9199.62,11.0,1.0,0,5.0
C109,P063,Cookbook,Books,799.02,9.0,5.0,2,0.0
C021,P011,Keyboard,Electronics,33874.18,3.0,0.0,0,10.0
C213,P023,Cap,Clothing,4858.35,8.0,3.0,3,10.0
C141,P021,Sports Shorts,Clothing,3837.82,10.0,1.0,3,0.0
C130,P037,Desk Organizer,Home,2165.34,12.0,0.0,0,14.0
C071,P044,Perfume,Beauty,848.68,13.0,9.0,1,11.0
C142,P020,Casual Shirt,Clothing,3230.99,20.0,3.0,0,5.0
C014,P065,Travel Diary,Books,878.93,10.0,2.0,0,4.0
C017,P057,Running Shoes,Sports,3751.49,6.0,0.0,0,5.0
C089,P033,Wall Clock,Home,5054.92,8.0,0.0,0,4.0
C031,P017,Hoodie,Clothing,2861.01,9.0,0.0,0,4.0
C126,P039,Face Wash,Beauty,643.58,17.0,2.0,3,9.0
C157,P043,Hair Serum,Beauty,1779.64,16.0,1.0,0,3.0
C163,P035,Air Fryer,Home,7174.95,5.0,1.0,0,16.0
C132,P069,Poetry Collection,Books,184.44,,0.0,1,2.0
C057,P001,Wireless Earbuds,Electronics,69835.88,7.0,0.0,0,11.0
C055,P015,Cotton T-Shirt,Clothing,,13.0,1.0,0,12.0
C118,P016,Denim Jeans,Clothing,1289.75,3.0,1.0,0,8.0
C117,P021,Sports Shorts,Clothing,3837.82,6.0,0.0,0,5.0
C091,P022,Wool Sweater,Clothing,1900.72,8.0,3.0,3,14.0
C075,P035,Air Fryer,Home,7174.95,12.0,1.0,0,0.0
C154,P060,Data Science Intro,Books,280.71,13.0,2.0,3,14.0
C219,P045,Shampoo,Beauty,2096.42,15.0,2.0,1,6.0
C084,P039,Face Wash,Beauty,643.58,13.0,3.0,0,1.0
C135,P066,Short Stories,Books,785.62,14.0,1.0,3,17.0
C132,P027,Table Lamp,Home,7133.13,6.0,3.0,3,2.0
C028,P011,Keyboard,Electronics,33874.18,9.0,0.0,0,14.0
C093,P034,Storage Box,Home,,,1.0,3,8.0
C186,P064,History of AI,Books,1028.75,15.0,2.0,0,16.0
C023,P052,Tennis Racket,Sports,206.79,15.0,0.0,3,16.0
C004,P051,Football,Sports,1718.28,14.0,2.0,0,12.0
C018,P067,Kids Picture Book,Books,792.09,6.0,,0,16.0
C180,P009,Tablet,Electronics,12226.74,13.0,2.0,0,7.0
C218,P013,Headphones,Electronics,,10.0,2.0,2,0.0
C100,P049,Yoga Mat,Sports,5506.59,16.0,3.0,3,2.0
C187,P027,Table Lamp,Home,7133.13,4.0,0.0,0,9.0
C036,P062,Self Help Guide,Books,690.76,14.0,4.0,1,12.0
C035,P017,Hoodie,,2861.01,9.0,1.0,0,8.0
C157,P031,Cookware Set,Home,11234.24,10.0,2.0,0,3.0
C193,P035,Air Fryer,Home,7174.95,17.0,4.0,0,4.0
C042,P069,Poetry Collection,Books,184.44,7.0,0.0,0,2.0
C198,P015,Cotton T-Shirt,Clothing,2327.39,,1.0,0,9.0
C081,P009,Tablet,Electronics,12226.74,4.0,2.0,0,0.0
C208,P055,Resistance Bands,Sports,5684.55,11.0,1.0,0,4.0
C100,P026,Raincoat,Clothing,1133.27,4.0,,0,2.0
C139,P063,Cookbook,Books,799.02,4.0,1.0,0,5.0
C010,P052,Tennis Racket,Sports,206.79,1.0,0.0,2,6.0
C157,P042,Sunscreen,Beauty,2097.43,10.0,0.0,0,3.0
C010,P016,Denim Jeans,Clothing,1289.75,13.0,1.0,0,6.0
C194,P036,Water Bottle,Home,3043.7,12.0,3.0,0,9.0
C015,P046,Face Mask,Beauty,2030.43,10.0,0.0,2,17.0
C183,P014,Portable SSD,Electronics,74189.34,4.0,0.0,0,2.0
C136,P001,Wireless Earbuds,Electronics,69835.88,16.0,2.0,0,16.0
C146,P058,Water Bladder,Sports,4613.62,10.0,1.0,2,15.0
C137,P052,Tennis Racket,Sports,206.79,15.0,8.0,0,1.0
C218,P052,Tennis Racket,Sports,206.79,15.0,0.0,0,0.0
C145,P027,Table Lamp,Home,7133.13,4.0,0.0,0,3.0
C028,P051,Football,Sports,1718.28,16.0,1.0,0,14.0
C165,P007,USB-C Hub,Electronics,68692.66,9.0,6.0,2,2.0
C002,P032,Cushion Cover,Home,14519.77,5.0,0.0,0,11.0
C191,P023,Cap,Clothing,4858.35,13.0,2.0,2,1.0
C067,P013,Headphones,Electronics,58231.77,6.0,0.0,0,9.0
C142,P043,Hair Serum,Beauty,1779.64,17.0,0.0,0,5.0
C058,P052,Tennis Racket,Sports,206.79,12.0,,0,2.0
C029,P049,Yoga Mat,Sports,5506.59,,2.0,0,2.0
C122,P055,Resistance Bands,Sports,5684.55,9.0,2.0,0,6.0
C138,P007,USB-C Hub,Electronics,68692.66,5.0,1.0,0,14.0
C207,P035,Air Fryer,Home,7174.95,6.0,1.0,0,6.0
C184,P028,Bedsheet Set,,895.11,9.0,0.0,0,17.0
C061,P059,Python Basics,Books,309.77,3.0,0.0,0,14.0
C216,P057,Running Shoes,Sports,3751.49,,7.0,0,4.0
C078,P017,Hoodie,Clothing,2861.01,12.0,4.0,0,
C029,P010,Gaming Mouse,Electronics,40973.43,5.0,2.0,0,2.0
C129,P022,Wool Sweater,Clothing,1900.72,1.0,1.0,0,17.0
C089,P026,Raincoat,Clothing,1133.27,7.0,1.0,0,4.0
C121,P043,Hair Serum,Beauty,1779.64,20.0,7.0,0,2.0
C134,P054,Gym Bag,Sports,5368.08,14.0,4.0,3,15.0
C027,P068,Business Strategy,Books,498.54,14.0,2.0,0,4.0
C177,P043,Hair Serum,Beauty,1779.64,9.0,0.0,0,15.0
C086,P047,Nail Kit,Beauty,1028.95,12.0,,0,6.0
C219,P068,Business Strategy,Books,498.54,15.0,3.0,0,6.0
C149,P026,Raincoat,Clothing,1133.27,6.0,2.0,0,9.0
C123,P040,Moisturizer,Beauty,1706.55,17.0,3.0,3,16.0
C029,P047,Nail Kit,Beauty,1028.95,13.0,1.0,0,2.0
C031,P027,Table Lamp,Home,7133.13,8.0,0.0,0,4.0
C112,P015,Cotton T-Shirt,Clothing,2327.39,5.0,0.0,0,13.0
C064,P063,Cookbook,Books,799.02,8.0,1.0,3,
C200,P041,Lipstick,Beauty,1148.16,6.0,2.0,2,14.0
C011,P008,Webcam,Electronics,70915.94,6.0,1.0,0,8.0
C147,P056,Cycling Helmet,Sports,6277.72,16.0,2.0,0,2.0
C206,P019,Winter Jacket,Clothing,4171.63,13.0,3.0,3,8.0
C136,P029,Coffee Maker,Home,2524.77,4.0,,0,16.0
C074,P006,Smartwatch,Electronics,87824.51,16.0,3.0,0,6.0
C092,P002,Smartphone,Electronics,39946.96,13.0,2.0,2,7.0
C181,P038,LED Strip,Home,7265.65,7.0,2.0,0,5.0
C173,P056,Cycling Helmet,Sports,6277.72,7.0,,0,2.0
C081,P051,Football,Sports,1718.28,15.0,2.0,3,0.0
C030,P036,Water Bottle,Home,3043.7,6.0,1.0,0,7.0
C032,P050,Dumbbells,Sports,1246.06,17.0,3.0,2,1.0
C128,P017,Hoodie,Clothing,2861.01,2.0,0.0,0,16.0
C106,P008,Webcam,Electronics,70915.94,13.0,1.0,0,4.0
C124,P034,Storage Box,Home,5713.28,7.0,,0,4.0
C175,P042,Sunscreen,Beauty,2097.43,9.0,3.0,0,16.0
C177,P029,Coffee Maker,Home,2524.77,16.0,2.0,0,15.0
C198,P056,Cycling Helmet,Sports,6277.72,2.0,0.0,0,9.0
C047,P066,Short Stories,Books,785.62,13.0,1.0,0,14.0
C153,P030,Vacuum Cleaner,Home,10323.97,1.0,0.0,0,1.0
C016,P060,Data Science Intro,Books,280.71,16.0,7.0,0,7.0
C064,P003,Laptop,Electronics,77385.93,15.0,1.0,1,3.0
C120,P006,Smartwatch,Electronics,87824.51,14.0,1.0,0,
C122,P020,Casual Shirt,Clothing,3230.99,5.0,0.0,0,6.0
C016,P054,Gym Bag,Sports,5368.08,17.0,2.0,1,7.0
C048,P033,Wall Clock,Home,5054.92,13.0,2.0,0,1.0
C164,P001,Wireless Earbuds,Electronics,69835.88,12.0,0.0,0,3.0
C082,P005,Bluetooth Speaker,Electronics,9199.62,3.0,0.0,0,0.0
C025,P047,Nail Kit,Beauty,1028.95,6.0,2.0,0,1.0
C118,P027,Table Lamp,Home,7133.13,14.0,6.0,2,8.0
C171,P016,Denim Jeans,Clothing,1289.75,3.0,0.0,0,11.0
C015,P054,Gym Bag,Sports,5368.08,13.0,4.0,0,17.0
C005,P015,Cotton T-Shirt,Clothing,2327.39,3.0,0.0,0,2.0
C077,P016,Denim Jeans,Clothing,1289.75,9.0,0.0,0,9.0
C145,P024,Socks Pack,Clothing,4485.98,5.0,1.0,0,3.0
C161,P003,Laptop,Electronics,77385.93,13.0,6.0,2,14.0
C204,P028,Bedsheet Set,Home,895.11,6.0,0.0,0,9.0
C137,P031,Cookware Set,Home,11234.24,9.0,2.0,0,1.0
C081,P046,Face Mask,Beauty,2030.43,15.0,3.0,1,0.0
C084,P002,Smartphone,Electronics,39946.96,5.0,0.0,0,1.0
C096,P054,Gym Bag,Sports,5368.08,15.0,3.0,0,15.0
C060,P045,Shampoo,Beauty,2096.42,10.0,1.0,0,4.0
C055,P049,Yoga Mat,Sports,5506.59,14.0,0.0,0,12.0
C010,P014,Portable SSD,Electronics,74189.34,7.0,3.0,0,6.0
C158,P003,Laptop,Electronics,77385.93,1.0,0.0,0,8.0
C205,P063,Cookbook,Books,799.02,8.0,0.0,0,2.0
C206,P033,Wall Clock,Home,5054.92,7.0,5.0,0,8.0
C205,P001,Wireless Earbuds,Electronics,69835.88,8.0,1.0,0,2.0
C144,P044,Perfume,Beauty,848.68,11.0,1.0,0,8.0
C149,P031,Cookware Set,Home,11234.24,12.0,0.0,0,9.0
C132,P025,Belt,Clothing,3935.24,13.0,3.0,0,2.0
C077,P045,Shampoo,Beauty,2096.42,13.0,5.0,2,9.0
C027,P013,Headphones,Electronics,58231.77,3.0,0.0,0,4.0
C121,P017,Hoodie,Clothing,2861.01,17.0,0.0,0,2.0
C039,P065,Travel Diary,Books,878.93,15.0,1.0,2,16.0
C040,P011,Keyboard,Electronics,33874.18,6.0,2.0,0,17.0
C117,P057,Running Shoes,Sports,3751.49,4.0,1.0,0,5.0
C032,P011,Keyboard,Electronics,,6.0,1.0,0,1.0
C139,P003,Laptop,Electronics,77385.93,5.0,3.0,0,5.0
C102,P010,Gaming Mouse,Electronics,40973.43,13.0,1.0,0,7.0
C144,P018,Sneakers,Clothing,505.32,7.0,0.0,3,8.0
C100,P044,Perfume,Beauty,,6.0,2.0,3,2.0
C028,P023,Cap,Clothing,,9.0,2.0,3,14.0
C130,P044,Perfume,Beauty,848.68,12.0,3.0,1,14.0
C023,P053,Skipping Rope,Sports,6326.36,14.0,0.0,0,16.0
C166,P041,Lipstick,Beauty,1148.16,9.0,0.0,0,10.0
C152,P004,Power Bank,Electronics,63004.23,9.0,2.0,0,8.0
C068,P051,Football,Sports,1718.28,10.0,1.0,0,17.0
C102,P009,Tablet,Electronics,12226.74,9.0,2.0,0,7.0
C167,P018,Sneakers,Clothing,505.32,14.0,1.0,0,
C156,P070,Science Comics,Books,651.22,10.0,2.0,3,8.0
C199,P025,Belt,Clothing,3935.24,5.0,1.0,0,11.0
C054,P016,Denim Jeans,Clothing,1289.75,2.0,1.0,0,
C040,P027,Table Lamp,Home,7133.13,4.0,1.0,3,17.0
C200,P016,Denim Jeans,Clothing,1289.75,,1.0,0,14.0
C128,P053,Skipping Rope,Sports,6326.36,16.0,,0,
C173,P055,Resistance Bands,Sports,5684.55,15.0,3.0,0,2.0
C093,P038,LED Strip,Home,7265.65,3.0,0.0,0,8.0
C217,P035,Air Fryer,Home,7174.95,14.0,2.0,0,13.0
C038,P039,Face Wash,Beauty,643.58,14.0,2.0,0,3.0
C081,P001,Wireless Earbuds,Electronics,69835.88,1.0,0.0,0,0.0
C018,P024,Socks Pack,Clothing,4485.98,12.0,1.0,0,16.0
C067,P061,Mystery Novel,Books,917.66,11.0,1.0,0,9.0
C044,P059,Python Basics,Books,309.77,14.0,7.0,1,2.0
C015,P020,Casual Shirt,Clothing,3230.99,12.0,5.0,0,17.0
C175,P034,Storage Box,Home,5713.28,2.0,1.0,0,16.0
C037,P059,Python Basics,Books,309.77,,4.0,3,15.0
C108,P017,Hoodie,Clothing,2861.01,13.0,2.0,0,
C077,P058,Water Bladder,Sports,,3.0,1.0,0,9.0
C005,P066,Short Stories,Books,785.62,8.0,2.0,0,2.0
C012,P033,Wall Clock,Home,5054.92,7.0,1.0,0,9.0
C177,P030,Vacuum Cleaner,Home,10323.97,13.0,3.0,0,15.0
C145,P012,Monitor,Electronics,83466.44,13.0,3.0,0,3.0
C062,P034,Storage Box,Home,5713.28,6.0,0.0,0,15.0
C156,P056,Cycling Helmet,Sports,6277.72,18.0,2.0,0,8.0
C166,P068,Business Strategy,Books,498.54,6.0,0.0,0,10.0
C054,P048,Body Lotion,Beauty,790.99,2.0,0.0,0,12.0
C214,P030,Vacuum Cleaner,Home,10323.97,,1.0,0,1.0
C033,P067,Kids Picture Book,Books,792.09,3.0,2.0,0,17.0
C198,P004,Power Bank,Electronics,63004.23,5.0,2.0,0,9.0
C004,P057,Running Shoes,Sports,3751.49,14.0,,2,12.0
C154,P009,Tablet,,12226.74,16.0,,2,14.0
C137,P016,Denim Jeans,Clothing,1289.75,7.0,2.0,0,1.0
C211,P024,Socks Pack,Clothing,4485.98,16.0,3.0,0,7.0
C090,P053,Skipping Rope,Sports,6326.36,14.0,1.0,0,14.0
C065,P043,Hair Serum,Beauty,1779.64,17.0,2.0,0,2.0
C081,P023,Cap,Clothing,4858.35,13.0,3.0,0,0.0
C111,P059,Python Basics,Books,309.77,16.0,3.0,2,3.0
C191,P048,Body Lotion,Beauty,790.99,8.0,0.0,0,1.0
C073,P006,Smartwatch,Electronics,87824.51,17.0,7.0,3,15.0
C024,P001,Wireless Earbuds,Electronics,69835.88,14.0,1.0,0,17.0
C117,P036,Water Bottle,Home,3043.7,9.0,2.0,0,5.0
C173,P046,Face Mask,Beauty,2030.43,8.0,0.0,0,2.0
C182,P062,Self Help Guide,Books,690.76,7.0,0.0,0,12.0
C060,P033,Wall Clock,Home,5054.92,17.0,3.0,0,4.0
C037,P024,Socks Pack,Clothing,4485.98,11.0,2.0,1,15.0
C040,P018,Sneakers,Clothing,505.32,7.0,0.0,0,17.0
C054,P021,Sports Shorts,Clothing,3837.82,13.0,3.0,2,12.0
C033,P002,Smartphone,Electronics,39946.96,5.0,1.0,0,17.0
C163,P003,Laptop,Electronics,77385.93,8.0,1.0,1,16.0
C173,P043,Hair Serum,Beauty,1779.64,10.0,2.0,0,2.0
C036,P060,Data Science Intro,Books,280.71,6.0,0.0,3,12.0
C064,P049,Yoga Mat,Sports,5506.59,12.0,1.0,0,3.0
C136,P005,Bluetooth Speaker,Electronics,9199.62,7.0,2.0,0,16.0
C059,P050,Dumbbells,Sports,1246.06,2.0,0.0,0,7.0
C205,P048,Body Lotion,Beauty,790.99,3.0,1.0,0,2.0
C209,P026,Raincoat,Clothing,1133.27,6.0,1.0,0,16.0
C202,P004,Power Bank,Electronics,63004.23,16.0,9.0,2,9.0
C197,P015,Cotton T-Shirt,Clothing,2327.39,4.0,0.0,0,12.0
C084,P033,Wall Clock,Home,5054.92,13.0,2.0,0,1.0
C073,P011,Keyboard,Electronics,33874.18,5.0,3.0,3,15.0
C196,P002,Smartphone,Electronics,39946.96,,1.0,0,9.0
C217,P012,Monitor,Electronics,83466.44,17.0,3.0,2,13.0
C113,P050,Dumbbells,Sports,1246.06,13.0,0.0,2,1.0
C019,P058,Water Bladder,Sports,4613.62,12.0,2.0,3,15.0
C139,P014,Portable SSD,Electronics,74189.34,5.0,2.0,0,5.0
C180,P057,Running Shoes,Sports,3751.49,2.0,0.0,0,7.0
C094,P008,Webcam,Electronics,70915.94,4.0,0.0,0,12.0
C058,P028,Bedsheet Set,Home,895.11,6.0,0.0,0,2.0
C157,P067,Kids Picture Book,Books,792.09,6.0,0.0,0,3.0
C148,P032,Cushion Cover,Home,14519.77,,7.0,1,15.0
C171,P010,Gaming Mouse,Electronics,40973.43,5.0,2.0,0,11.0
C016,P006,Smartwatch,Electronics,87824.51,17.0,,0,7.0
C091,P020,Casual Shirt,Clothing,3230.99,9.0,0.0,0,14.0
C036,P032,Cushion Cover,Home,14519.77,3.0,1.0,0,12.0
C123,P045,Shampoo,Beauty,2096.42,3.0,0.0,2,16.0
C055,P007,USB-C Hub,Electronics,68692.66,5.0,0.0,0,12.0
C094,P062,Self Help Guide,Books,690.76,11.0,3.0,0,12.0
C203,P020,Casual Shirt,Clothing,,13.0,4.0,2,11.0
C157,P003,Laptop,Electronics,77385.93,2.0,0.0,0,3.0
C204,P023,Cap,Clothing,4858.35,13.0,7.0,3,9.0
C119,P015,Cotton T-Shirt,Clothing,2327.39,17.0,4.0,1,13.0
C029,P043,Hair Serum,Beauty,1779.64,,1.0,2,2.0
C109,P051,Football,Sports,1718.28,6.0,1.0,2,0.0
C009,P062,Self Help Guide,Books,690.76,11.0,2.0,0,5.0
C141,P014,Portable SSD,Electronics,74189.34,14.0,2.0,1,0.0
C126,P003,Laptop,Electronics,77385.93,15.0,1.0,0,9.0
C185,P053,Skipping Rope,Sports,6326.36,10.0,0.0,0,0.0
C110,P002,Smartphone,Electronics,39946.96,14.0,5.0,2,12.0
C139,P068,Business Strategy,Books,498.54,8.0,2.0,2,
C133,P064,History of AI,Books,1028.75,17.0,3.0,1,11.0
C188,P064,History of AI,Books,1028.75,4.0,0.0,0,5.0
C214,P068,Business Strategy,Books,498.54,14.0,5.0,1,1.0
C124,P067,Kids Picture Book,Books,792.09,17.0,1.0,0,4.0
C015,P014,Portable SSD,Electronics,74189.34,2.0,0.0,0,17.0
C065,P045,Shampoo,Beauty,2096.42,17.0,2.0,0,2.0
C106,P035,Air Fryer,Home,7174.95,6.0,0.0,0,4.0
C123,P007,USB-C Hub,,68692.66,17.0,3.0,0,16.0
C050,P004,Power Bank,Electronics,63004.23,7.0,0.0,0,13.0
C110,P013,Headphones,Electronics,58231.77,18.0,3.0,3,12.0
C097,P019,Winter Jacket,Clothing,4171.63,14.0,4.0,1,5.0
C069,P065,Travel Diary,Books,878.93,13.0,1.0,0,8.0
C178,P002,Smartphone,Electronics,39946.96,14.0,2.0,0,9.0
C137,P029,Coffee Maker,Home,2524.77,7.0,1.0,0,1.0
C023,P006,Smartwatch,Electronics,87824.51,13.0,2.0,0,16.0
C187,P042,Sunscreen,Beauty,2097.43,13.0,3.0,0,9.0
C198,P052,Tennis Racket,Sports,206.79,14.0,1.0,0,9.0
C008,P055,Resistance Bands,Sports,5684.55,8.0,2.0,0,11.0
C106,P034,Storage Box,Home,5713.28,2.0,0.0,0,4.0
C196,P056,Cycling Helmet,Sports,6277.72,7.0,1.0,0,9.0
C216,P060,Data Science Intro,Books,280.71,14.0,9.0,0,4.0
C112,P001,Wireless Earbuds,Electronics,69835.88,3.0,0.0,3,13.0
C213,P012,Monitor,Electronics,83466.44,3.0,0.0,0,10.0
C214,P009,Tablet,Electronics,12226.74,,1.0,0,1.0
C179,P055,Resistance Bands,Sports,5684.55,3.0,1.0,0,6.0
C003,P039,Face Wash,Beauty,643.58,13.0,1.0,0,0.0
C067,P052,Tennis Racket,Sports,206.79,18.0,3.0,2,9.0
C066,P035,Air Fryer,Home,7174.95,11.0,1.0,0,5.0
C021,P012,Monitor,Electronics,83466.44,6.0,0.0,0,10.0
C131,P035,Air Fryer,Home,7174.95,9.0,2.0,0,11.0
C132,P057,Running Shoes,Sports,3751.49,16.0,1.0,0,2.0
C071,P065,Travel Diary,Books,878.93,17.0,1.0,0,11.0
C031,P038,LED Strip,Home,7265.65,14.0,0.0,0,4.0
C009,P049,Yoga Mat,Sports,5506.59,9.0,0.0,0,5.0
C059,P068,Business Strategy,Books,,9.0,0.0,0,7.0
C111,P051,Football,Sports,1718.28,8.0,2.0,2,3.0
C192,P012,Monitor,Electronics,83466.44,10.0,2.0,1,
C142,P062,Self Help Guide,Books,690.76,15.0,3.0,3,5.0
C014,P045,Shampoo,Beauty,,8.0,0.0,0,4.0
C190,P031,Cookware Set,Home,11234.24,21.0,7.0,3,9.0
C077,P001,Wireless Earbuds,Electronics,69835.88,2.0,0.0,3,9.0
C101,P049,Yoga Mat,Sports,,7.0,0.0,2,17.0
C047,P042,Sunscreen,Beauty,2097.43,16.0,4.0,0,14.0
C107,P058,Water Bladder,Sports,4613.62,4.0,0.0,0,10.0
C011,P062,Self Help Guide,Books,690.76,16.0,2.0,3,8.0
C119,P069,Poetry Collection,Books,184.44,15.0,2.0,1,13.0
C181,P017,Hoodie,Clothing,2861.01,15.0,3.0,0,5.0
C007,P017,Hoodie,Clothing,2861.01,9.0,3.0,0,5.0
C015,P055,Resistance Bands,Sports,5684.55,1.0,0.0,0,17.0
C120,P069,Poetry Collection,Books,184.44,11.0,3.0,0,2.0
C173,P036,Water Bottle,Home,3043.7,10.0,0.0,1,2.0
C171,P047,Nail Kit,Beauty,1028.95,10.0,1.0,0,11.0
C027,P041,Lipstick,Beauty,1148.16,2.0,,0,4.0
C211,P030,Vacuum Cleaner,Home,10323.97,12.0,4.0,1,7.0
C076,P020,Casual Shirt,Clothing,3230.99,3.0,1.0,0,13.0
C119,P057,Running Shoes,Sports,3751.49,7.0,0.0,0,13.0
C171,P001,Wireless Earbuds,Electronics,69835.88,11.0,4.0,0,
C079,P030,Vacuum Cleaner,Home,10323.97,6.0,2.0,2,9.0
C051,P065,Travel Diary,Books,878.93,17.0,2.0,0,10.0
C028,P054,Gym Bag,Sports,5368.08,13.0,3.0,0,14.0
C088,P046,Face Mask,Beauty,2030.43,21.0,11.0,2,5.0
C020,P047,Nail Kit,Beauty,1028.95,4.0,2.0,0,0.0
C078,P032,Cushion Cover,Home,14519.77,3.0,2.0,0,8.0
C109,P016,Denim Jeans,Clothing,1289.75,4.0,2.0,0,0.0
C195,P024,Socks Pack,Clothing,4485.98,9.0,0.0,0,6.0
C099,P016,Denim Jeans,Clothing,1289.75,11.0,3.0,0,4.0
C014,P063,Cookbook,Books,799.02,18.0,2.0,0,4.0
C153,P010,Gaming Mouse,Electronics,40973.43,13.0,1.0,0,1.0
C046,P030,Vacuum Cleaner,Home,10323.97,14.0,3.0,0,15.0
C001,P043,Hair Serum,Beauty,1779.64,9.0,0.0,0,3.0
C059,P013,Headphones,Electronics,58231.77,14.0,1.0,0,7.0
C115,P041,Lipstick,Beauty,1148.16,16.0,5.0,0,16.0
C002,P010,Gaming Mouse,Electronics,40973.43,2.0,1.0,0,11.0
C139,P032,Cushion Cover,Home,14519.77,4.0,0.0,0,5.0
C007,P049,Yoga Mat,Sports,5506.59,6.0,5.0,0,5.0
C220,P004,Power Bank,Electronics,63004.23,16.0,4.0,0,12.0
C144,P026,Raincoat,Clothing,1133.27,5.0,1.0,3,8.0
C159,P013,Headphones,Electronics,58231.77,8.0,0.0,0,11.0
C200,P016,Denim Jeans,Clothing,1289.75,1.0,0.0,0,14.0
C070,P064,History of AI,Books,1028.75,7.0,0.0,3,8.0
C062,P069,Poetry Collection,Books,184.44,1.0,0.0,0,15.0
C216,P070,Science Comics,Books,651.22,5.0,3.0,0,4.0
C081,P048,Body Lotion,Beauty,790.99,2.0,0.0,0,0.0
C116,P029,Coffee Maker,Home,2524.77,6.0,2.0,2,12.0
C082,P048,Body Lotion,Beauty,790.99,13.0,6.0,0,0.0
C154,P046,Face Mask,Beauty,2030.43,2.0,0.0,0,14.0
C076,P040,Moisturizer,Beauty,1706.55,5.0,1.0,0,13.0
C055,P050,Dumbbells,Sports,1246.06,8.0,0.0,0,12.0
C171,P015,Cotton T-Shirt,Clothing,2327.39,17.0,2.0,0,11.0
C008,P042,Sunscreen,Beauty,2097.43,10.0,0.0,0,11.0
C022,P047,Nail Kit,Beauty,1028.95,18.0,7.0,0,16.0
C176,P013,Headphones,Electronics,58231.77,1.0,0.0,0,13.0
C156,P008,Webcam,Electronics,70915.94,9.0,1.0,0,8.0
C032,P045,Shampoo,Beauty,2096.42,14.0,5.0,1,1.0
C135,P029,Coffee Maker,Home,2524.77,17.0,,3,17.0
C055,P047,Nail Kit,Beauty,1028.95,11.0,0.0,0,12.0
C217,P019,Winter Jacket,Clothing,4171.63,5.0,0.0,2,13.0
C154,P009,Tablet,Electronics,12226.74,3.0,0.0,0,
C137,P017,Hoodie,Clothing,2861.01,15.0,0.0,0,1.0
C112,P014,Portable SSD,Electronics,74189.34,10.0,2.0,0,13.0
C071,P039,Face Wash,Beauty,643.58,8.0,1.0,1,11.0
C142,P057,Running Shoes,Sports,3751.49,3.0,0.0,0,5.0
C194,P051,Football,Sports,1718.28,10.0,1.0,0,9.0
C087,P055,Resistance Bands,Sports,5684.55,4.0,0.0,0,7.0
C216,P005,Bluetooth Speaker,Electronics,9199.62,11.0,3.0,0,4.0
C043,P063,Cookbook,Books,799.02,12.0,2.0,0,6.0
C144,P020,Casual Shirt,Clothing,3230.99,7.0,1.0,0,8.0
C027,P062,Self Help Guide,Books,690.76,2.0,0.0,0,4.0
C171,P054,Gym Bag,Sports,5368.08,15.0,9.0,3,11.0
C060,P004,Power Bank,Electronics,63004.23,11.0,4.0,3,4.0
C218,P020,Casual Shirt,Clothing,3230.99,15.0,1.0,0,0.0
C176,P057,Running Shoes,Sports,3751.49,9.0,4.0,0,13.0
C025,P001,Wireless Earbuds,Electronics,69835.88,14.0,5.0,0,1.0
C149,P049,Yoga Mat,Sports,5506.59,9.0,3.0,0,9.0
C158,P063,Cookbook,Books,799.02,11.0,1.0,0,8.0
C056,P049,Yoga Mat,Sports,,7.0,0.0,0,11.0
C204,P001,Wireless Earbuds,Electronics,69835.88,7.0,0.0,0,9.0
C053,P060,Data Science Intro,Books,280.71,17.0,3.0,1,13.0
C188,P001,Wireless Earbuds,Electronics,69835.88,9.0,2.0,0,5.0
C111,P036,Water Bottle,Home,3043.7,8.0,2.0,0,3.0
C029,P051,Football,Sports,1718.28,6.0,0.0,0,2.0
C071,P050,Dumbbells,Sports,1246.06,4.0,0.0,0,11.0
C195,P010,Gaming Mouse,Electronics,40973.43,17.0,2.0,0,6.0
C154,P050,Dumbbells,Sports,1246.06,16.0,3.0,1,14.0
C136,P056,Cycling Helmet,Sports,6277.72,12.0,3.0,0,16.0
C219,P008,Webcam,Electronics,70915.94,,0.0,0,6.0
C211,P025,Belt,Clothing,3935.24,3.0,0.0,0,7.0
C101,P011,Keyboard,Electronics,33874.18,16.0,1.0,0,17.0
C089,P032,Cushion Cover,Home,14519.77,6.0,0.0,0,4.0
C160,P031,Cookware Set,Home,11234.24,8.0,1.0,0,0.0
C200,P022,Wool Sweater,Clothing,1900.72,12.0,2.0,0,14.0
C202,P039,Face Wash,Beauty,,,2.0,1,9.0
C172,P058,Water Bladder,Sports,4613.62,16.0,6.0,0,8.0
C183,P036,Water Bottle,Home,3043.7,8.0,0.0,0,2.0
C023,P008,Webcam,Electronics,,1.0,0.0,1,16.0
C001,P051,Football,Sports,1718.28,8.0,1.0,0,3.0
C071,P063,Cookbook,Books,,5.0,0.0,2,11.0
C155,P059,Python Basics,Books,309.77,14.0,4.0,2,1.0
C068,P066,Short Stories,Books,785.62,11.0,2.0,3,17.0
C047,P036,Water Bottle,Home,3043.7,9.0,0.0,0,14.0
C053,P018,Sneakers,Clothing,505.32,7.0,1.0,0,13.0
C129,P020,Casual Shirt,Clothing,3230.99,12.0,2.0,0,17.0
C080,P016,Denim Jeans,Clothing,1289.75,5.0,1.0,0,1.0
C130,P065,Travel Diary,Books,878.93,9.0,2.0,0,14.0
C017,P056,Cycling Helmet,Sports,6277.72,10.0,0.0,0,5.0
C166,P020,Casual Shirt,Clothing,3230.99,9.0,0.0,0,10.0
C111,P019,Winter Jacket,Clothing,4171.63,14.0,3.0,3,3.0
C028,P050,Dumbbells,Sports,1246.06,8.0,1.0,0,14.0
C093,P061,Mystery Novel,Books,917.66,5.0,2.0,0,8.0
C032,P028,Bedsheet Set,Home,895.11,2.0,0.0,0,1.0
C189,P014,Portable SSD,Electronics,74189.34,14.0,1.0,0,14.0
C191,P008,Webcam,Electronics,70915.94,6.0,0.0,1,1.0
C043,P063,Cookbook,Books,799.02,15.0,2.0,3,6.0
C189,P012,Monitor,Electronics,83466.44,7.0,2.0,0,14.0
C164,P059,Python Basics,Books,309.77,1.0,0.0,3,3.0
C091,P067,Kids Picture Book,Books,792.09,,3.0,2,14.0
C219,P051,Football,Sports,1718.28,1.0,0.0,0,
C210,P032,Cushion Cover,Home,14519.77,8.0,3.0,0,16.0
C125,P062,Self Help Guide,Books,690.76,2.0,0.0,0,4.0
C207,P051,Football,Sports,1718.28,3.0,0.0,0,6.0
C208,P009,Tablet,Electronics,12226.74,3.0,0.0,0,4.0
C110,P064,History of AI,Books,1028.75,5.0,0.0,0,12.0
C093,P064,History of AI,Books,1028.75,13.0,7.0,0,8.0
C101,P038,LED Strip,,7265.65,1.0,0.0,3,17.0
C199,P020,Casual Shirt,Clothing,3230.99,3.0,0.0,0,11.0
C092,P006,Smartwatch,Electronics,87824.51,,0.0,0,7.0
C081,P056,Cycling Helmet,Sports,6277.72,15.0,1.0,0,
C067,P065,Travel Diary,Books,878.93,4.0,0.0,0,9.0
C075,P033,Wall Clock,Home,5054.92,3.0,0.0,0,0.0
C024,P031,Cookware Set,,11234.24,12.0,1.0,2,17.0
C065,P022,Wool Sweater,Clothing,,16.0,1.0,0,2.0
C132,P032,Cushion Cover,Home,14519.77,5.0,0.0,0,2.0
C168,P007,USB-C Hub,Electronics,68692.66,5.0,0.0,0,0.0
C022,P063,Cookbook,Books,799.02,11.0,2.0,0,16.0
C095,P057,Running Shoes,Sports,3751.49,,0.0,3,15.0
C217,P022,Wool Sweater,Clothing,1900.72,9.0,0.0,0,13.0
C198,P032,Cushion Cover,Home,14519.77,15.0,4.0,1,9.0
C130,P005,Bluetooth Speaker,Electronics,9199.62,9.0,5.0,0,14.0
C135,P009,Tablet,Electronics,12226.74,11.0,1.0,0,17.0
C046,P059,Python Basics,Books,309.77,6.0,0.0,0,
C115,P069,Poetry Collection,Books,184.44,12.0,1.0,2,16.0
C128,P068,Business Strategy,Books,498.54,17.0,6.0,3,16.0
C057,P051,Football,Sports,1718.28,14.0,1.0,0,11.0
C069,P024,Socks Pack,Clothing,4485.98,12.0,0.0,0,8.0
C077,P047,Nail Kit,Beauty,1028.95,16.0,8.0,0,9.0
C099,P012,Monitor,Electronics,83466.44,13.0,0.0,0,4.0
C125,P001,Wireless Earbuds,Electronics,69835.88,2.0,0.0,0,4.0
C160,P068,Business Strategy,Books,498.54,15.0,1.0,0,0.0
C111,P030,Vacuum Cleaner,Home,10323.97,11.0,2.0,0,3.0
C165,P030,Vacuum Cleaner,Home,10323.97,2.0,0.0,1,2.0
C070,P068,Business Strategy,Books,498.54,5.0,2.0,0,8.0
C065,P064,History of AI,Books,1028.75,11.0,3.0,0,2.0
C162,P027,Table Lamp,Home,7133.13,4.0,0.0,0,12.0
C029,P040,Moisturizer,Beauty,1706.55,3.0,0.0,0,2.0
C212,P033,Wall Clock,Home,5054.92,9.0,5.0,0,15.0
C019,P070,Science Comics,Books,651.22,14.0,2.0,3,15.0
C092,P005,Bluetooth Speaker,Electronics,9199.62,5.0,2.0,0,7.0
C011,P043,Hair Serum,Beauty,1779.64,9.0,0.0,0,8.0
C218,P019,Winter Jacket,Clothing,4171.63,8.0,1.0,0,0.0
C032,P036,Water Bottle,Home,3043.7,6.0,2.0,0,1.0
C147,P031,Cookware Set,Home,11234.24,3.0,1.0,0,2.0
C157,P047,Nail Kit,Beauty,,17.0,3.0,0,3.0
C040,P022,Wool Sweater,Clothing,1900.72,12.0,0.0,1,17.0
C091,P049,Yoga Mat,Sports,5506.59,2.0,0.0,0,14.0
C134,P007,USB-C Hub,Electronics,68692.66,9.0,1.0,0,15.0
C057,P056,Cycling Helmet,Sports,6277.72,8.0,1.0,0,11.0
C172,P042,Sunscreen,Beauty,2097.43,6.0,1.0,1,8.0
C070,P060,Data Science Intro,Books,280.71,16.0,1.0,0,8.0
C162,P063,Cookbook,Books,799.02,15.0,2.0,0,12.0
C175,P015,Cotton T-Shirt,Clothing,2327.39,11.0,,0,16.0
C081,P013,Headphones,Electronics,58231.77,13.0,0.0,0,0.0
C199,P023,Cap,Clothing,4858.35,14.0,0.0,0,11.0
C123,P021,Sports Shorts,Clothing,3837.82,14.0,1.0,0,16.0
C059,P048,Body Lotion,Beauty,790.99,4.0,1.0,0,7.0
C077,P047,Nail Kit,Beauty,1028.95,17.0,8.0,0,9.0
C099,P019,Winter Jacket,Clothing,4171.63,12.0,2.0,0,4.0
C113,P007,USB-C Hub,Electronics,68692.66,17.0,3.0,0,1.0
C098,P058,Water Bladder,Sports,4613.62,16.0,7.0,1,2.0
C015,P065,Travel Diary,Books,878.93,5.0,1.0,0,17.0
C014,P060,Data Science Intro,Books,280.71,11.0,0.0,0,4.0
C146,P014,Portable SSD,Electronics,74189.34,17.0,7.0,0,15.0
C007,P029,Coffee Maker,Home,2524.77,17.0,2.0,0,5.0
C121,P066,Short Stories,Books,785.62,11.0,4.0,2,2.0
C142,P014,Portable SSD,Electronics,74189.34,3.0,1.0,0,5.0
C029,P009,Tablet,Electronics,12226.74,7.0,1.0,0,
C021,P014,Portable SSD,Electronics,74189.34,17.0,0.0,3,10.0
C137,P023,Cap,Clothing,4858.35,10.0,2.0,0,1.0
C204,P068,Business Strategy,Books,498.54,10.0,2.0,0,9.0
C220,P010,Gaming Mouse,Electronics,40973.43,13.0,,0,12.0
C154,P023,Cap,Clothing,,12.0,0.0,0,14.0
C137,P004,Power Bank,Electronics,63004.23,3.0,1.0,0,1.0
C139,P068,Business Strategy,Books,498.54,2.0,0.0,0,5.0
C032,P067,Kids Picture Book,Books,792.09,21.0,14.0,3,1.0
C055,P065,Travel Diary,Books,878.93,3.0,0.0,0,
C016,P021,Sports Shorts,Clothing,3837.82,16.0,7.0,2,7.0
C011,P019,Winter Jacket,Clothing,4171.63,17.0,6.0,1,8.0
C161,P004,Power Bank,Electronics,63004.23,6.0,1.0,2,14.0
C046,P016,Denim Jeans,Clothing,1289.75,18.0,13.0,2,15.0
C112,P065,Travel Diary,Books,878.93,11.0,3.0,0,13.0
C079,P065,Travel Diary,Books,878.93,10.0,1.0,0,9.0
C196,P021,Sports Shorts,,3837.82,17.0,1.0,0,9.0
C111,P001,Wireless Earbuds,Electronics,69835.88,16.0,3.0,0,3.0
C056,P007,USB-C Hub,Electronics,68692.66,12.0,1.0,1,11.0
C077,P035,Air Fryer,Home,7174.95,11.0,2.0,0,9.0
C143,P024,Socks Pack,Clothing,4485.98,4.0,2.0,2,16.0
C193,P068,Business Strategy,Books,498.54,16.0,3.0,2,4.0
C196,P057,Running Shoes,Sports,3751.49,12.0,1.0,1,9.0
C056,P018,Sneakers,Clothing,505.32,8.0,0.0,0,11.0
C166,P052,Tennis Racket,Sports,206.79,17.0,2.0,0,10.0
C082,P022,Wool Sweater,Clothing,1900.72,2.0,1.0,0,0.0
C100,P034,Storage Box,Home,5713.28,19.0,6.0,2,2.0
C208,P050,Dumbbells,Sports,1246.06,12.0,2.0,0,4.0
C050,P009,Tablet,Electronics,12226.74,12.0,0.0,0,13.0
C118,P005,Bluetooth Speaker,Electronics,9199.62,12.0,4.0,0,8.0
C204,P045,Shampoo,Beauty,2096.42,1.0,0.0,0,9.0
C013,P009,Tablet,Electronics,12226.74,,2.0,0,1.0
C043,P034,Storage Box,Home,5713.28,6.0,0.0,0,6.0
C150,P049,Yoga Mat,Sports,5506.59,6.0,1.0,0,17.0
C171,P030,Vacuum Cleaner,Home,10323.97,7.0,3.0,0,11.0
C122,P007,USB-C Hub,Electronics,68692.66,14.0,,0,6.0
C056,P016,Denim Jeans,Clothing,1289.75,11.0,,2,11.0
C097,P007,USB-C Hub,Electronics,68692.66,,3.0,0,5.0
C124,P021,Sports Shorts,Clothing,3837.82,10.0,6.0,1,4.0
C191,P049,Yoga Mat,Sports,5506.59,12.0,1.0,0,1.0
C011,P004,Power Bank,Electronics,63004.23,12.0,2.0,0,8.0
C211,P005,Bluetooth Speaker,Electronics,9199.62,12.0,1.0,2,
C192,P032,Cushion Cover,Home,14519.77,12.0,1.0,0,2.0
C041,P068,Business Strategy,Books,498.54,13.0,0.0,0,8.0
C029,P011,Keyboard,Electronics,33874.18,17.0,0.0,0,2.0
C093,P033,Wall Clock,Home,5054.92,11.0,2.0,1,8.0
C070,P031,Cookware Set,Home,11234.24,10.0,1.0,1,8.0
C107,P031,Cookware Set,Home,11234.24,,2.0,0,10.0
C155,P009,Tablet,Electronics,12226.74,13.0,1.0,2,1.0
C091,P034,Storage Box,Home,5713.28,1.0,0.0,0,14.0
C131,P008,Webcam,Electronics,70915.94,1.0,0.0,0,11.0
C139,P061,Mystery Novel,Books,917.66,11.0,1.0,0,5.0
C097,P004,Power Bank,Electronics,,15.0,3.0,0,5.0
C026,P011,Keyboard,Electronics,33874.18,14.0,0.0,0,10.0
C166,P044,Perfume,Beauty,848.68,2.0,0.0,0,10.0
C188,P015,Cotton T-Shirt,Clothing,,7.0,0.0,0,5.0
C205,P018,Sneakers,Clothing,505.32,7.0,0.0,0,2.0
C214,P031,Cookware Set,Home,11234.24,14.0,6.0,0,1.0
C054,P046,Face Mask,Beauty,2030.43,1.0,1.0,0,12.0
C183,P035,Air Fryer,Home,7174.95,15.0,5.0,0,2.0
C163,P061,Mystery Novel,Books,917.66,21.0,7.0,0,16.0
C129,P042,Sunscreen,Beauty,2097.43,7.0,1.0,0,17.0
C220,P058,Water Bladder,Sports,4613.62,6.0,1.0,2,12.0
C179,P041,Lipstick,Beauty,1148.16,9.0,0.0,0,6.0
C030,P011,Keyboard,Electronics,33874.18,15.0,2.0,1,7.0
C120,P070,Science Comics,Books,651.22,16.0,2.0,3,2.0
C182,P062,Self Help Guide,Books,690.76,7.0,0.0,2,12.0
C117,P008,Webcam,Electronics,70915.94,3.0,0.0,0,5.0
C043,P024,Socks Pack,Clothing,4485.98,,0.0,1,6.0
C044,P066,Short Stories,Books,785.62,15.0,4.0,0,2.0
C105,P023,Cap,Clothing,4858.35,8.0,2.0,1,17.0
C148,P011,Keyboard,Electronics,33874.18,8.0,2.0,1,15.0
C169,P008,Webcam,Electronics,70915.94,15.0,5.0,3,17.0
C127,P070,Science Comics,Books,651.22,17.0,6.0,0,17.0
C076,P063,Cookbook,Books,799.02,21.0,7.0,0,13.0
C090,P009,Tablet,Electronics,12226.74,10.0,3.0,2,14.0
C098,P005,Bluetooth Speaker,Electronics,9199.62,,2.0,0,2.0
C087,P063,Cookbook,Books,799.02,17.0,5.0,3,7.0
C177,P019,Winter Jacket,Clothing,,6.0,0.0,3,15.0
C181,P061,Mystery Novel,Books,917.66,2.0,1.0,0,5.0
C122,P009,Tablet,Electronics,12226.74,6.0,1.0,2,6.0
C214,P008,Webcam,Electronics,70915.94,17.0,6.0,0,1.0
C099,P037,Desk Organizer,Home,2165.34,13.0,6.0,3,4.0
C152,P046,Face Mask,Beauty,2030.43,3.0,0.0,0,8.0
C120,P036,Water Bottle,Home,3043.7,18.0,9.0,0,2.0
C110,P005,Bluetooth Speaker,Electronics,9199.62,14.0,2.0,1,
C165,P069,Poetry Collection,Books,184.44,6.0,1.0,0,2.0
C155,P008,Webcam,Electronics,70915.94,17.0,6.0,0,1.0
C051,P012,Monitor,Electronics,83466.44,17.0,2.0,0,10.0
C015,P020,Casual Shirt,Clothing,3230.99,12.0,5.0,0,17.0
C048,P003,Laptop,Electronics,77385.93,5.0,1.0,0,1.0
C087,P013,Headphones,Electronics,58231.77,6.0,0.0,0,7.0
C202,P053,Skipping Rope,Sports,6326.36,14.0,2.0,0,9.0
C120,P006,Smartwatch,Electronics,87824.51,6.0,1.0,0,2.0
C032,P024,Socks Pack,Clothing,4485.98,13.0,2.0,0,1.0
C188,P052,Tennis Racket,Sports,206.79,8.0,0.0,0,5.0
C087,P058,Water Bladder,Sports,4613.62,15.0,4.0,1,7.0
C031,P015,Cotton T-Shirt,Clothing,2327.39,2.0,0.0,0,4.0
C092,P067,Kids Picture Book,Books,792.09,19.0,5.0,0,7.0
C198,P050,Dumbbells,Sports,1246.06,11.0,3.0,3,9.0
C148,P063,Cookbook,Books,799.02,11.0,2.0,0,15.0
C202,P002,Smartphone,Electronics,39946.96,4.0,1.0,0,9.0
C148,P036,Water Bottle,Home,3043.7,13.0,7.0,0,15.0
C076,P007,USB-C Hub,Electronics,68692.66,5.0,1.0,0,13.0
C020,P058,Water Bladder,Sports,4613.62,11.0,1.0,3,0.0
C145,P065,Travel Diary,Books,878.93,9.0,4.0,2,3.0
C085,P043,Hair Serum,Beauty,1779.64,10.0,1.0,1,2.0
C100,P027,Table Lamp,Home,7133.13,9.0,3.0,0,2.0
C026,P043,Hair Serum,Beauty,1779.64,16.0,3.0,3,10.0
C094,P063,Cookbook,Books,799.02,11.0,2.0,3,12.0
C063,P046,Face Mask,Beauty,2030.43,2.0,,0,8.0
C127,P033,Wall Clock,Home,5054.92,16.0,5.0,0,17.0
C123,P070,Science Comics,Books,651.22,14.0,0.0,1,16.0
C131,P062,Self Help Guide,Books,,6.0,0.0,2,11.0
C042,P002,Smartphone,Electronics,39946.96,14.0,1.0,0,2.0
C130,P027,Table Lamp,Home,7133.13,7.0,0.0,0,14.0
C132,P051,Football,Sports,1718.28,10.0,0.0,0,2.0
C176,P028,Bedsheet Set,Home,895.11,13.0,3.0,0,13.0
C141,P022,Wool Sweater,Clothing,1900.72,5.0,2.0,0,0.0
C008,P013,Headphones,Electronics,58231.77,6.0,1.0,0,11.0
C083,P046,Face Mask,Beauty,2030.43,11.0,0.0,0,15.0
C198,P032,Cushion Cover,Home,14519.77,15.0,4.0,1,9.0
C186,P039,Face Wash,Beauty,643.58,7.0,1.0,0,16.0
C169,P003,Laptop,Electronics,77385.93,17.0,0.0,3,17.0
C208,P028,Bedsheet Set,Home,895.11,10.0,2.0,0,4.0
C008,P048,Body Lotion,Beauty,790.99,6.0,1.0,0,11.0
C130,P009,Tablet,Electronics,12226.74,17.0,2.0,0,14.0
C217,P004,Power Bank,Electronics,63004.23,5.0,1.0,0,13.0
C175,P036,Water Bottle,Home,3043.7,15.0,4.0,2,16.0
C139,P005,Bluetooth Speaker,Electronics,9199.62,11.0,1.0,0,5.0
C127,P014,Portable SSD,Electronics,74189.34,1.0,0.0,0,17.0
C211,P041,Lipstick,Beauty,1148.16,1.0,0.0,0,7.0
C101,P041,Lipstick,Beauty,1148.16,16.0,1.0,0,17.0
C217,P039,Face Wash,Beauty,643.58,16.0,4.0,0,
C136,P035,Air Fryer,Home,,9.0,2.0,0,16.0
C144,P027,Table Lamp,Home,7133.13,15.0,2.0,0,8.0
C110,P066,Short Stories,Books,785.62,10.0,1.0,0,12.0
C075,P010,Gaming Mouse,Electronics,40973.43,1.0,0.0,0,0.0
C197,P018,Sneakers,Clothing,505.32,12.0,0.0,1,12.0
C203,P039,Face Wash,Beauty,643.58,7.0,1.0,0,11.0
C074,P035,Air Fryer,Home,7174.95,3.0,0.0,0,6.0
C142,P006,Smartwatch,Electronics,87824.51,6.0,0.0,0,5.0
C179,P062,Self Help Guide,Books,690.76,12.0,1.0,0,6.0
C176,P036,Water Bottle,,3043.7,16.0,5.0,0,13.0
C154,P040,Moisturizer,,1706.55,13.0,1.0,0,14.0
C178,P026,Raincoat,Clothing,1133.27,21.0,8.0,2,9.0
C013,P041,Lipstick,Beauty,1148.16,5.0,1.0,1,1.0
C011,P015,Cotton T-Shirt,Clothing,2327.39,8.0,1.0,0,8.0
C028,P041,Lipstick,Beauty,1148.16,8.0,,0,14.0
C072,P042,Sunscreen,Beauty,2097.43,4.0,0.0,0,15.0
C116,P065,Travel Diary,Books,878.93,8.0,2.0,0,12.0
C023,P022,Wool Sweater,Clothing,1900.72,,0.0,0,16.0
C163,P036,Water Bottle,Home,3043.7,12.0,1.0,0,16.0
C042,P051,Football,Sports,1718.28,4.0,0.0,0,2.0
C058,P018,Sneakers,Clothing,505.32,4.0,0.0,0,2.0
C105,P043,Hair Serum,Beauty,1779.64,19.0,5.0,1,17.0
C128,P028,Bedsheet Set,Home,895.11,16.0,1.0,3,16.0
C177,P003,Laptop,Electronics,77385.93,1.0,0.0,0,15.0
C001,P061,Mystery Novel,Books,917.66,7.0,3.0,0,3.0
C118,P057,Running Shoes,Sports,3751.49,15.0,5.0,0,8.0
C161,P052,Tennis Racket,Sports,206.79,10.0,2.0,0,14.0
C152,P061,Mystery Novel,Books,917.66,,1.0,0,8.0
C160,P051,Football,Sports,1718.28,12.0,1.0,0,0.0
C082,P040,Moisturizer,Beauty,1706.55,18.0,5.0,3,0.0
C136,P004,Power Bank,Electronics,63004.23,6.0,2.0,0,16.0
C165,P067,Kids Picture Book,Books,792.09,4.0,1.0,0,2.0
C205,P068,Business Strategy,Books,498.54,10.0,2.0,0,2.0
C093,P031,Cookware Set,Home,11234.24,4.0,0.0,0,8.0
C180,P056,Cycling Helmet,Sports,6277.72,4.0,0.0,0,7.0
C027,P035,Air Fryer,Home,7174.95,3.0,0.0,0,4.0
C164,P065,Travel Diary,Books,878.93,2.0,0.0,0,3.0
C023,P003,Laptop,Electronics,77385.93,13.0,1.0,2,16.0
C001,P065,Travel Diary,Books,878.93,17.0,4.0,3,3.0
C043,P001,Wireless Earbuds,Electronics,69835.88,11.0,3.0,1,6.0
C205,P052,Tennis Racket,Sports,206.79,21.0,1.0,3,2.0
C175,P036,Water Bottle,Home,3043.7,7.0,1.0,0,16.0
C200,P062,Self Help Guide,Books,690.76,14.0,3.0,0,14.0
C098,P024,Socks Pack,Clothing,4485.98,17.0,5.0,3,2.0
C124,P019,Winter Jacket,Clothing,4171.63,10.0,1.0,0,4.0
C036,P018,Sneakers,Clothing,505.32,19.0,4.0,2,12.0
C214,P055,Resistance Bands,Sports,5684.55,8.0,5.0,0,1.0
C060,P018,Sneakers,Clothing,505.32,7.0,1.0,0,
C174,P054,Gym Bag,Sports,5368.08,5.0,0.0,0,
C131,P014,Portable SSD,Electronics,74189.34,14.0,2.0,3,11.0
C145,P021,Sports Shorts,Clothing,3837.82,18.0,8.0,0,3.0
C130,P022,Wool Sweater,Clothing,1900.72,1.0,0.0,0,14.0
C125,P009,Tablet,Electronics,12226.74,4.0,2.0,0,4.0
C036,P056,Cycling Helmet,Sports,6277.72,14.0,2.0,1,12.0
C161,P050,Dumbbells,Sports,1246.06,11.0,0.0,3,14.0
C013,P048,Body Lotion,Beauty,790.99,15.0,1.0,0,1.0
C124,P052,Tennis Racket,Sports,206.79,12.0,2.0,0,4.0
C193,P004,Power Bank,Electronics,63004.23,7.0,0.0,0,4.0
C106,P051,Football,Sports,1718.28,14.0,2.0,2,4.0
C136,P055,Resistance Bands,Sports,5684.55,10.0,1.0,0,16.0
C115,P046,Face Mask,Beauty,2030.43,9.0,3.0,2,16.0
C211,P016,Denim Jeans,Clothing,1289.75,7.0,0.0,0,7.0
C170,P053,Skipping Rope,Sports,6326.36,17.0,2.0,3,3.0
C092,P037,Desk Organizer,Home,,15.0,1.0,1,7.0
C207,P046,Face Mask,Beauty,2030.43,12.0,0.0,0,6.0
C092,P070,Science Comics,Books,651.22,21.0,3.0,1,7.0
C122,P054,Gym Bag,Sports,5368.08,10.0,1.0,0,6.0
C204,P039,Face Wash,Beauty,643.58,6.0,0.0,0,9.0
C176,P060,Data Science Intro,Books,280.71,17.0,1.0,0,13.0
C128,P067,Kids Picture Book,Books,792.09,3.0,0.0,0,16.0
C041,P015,Cotton T-Shirt,Clothing,2327.39,12.0,0.0,2,8.0
C027,P023,Cap,Clothing,4858.35,6.0,1.0,0,4.0
C075,P006,Smartwatch,Electronics,87824.51,9.0,0.0,0,0.0
C166,P002,Smartphone,Electronics,39946.96,15.0,2.0,0,10.0
C049,P014,Portable SSD,Electronics,74189.34,14.0,7.0,1,11.0
C151,P036,Water Bottle,Home,3043.7,6.0,1.0,0,14.0
C136,P009,Tablet,Electronics,12226.74,9.0,0.0,0,16.0
C049,P009,Tablet,Electronics,12226.74,,5.0,1,11.0
C057,P060,Data Science Intro,Books,280.71,3.0,0.0,2,11.0
C098,P041,Lipstick,Beauty,1148.16,4.0,0.0,0,2.0
C216,P013,Headphones,Electronics,58231.77,2.0,2.0,0,4.0
C019,P063,Cookbook,Books,799.02,8.0,2.0,0,15.0
C177,P064,History of AI,Books,1028.75,6.0,1.0,0,15.0
C071,P039,Face Wash,Beauty,643.58,15.0,8.0,3,11.0
C040,P067,Kids Picture Book,Books,792.09,13.0,3.0,0,17.0
C106,P038,LED Strip,Home,7265.65,1.0,,0,4.0
C203,P031,Cookware Set,Home,11234.24,17.0,7.0,3,11.0
C125,P037,Desk Organizer,Home,2165.34,3.0,0.0,0,4.0
C063,P060,Data Science Intro,Books,280.71,5.0,1.0,0,8.0
C044,P004,Power Bank,Electronics,63004.23,13.0,2.0,0,2.0
C147,P033,Wall Clock,Home,5054.92,9.0,1.0,0,2.0
C159,P070,Science Comics,Books,651.22,6.0,0.0,0,11.0
C057,P020,Casual Shirt,Clothing,,9.0,5.0,3,11.0
C121,P050,Dumbbells,Sports,1246.06,14.0,2.0,0,2.0
C206,P015,Cotton T-Shirt,Clothing,2327.39,12.0,2.0,1,8.0
C114,P042,Sunscreen,Beauty,2097.43,14.0,1.0,0,15.0
C175,P029,Coffee Maker,Home,2524.77,15.0,3.0,0,16.0
C112,P011,Keyboard,Electronics,33874.18,7.0,1.0,0,13.0
C099,P021,Sports Shorts,Clothing,,1.0,0.0,0,4.0
C016,P033,Wall Clock,Home,5054.92,6.0,2.0,0,
C014,P051,Football,Sports,1718.28,5.0,0.0,0,4.0
C150,P027,Table Lamp,Home,7133.13,9.0,1.0,0,17.0
C058,P063,Cookbook,Books,799.02,17.0,1.0,1,2.0
C137,P023,Cap,Clothing,4858.35,11.0,2.0,0,1.0
C160,P007,USB-C Hub,Electronics,68692.66,8.0,1.0,0,0.0
C097,P003,Laptop,Electronics,77385.93,2.0,0.0,0,5.0
C199,P053,Skipping Rope,Sports,6326.36,20.0,1.0,0,11.0
C023,P025,Belt,Clothing,3935.24,2.0,1.0,2,16.0
C012,P062,Self Help Guide,Books,690.76,11.0,1.0,0,9.0
C110,P046,Face Mask,Beauty,2030.43,2.0,1.0,3,
C029,P044,Perfume,Beauty,848.68,14.0,1.0,0,2.0
C002,P023,Cap,Clothing,4858.35,16.0,2.0,0,11.0
C165,P060,Data Science Intro,Books,280.71,3.0,1.0,0,2.0
C104,P037,Desk Organizer,Home,2165.34,6.0,2.0,0,2.0
C218,P011,Keyboard,,33874.18,9.0,0.0,1,0.0
C189,P001,Wireless Earbuds,Electronics,69835.88,15.0,1.0,0,14.0
C101,P022,Wool Sweater,Clothing,1900.72,7.0,1.0,0,17.0
C104,P066,Short Stories,Books,785.62,14.0,1.0,0,2.0
C218,P063,Cookbook,Books,799.02,20.0,4.0,1,0.0
C104,P010,Gaming Mouse,,,7.0,1.0,0,2.0
C133,P063,Cookbook,Books,799.02,1.0,0.0,0,11.0
C001,P036,Water Bottle,Home,3043.7,17.0,2.0,0,3.0
C167,P045,Shampoo,Beauty,2096.42,17.0,2.0,1,11.0
C040,P047,Nail Kit,Beauty,,15.0,0.0,3,17.0
C202,P039,Face Wash,Beauty,643.58,17.0,2.0,0,9.0
C209,P056,Cycling Helmet,Sports,6277.72,1.0,1.0,0,16.0
C170,P023,Cap,Clothing,4858.35,11.0,1.0,0,3.0
C187,P029,Coffee Maker,Home,2524.77,3.0,0.0,0,9.0
C174,P063,Cookbook,Books,799.02,13.0,1.0,2,14.0
C028,P010,Gaming Mouse,Electronics,40973.43,1.0,0.0,0,14.0
C145,P014,Portable SSD,Electronics,74189.34,13.0,2.0,0,3.0
C046,P002,Smartphone,Electronics,39946.96,9.0,0.0,0,15.0
C103,P013,Headphones,Electronics,58231.77,12.0,5.0,0,13.0
C121,P024,Socks Pack,Clothing,4485.98,1.0,0.0,0,2.0
C176,P033,Wall Clock,Home,5054.92,12.0,4.0,0,13.0
C002,P043,Hair Serum,Beauty,1779.64,2.0,0.0,0,11.0
C188,P032,Cushion Cover,Home,14519.77,4.0,0.0,0,5.0
C207,P026,Raincoat,Clothing,1133.27,,1.0,0,6.0
C064,P049,Yoga Mat,Sports,5506.59,12.0,1.0,0,3.0
C040,P025,Belt,Clothing,3935.24,14.0,3.0,0,17.0
C125,P035,Air Fryer,Home,7174.95,4.0,0.0,0,4.0
C039,P052,Tennis Racket,Sports,206.79,15.0,2.0,0,16.0
C021,P045,Shampoo,Beauty,2096.42,4.0,0.0,0,10.0
C051,P024,Socks Pack,Clothing,4485.98,7.0,2.0,1,10.0
C128,P070,Science Comics,Books,651.22,,2.0,0,16.0
C150,P028,Bedsheet Set,Home,895.11,7.0,0.0,1,17.0
C108,P045,Shampoo,Beauty,2096.42,15.0,0.0,0,12.0
C108,P054,Gym Bag,Sports,5368.08,19.0,2.0,0,12.0
C013,P048,Body Lotion,Beauty,790.99,9.0,3.0,3,1.0
C069,P042,Sunscreen,Beauty,2097.43,12.0,1.0,2,8.0
C074,P022,Wool Sweater,Clothing,1900.72,17.0,0.0,0,6.0
C173,P056,Cycling Helmet,Sports,6277.72,13.0,3.0,3,2.0
C040,P066,Short Stories,Books,785.62,18.0,4.0,2,17.0
C062,P063,Cookbook,Books,799.02,2.0,1.0,0,15.0
C124,P048,Body Lotion,Beauty,790.99,17.0,3.0,0,4.0
C109,P018,Sneakers,Clothing,505.32,15.0,5.0,1,0.0
C047,P036,Water Bottle,Home,3043.7,9.0,0.0,0,14.0
C100,P021,Sports Shorts,Clothing,3837.82,11.0,0.0,0,2.0
C148,P054,Gym Bag,Sports,5368.08,5.0,1.0,1,15.0
C005,P022,Wool Sweater,Clothing,1900.72,8.0,0.0,2,2.0
C132,P036,Water Bottle,Home,3043.7,16.0,5.0,0,2.0
C065,P017,Hoodie,Clothing,2861.01,5.0,0.0,0,2.0
C192,P011,Keyboard,Electronics,33874.18,13.0,1.0,1,2.0
C100,P062,Self Help Guide,Books,690.76,6.0,,0,2.0
C112,P012,Monitor,Electronics,83466.44,3.0,1.0,0,13.0
C183,P009,Tablet,Electronics,12226.74,5.0,3.0,0,2.0
C148,P033,Wall Clock,Home,5054.92,15.0,3.0,0,15.0
C181,P014,Portable SSD,Electronics,74189.34,6.0,0.0,0,5.0
C161,P053,Skipping Rope,Sports,,2.0,0.0,0,14.0
C108,P036,Water Bottle,Home,3043.7,17.0,6.0,1,12.0
C108,P023,Cap,Clothing,,5.0,1.0,0,12.0
C200,P002,Smartphone,Electronics,39946.96,14.0,1.0,1,14.0
C147,P015,Cotton T-Shirt,Clothing,2327.39,17.0,1.0,0,2.0
C085,P029,Coffee Maker,Home,2524.77,17.0,2.0,0,2.0
C136,P044,Perfume,Beauty,848.68,16.0,5.0,2,16.0
C142,P060,Data Science Intro,Books,280.71,2.0,0.0,0,5.0
C121,P066,Short Stories,Books,785.62,3.0,0.0,0,2.0
C028,P044,Perfume,Beauty,848.68,12.0,0.0,0,14.0
C197,P050,Dumbbells,Sports,1246.06,13.0,3.0,1,12.0
C127,P070,Science Comics,Books,651.22,10.0,3.0,3,17.0
C113,P060,Data Science Intro,Books,280.71,6.0,0.0,3,1.0
C041,P028,Bedsheet Set,Home,895.11,5.0,2.0,0,8.0
C084,P052,Tennis Racket,Sports,206.79,21.0,9.0,0,1.0
C166,P059,Python Basics,Books,309.77,16.0,7.0,1,10.0
C212,P005,Bluetooth Speaker,Electronics,9199.62,16.0,8.0,3,15.0
C157,P053,Skipping Rope,Sports,6326.36,6.0,1.0,1,3.0
C145,P001,Wireless Earbuds,Electronics,69835.88,1.0,0.0,1,3.0
C170,P052,Tennis Racket,Sports,206.79,6.0,1.0,0,3.0
C095,P053,Skipping Rope,Sports,6326.36,11.0,1.0,0,15.0
C108,P010,Gaming Mouse,Electronics,40973.43,8.0,1.0,0,12.0
C143,P064,History of AI,Books,1028.75,17.0,8.0,2,16.0
C005,P013,Headphones,Electronics,58231.77,3.0,0.0,0,2.0
C156,P034,Storage Box,Home,5713.28,5.0,0.0,0,
C096,P070,Science Comics,Books,651.22,14.0,1.0,0,15.0
C099,P012,Monitor,Electronics,83466.44,10.0,2.0,0,4.0
C067,P018,Sneakers,Clothing,505.32,10.0,1.0,0,9.0
C146,P067,Kids Picture Book,Books,792.09,4.0,1.0,0,15.0
C146,P029,Coffee Maker,Home,2524.77,,0.0,0,15.0
C062,P018,Sneakers,Clothing,505.32,13.0,2.0,1,15.0
C174,P065,Travel Diary,Books,878.93,15.0,4.0,1,14.0
C213,P035,Air Fryer,Home,7174.95,15.0,5.0,0,10.0
C002,P033,Wall Clock,Home,5054.92,21.0,4.0,2,11.0
C174,P062,Self Help Guide,Books,690.76,13.0,0.0,0,14.0
C039,P067,Kids Picture Book,Books,792.09,10.0,2.0,0,16.0
C144,P070,Science Comics,Books,651.22,8.0,0.0,0,8.0
C191,P068,Business Strategy,Books,498.54,3.0,1.0,0,1.0
C002,P027,Table Lamp,Home,7133.13,8.0,,1,
C047,P044,Perfume,Beauty,848.68,3.0,0.0,0,14.0
C157,P007,USB-C Hub,Electronics,68692.66,15.0,2.0,0,3.0
C179,P054,Gym Bag,Sports,5368.08,10.0,0.0,0,6.0
C066,P009,Tablet,Electronics,12226.74,3.0,0.0,0,5.0
C171,P048,Body Lotion,Beauty,790.99,6.0,1.0,0,11.0
C147,P056,Cycling Helmet,Sports,,11.0,3.0,0,2.0
C121,P006,Smartwatch,Electronics,87824.51,10.0,1.0,0,2.0
C151,P024,Socks Pack,Clothing,4485.98,19.0,,3,14.0
C186,P009,Tablet,Electronics,12226.74,17.0,1.0,0,16.0
C094,P017,Hoodie,Clothing,2861.01,5.0,2.0,0,
C211,P041,Lipstick,Beauty,1148.16,1.0,0.0,3,7.0
C116,P012,Monitor,Electronics,83466.44,15.0,2.0,0,12.0
C143,P006,Smartwatch,Electronics,87824.51,,2.0,1,16.0
C020,P033,Wall Clock,Home,5054.92,16.0,1.0,0,0.0
C055,P001,Wireless Earbuds,Electronics,69835.88,,1.0,3,12.0
C019,P062,Self Help Guide,Books,690.76,8.0,1.0,0,15.0
C158,P016,Denim Jeans,Clothing,1289.75,14.0,3.0,3,8.0
C084,P005,Bluetooth Speaker,Electronics,9199.62,2.0,0.0,0,1.0
C084,P027,Table Lamp,Home,7133.13,4.0,1.0,2,1.0
C057,P063,Cookbook,Books,799.02,13.0,3.0,2,11.0
C077,P015,Cotton T-Shirt,Clothing,2327.39,11.0,1.0,0,9.0
C168,P008,Webcam,Electronics,70915.94,17.0,1.0,0,
C061,P023,Cap,Clothing,4858.35,17.0,6.0,3,14.0
C156,P040,Moisturizer,Beauty,1706.55,5.0,0.0,0,8.0
C008,P024,Socks Pack,Clothing,4485.98,21.0,8.0,0,11.0
C080,P017,Hoodie,Clothing,2861.01,13.0,3.0,0,1.0
C030,P017,Hoodie,Clothing,2861.01,17.0,1.0,3,7.0
C005,P017,Hoodie,Clothing,2861.01,17.0,4.0,0,2.0
C132,P069,Poetry Collection,Books,184.44,2.0,0.0,0,2.0
C047,P053,Skipping Rope,Sports,6326.36,13.0,2.0,3,14.0
C120,P046,Face Mask,Beauty,2030.43,5.0,2.0,2,2.0
C160,P065,Travel Diary,Books,878.93,1.0,0.0,0,0.0
C035,P063,Cookbook,Books,799.02,6.0,1.0,0,8.0
C088,P058,Water Bladder,Sports,4613.62,7.0,2.0,0,5.0
C140,P001,Wireless Earbuds,Electronics,69835.88,4.0,2.0,0,10.0
C080,P008,Webcam,Electronics,70915.94,4.0,1.0,0,1.0
C212,P006,Smartwatch,Electronics,87824.51,16.0,6.0,0,
C046,P047,Nail Kit,Beauty,1028.95,5.0,1.0,0,15.0
C111,P043,Hair Serum,Beauty,1779.64,10.0,2.0,0,3.0
C083,P004,Power Bank,Electronics,63004.23,10.0,5.0,0,15.0
C198,P005,Bluetooth Speaker,,9199.62,8.0,0.0,0,9.0
C166,P053,Skipping Rope,Sports,6326.36,1.0,0.0,1,10.0
C140,P042,Sunscreen,Beauty,2097.43,20.0,7.0,0,10.0
C075,P043,Hair Serum,Beauty,1779.64,11.0,2.0,2,0.0
C070,P034,Storage Box,Home,5713.28,17.0,2.0,0,8.0
C104,P031,Cookware Set,Home,11234.24,9.0,2.0,0,2.0
C115,P008,Webcam,Electronics,70915.94,7.0,1.0,0,16.0
C024,P056,Cycling Helmet,Sports,6277.72,11.0,0.0,0,
C105,P063,Cookbook,Books,799.02,13.0,2.0,0,
C013,P062,Self Help Guide,Books,690.76,4.0,0.0,0,1.0
C097,P026,Raincoat,Clothing,1133.27,9.0,2.0,0,5.0
C094,P063,Cookbook,Books,799.02,12.0,4.0,1,12.0
C134,P007,USB-C Hub,Electronics,68692.66,9.0,1.0,0,15.0
C118,P042,Sunscreen,Beauty,2097.43,7.0,1.0,0,8.0
C068,P052,Tennis Racket,Sports,206.79,13.0,2.0,0,17.0
C107,P063,Cookbook,Books,,12.0,1.0,3,10.0
C178,P063,Cookbook,Books,799.02,4.0,1.0,3,9.0
C150,P020,Casual Shirt,Clothing,3230.99,5.0,0.0,0,17.0
C211,P011,Keyboard,Electronics,33874.18,16.0,1.0,3,7.0
C122,P037,Desk Organizer,Home,2165.34,9.0,1.0,0,6.0
C154,P051,Football,Sports,1718.28,17.0,8.0,3,14.0
C149,P007,USB-C Hub,Electronics,68692.66,16.0,5.0,0,9.0
C081,P068,Business Strategy,Books,498.54,1.0,0.0,0,0.0
C039,P051,Football,Sports,1718.28,5.0,0.0,0,16.0
C167,P051,Football,Sports,1718.28,10.0,1.0,0,11.0
C200,P001,Wireless Earbuds,,69835.88,9.0,1.0,3,14.0
C184,P063,Cookbook,Books,799.02,6.0,0.0,0,17.0
C071,P002,Smartphone,Electronics,39946.96,1.0,0.0,0,11.0
C143,P003,Laptop,Electronics,77385.93,2.0,0.0,0,16.0
C211,P053,Skipping Rope,Sports,6326.36,2.0,2.0,0,7.0
C079,P011,Keyboard,Electronics,33874.18,16.0,7.0,2,9.0
C034,P067,Kids Picture Book,Books,792.09,10.0,0.0,3,9.0
C059,P060,Data Science Intro,Books,,13.0,1.0,0,7.0
C100,P011,Keyboard,Electronics,33874.18,5.0,1.0,0,2.0
C093,P019,Winter Jacket,Clothing,4171.63,7.0,0.0,0,8.0
C073,P044,Perfume,Beauty,848.68,6.0,0.0,0,15.0
C157,P057,Running Shoes,Sports,3751.49,5.0,1.0,0,3.0
C142,P028,Bedsheet Set,Home,895.11,8.0,0.0,3,5.0
C198,P064,History of AI,Books,1028.75,14.0,2.0,3,9.0
C113,P003,Laptop,Electronics,77385.93,9.0,1.0,0,1.0
C099,P027,Table Lamp,Home,7133.13,11.0,3.0,1,4.0
C219,P069,Poetry Collection,Books,184.44,11.0,2.0,1,6.0
C213,P014,Portable SSD,Electronics,74189.34,11.0,2.0,0,10.0
C177,P040,Moisturizer,Beauty,1706.55,2.0,2.0,0,15.0
C151,P037,Desk Organizer,Home,2165.34,10.0,1.0,2,14.0
C203,P053,Skipping Rope,Sports,6326.36,17.0,4.0,0,11.0
C131,P018,Sneakers,Clothing,505.32,7.0,1.0,0,11.0
C138,P065,Travel Diary,,878.93,5.0,0.0,0,14.0
C182,P049,Yoga Mat,Sports,5506.59,3.0,0.0,0,12.0
C144,P046,Face Mask,Beauty,2030.43,12.0,1.0,1,8.0
C023,P038,LED Strip,Home,7265.65,9.0,1.0,0,16.0
C078,P064,History of AI,Books,1028.75,13.0,4.0,0,8.0
C029,P046,Face Mask,Beauty,2030.43,3.0,0.0,0,2.0
C173,P052,Tennis Racket,Sports,206.79,9.0,2.0,0,2.0
C011,P029,Coffee Maker,Home,2524.77,8.0,0.0,0,8.0
C107,P024,Socks Pack,Clothing,4485.98,1.0,0.0,0,10.0
C217,P003,Laptop,Electronics,77385.93,16.0,1.0,0,13.0
C188,P050,Dumbbells,,1246.06,16.0,1.0,0,5.0
C013,P069,Poetry Collection,Books,184.44,12.0,1.0,0,
C190,P066,Short Stories,Books,785.62,12.0,2.0,0,9.0
C139,P036,Water Bottle,Home,3043.7,13.0,1.0,0,5.0
C174,P061,Mystery Novel,Books,917.66,2.0,0.0,0,14.0
C058,P047,Nail Kit,Beauty,1028.95,17.0,6.0,0,2.0
C136,P022,Wool Sweater,Clothing,1900.72,11.0,1.0,1,16.0
C071,P001,Wireless Earbuds,Electronics,69835.88,11.0,3.0,0,11.0
C056,P012,Monitor,Electronics,83466.44,4.0,3.0,0,11.0
C047,P035,Air Fryer,Home,7174.95,12.0,1.0,0,14.0
C063,P051,Football,Sports,1718.28,10.0,0.0,0,8.0
C092,P069,Poetry Collection,Books,184.44,12.0,4.0,3,7.0
C070,P019,Winter Jacket,Clothing,4171.63,15.0,6.0,3,8.0
C190,P030,Vacuum Cleaner,Home,10323.97,10.0,4.0,2,9.0
C143,P048,Body Lotion,Beauty,790.99,10.0,3.0,2,16.0
C036,P062,Self Help Guide,Books,690.76,16.0,0.0,0,12.0
C052,P033,Wall Clock,Home,5054.92,6.0,2.0,0,13.0
C112,P027,Table Lamp,Home,7133.13,16.0,0.0,3,13.0
C107,P008,Webcam,Electronics,70915.94,18.0,7.0,2,10.0
C010,P019,Winter Jacket,Clothing,4171.63,,0.0,0,6.0
C127,P036,Water Bottle,Home,3043.7,17.0,3.0,0,17.0
C064,P024,Socks Pack,Clothing,4485.98,5.0,0.0,0,3.0
C063,P040,Moisturizer,Beauty,1706.55,,1.0,0,8.0
C092,P068,Business Strategy,Books,498.54,15.0,1.0,0,7.0
C056,P024,Socks Pack,Clothing,4485.98,12.0,3.0,2,11.0
C068,P012,Monitor,Electronics,,10.0,2.0,1,17.0
C115,P053,Skipping Rope,Sports,6326.36,1.0,0.0,0,16.0
C145,P055,Resistance Bands,Sports,5684.55,8.0,6.0,0,3.0
C206,P037,Desk Organizer,Home,2165.34,15.0,4.0,0,8.0
C063,P005,Bluetooth Speaker,Electronics,9199.62,16.0,3.0,0,8.0
C014,P022,Wool Sweater,Clothing,1900.72,16.0,3.0,0,4.0
C152,P024,Socks Pack,Clothing,4485.98,15.0,6.0,3,8.0
C057,P062,Self Help Guide,Books,690.76,17.0,2.0,0,11.0
C162,P029,Coffee Maker,Home,2524.77,9.0,2.0,0,12.0
C185,P009,Tablet,Electronics,12226.74,16.0,3.0,2,0.0
C174,P031,Cookware Set,Home,11234.24,11.0,3.0,0,14.0
C050,P066,Short Stories,Books,785.62,18.0,4.0,1,13.0
C208,P014,Portable SSD,Electronics,74189.34,6.0,0.0,0,4.0
C180,P001,Wireless Earbuds,Electronics,69835.88,11.0,3.0,0,7.0
C199,P006,Smartwatch,Electronics,,3.0,1.0,0,
C172,P008,Webcam,Electronics,70915.94,4.0,1.0,0,8.0
C189,P038,LED Strip,Home,7265.65,11.0,1.0,0,14.0
C132,P041,Lipstick,Beauty,1148.16,5.0,2.0,0,2.0
C017,P047,Nail Kit,Beauty,1028.95,8.0,3.0,0,
C031,P065,Travel Diary,Books,878.93,10.0,1.0,0,4.0
C134,P036,Water Bottle,Home,3043.7,4.0,0.0,0,15.0
C164,P033,Wall Clock,Home,5054.92,7.0,,0,3.0
C185,P067,Kids Picture Book,Books,792.09,14.0,4.0,0,0.0
C115,P056,Cycling Helmet,Sports,6277.72,9.0,3.0,1,16.0
C044,P055,Resistance Bands,Sports,5684.55,15.0,6.0,0,2.0
C030,P032,Cushion Cover,Home,14519.77,7.0,3.0,0,7.0
C190,P002,Smartphone,Electronics,39946.96,4.0,0.0,0,9.0
C153,P021,Sports Shorts,Clothing,3837.82,6.0,1.0,0,1.0
C038,P047,Nail Kit,Beauty,1028.95,2.0,0.0,0,3.0
C204,P046,Face Mask,Beauty,2030.43,2.0,0.0,0,
C042,P014,Portable SSD,Electronics,74189.34,6.0,0.0,0,2.0
C106,P034,Storage Box,Home,5713.28,4.0,,0,4.0
C071,P016,Denim Jeans,Clothing,1289.75,8.0,2.0,0,11.0
C163,P021,Sports Shorts,Clothing,3837.82,5.0,1.0,0,16.0
C158,P060,Data Science Intro,Books,280.71,16.0,1.0,0,8.0
C059,P029,Coffee Maker,Home,2524.77,2.0,0.0,3,7.0
C043,P055,Resistance Bands,Sports,5684.55,7.0,3.0,1,6.0
C159,P011,Keyboard,Electronics,33874.18,6.0,0.0,0,11.0
C102,P034,Storage Box,Home,5713.28,17.0,3.0,0,7.0
C189,P021,Sports Shorts,Clothing,3837.82,2.0,2.0,2,14.0
C051,P027,Table Lamp,Home,7133.13,17.0,7.0,0,10.0
C072,P060,Data Science Intro,Books,280.71,9.0,0.0,3,15.0
C210,P006,Smartwatch,Electronics,87824.51,15.0,3.0,2,16.0
C034,P048,Body Lotion,Beauty,790.99,16.0,9.0,0,9.0
C008,P058,Water Bladder,Sports,4613.62,9.0,0.0,0,11.0
C124,P015,Cotton T-Shirt,Clothing,2327.39,18.0,5.0,2,4.0
C002,P025,Belt,Clothing,3935.24,1.0,0.0,0,11.0
C132,P001,Wireless Earbuds,Electronics,69835.88,8.0,1.0,0,2.0
C141,P045,Shampoo,Beauty,2096.42,12.0,3.0,0,0.0
C157,P063,Cookbook,Books,799.02,11.0,0.0,0,3.0
C214,P021,Sports Shorts,Clothing,3837.82,3.0,0.0,0,1.0
C035,P057,Running Shoes,Sports,3751.49,14.0,1.0,0,8.0
C131,P023,Cap,Clothing,4858.35,16.0,3.0,0,11.0
C064,P043,Hair Serum,Beauty,1779.64,13.0,1.0,0,3.0
C193,P058,Water Bladder,Sports,4613.62,8.0,0.0,0,4.0
C117,P055,Resistance Bands,Sports,5684.55,9.0,1.0,0,5.0
C067,P038,LED Strip,Home,7265.65,,0.0,0,9.0
C180,P001,Wireless Earbuds,Electronics,69835.88,11.0,3.0,0,7.0
C191,P017,Hoodie,Clothing,2861.01,12.0,0.0,0,1.0
C162,P034,Storage Box,Home,5713.28,15.0,0.0,0,12.0
C177,P057,Running Shoes,Sports,3751.49,17.0,1.0,0,15.0
C192,P025,Belt,Clothing,3935.24,5.0,0.0,0,2.0
C083,P001,Wireless Earbuds,Electronics,69835.88,4.0,0.0,3,15.0
C071,P028,Bedsheet Set,Home,895.11,11.0,2.0,0,11.0
C163,P042,Sunscreen,Beauty,2097.43,1.0,0.0,0,16.0
C034,P043,Hair Serum,Beauty,1779.64,14.0,3.0,3,9.0
C105,P069,Poetry Collection,,184.44,3.0,,0,17.0
C014,P008,Webcam,Electronics,70915.94,7.0,0.0,0,4.0
C017,P045,Shampoo,Beauty,2096.42,6.0,0.0,0,5.0
C008,P014,Portable SSD,Electronics,74189.34,11.0,3.0,0,11.0
C009,P038,LED Strip,Home,7265.65,17.0,2.0,0,5.0
C142,P036,Water Bottle,Home,3043.7,7.0,2.0,0,5.0
C053,P026,Raincoat,Clothing,1133.27,4.0,4.0,0,13.0
C093,P050,Dumbbells,Sports,1246.06,12.0,2.0,2,8.0
C146,P043,Hair Serum,Beauty,1779.64,11.0,2.0,0,15.0
C191,P068,Business Strategy,Books,498.54,17.0,2.0,0,
C172,P024,Socks Pack,Clothing,4485.98,17.0,1.0,0,8.0
C208,P024,Socks Pack,Clothing,4485.98,17.0,5.0,0,4.0
C025,P064,History of AI,Books,1028.75,14.0,5.0,0,1.0
C023,P044,Perfume,Beauty,848.68,12.0,2.0,0,16.0
C151,P039,Face Wash,Beauty,643.58,2.0,0.0,0,14.0
C024,P028,Bedsheet Set,Home,895.11,2.0,1.0,2,17.0
C073,P051,Football,Sports,1718.28,7.0,0.0,2,15.0
C122,P035,Air Fryer,Home,7174.95,16.0,2.0,0,6.0
C043,P005,Bluetooth Speaker,Electronics,9199.62,7.0,0.0,0,6.0
C110,P017,Hoodie,,2861.01,1.0,0.0,0,12.0
C086,P061,Mystery Novel,Books,917.66,12.0,1.0,0,6.0
C045,P070,Science Comics,Books,651.22,4.0,0.0,2,14.0
C050,P038,LED Strip,Home,7265.65,3.0,0.0,0,13.0
C198,P048,Body Lotion,Beauty,790.99,14.0,2.0,2,9.0
C157,P044,Perfume,Beauty,848.68,8.0,3.0,0,3.0
C149,P001,Wireless Earbuds,Electronics,69835.88,6.0,1.0,0,9.0
C078,P029,Coffee Maker,Home,2524.77,4.0,1.0,0,8.0
C170,P046,Face Mask,Beauty,2030.43,17.0,1.0,0,3.0
C193,P070,Science Comics,Books,651.22,12.0,0.0,0,4.0
C029,P062,Self Help Guide,Books,690.76,16.0,0.0,0,2.0
C195,P008,Webcam,Electronics,70915.94,21.0,,2,6.0
C126,P011,Keyboard,Electronics,33874.18,12.0,2.0,0,9.0
C083,P002,Smartphone,Electronics,39946.96,7.0,1.0,0,15.0
C147,P061,Mystery Novel,Books,917.66,20.0,2.0,1,2.0
C054,P053,Skipping Rope,,6326.36,10.0,0.0,0,12.0
C127,P041,Lipstick,Beauty,1148.16,3.0,0.0,0,17.0
C117,P014,Portable SSD,Electronics,74189.34,13.0,4.0,1,5.0
C169,P022,Wool Sweater,Clothing,1900.72,7.0,2.0,0,17.0
C046,P012,Monitor,Electronics,83466.44,4.0,0.0,0,15.0
C006,P003,Laptop,Electronics,77385.93,14.0,3.0,0,12.0
C196,P036,Water Bottle,Home,3043.7,16.0,1.0,0,9.0
C153,P001,Wireless Earbuds,Electronics,69835.88,11.0,1.0,0,1.0
C033,P018,Sneakers,Clothing,505.32,10.0,3.0,0,17.0
C210,P022,Wool Sweater,Clothing,1900.72,12.0,1.0,0,16.0
C092,P033,Wall Clock,Home,5054.92,2.0,1.0,0,7.0
C055,P045,Shampoo,Beauty,2096.42,17.0,0.0,0,12.0
C115,P066,Short Stories,Books,785.62,8.0,3.0,0,16.0
C032,P017,Hoodie,Clothing,2861.01,5.0,0.0,0,1.0
C199,P055,Resistance Bands,Sports,5684.55,21.0,2.0,1,11.0
C138,P013,Headphones,Electronics,58231.77,18.0,9.0,0,14.0
C184,P048,Body Lotion,Beauty,790.99,13.0,0.0,0,17.0
C035,P048,Body Lotion,Beauty,790.99,7.0,1.0,0,8.0
C147,P005,Bluetooth Speaker,Electronics,9199.62,16.0,,1,2.0
C181,P061,Mystery Novel,Books,917.66,9.0,2.0,0,5.0
C136,P049,Yoga Mat,Sports,5506.59,7.0,3.0,2,16.0
C011,P005,Bluetooth Speaker,Electronics,9199.62,12.0,3.0,1,8.0
C068,P049,Yoga Mat,Sports,5506.59,10.0,2.0,3,
C163,P048,Body Lotion,Beauty,790.99,14.0,4.0,3,16.0
C026,P035,Air Fryer,Home,7174.95,13.0,1.0,0,10.0
C177,P047,Nail Kit,Beauty,1028.95,3.0,0.0,0,15.0
C183,P042,Sunscreen,Beauty,2097.43,13.0,3.0,0,2.0
C010,P014,Portable SSD,Electronics,74189.34,6.0,0.0,0,6.0
C103,P028,Bedsheet Set,Home,895.11,12.0,2.0,0,13.0
C006,P001,Wireless Earbuds,Electronics,69835.88,1.0,1.0,0,12.0
C012,P029,Coffee Maker,Home,2524.77,14.0,1.0,2,9.0
C096,P031,Cookware Set,Home,11234.24,9.0,5.0,2,15.0
C139,P010,Gaming Mouse,Electronics,40973.43,8.0,2.0,0,5.0
C003,P037,Desk Organizer,Home,2165.34,15.0,4.0,2,0.0
C165,P019,Winter Jacket,Clothing,4171.63,11.0,2.0,0,2.0
C172,P021,Sports Shorts,Clothing,3837.82,12.0,2.0,0,8.0
C195,P065,Travel Diary,Books,878.93,14.0,3.0,0,6.0
C193,P037,Desk Organizer,Home,2165.34,15.0,0.0,0,4.0
C188,P009,Tablet,Electronics,12226.74,5.0,0.0,0,5.0
C084,P011,Keyboard,Electronics,33874.18,1.0,0.0,0,
C164,P047,Nail Kit,,1028.95,16.0,,0,3.0
C016,P025,Belt,Clothing,3935.24,16.0,7.0,0,7.0
C147,P031,Cookware Set,,11234.24,3.0,0.0,0,2.0
C211,P057,Running Shoes,Sports,3751.49,12.0,1.0,0,7.0
C025,P010,Gaming Mouse,Electronics,40973.43,6.0,0.0,0,1.0
C115,P017,Hoodie,Clothing,2861.01,17.0,1.0,2,16.0
C207,P001,Wireless Earbuds,Electronics,69835.88,13.0,2.0,0,6.0
C215,P004,Power Bank,Electronics,63004.23,7.0,0.0,0,14.0
C028,P029,Coffee Maker,Home,2524.77,,2.0,0,14.0
C170,P015,Cotton T-Shirt,Clothing,,17.0,1.0,1,3.0
C180,P011,Keyboard,Electronics,33874.18,13.0,2.0,0,7.0
C009,P013,Headphones,Electronics,58231.77,14.0,2.0,0,5.0
C089,P024,Socks Pack,Clothing,4485.98,5.0,1.0,0,4.0
C020,P057,Running Shoes,Sports,3751.49,12.0,2.0,0,0.0
C067,P028,Bedsheet Set,Home,895.11,14.0,0.0,0,9.0
C164,P042,Sunscreen,Beauty,,3.0,1.0,0,3.0
C204,P070,Science Comics,Books,651.22,11.0,2.0,0,9.0
C153,P004,Power Bank,Electronics,63004.23,11.0,0.0,0,1.0
C187,P051,Football,Sports,1718.28,5.0,3.0,1,9.0
C127,P031,Cookware Set,Home,,7.0,0.0,0,17.0
C018,P035,Air Fryer,Home,7174.95,12.0,,0,16.0
C075,P014,Portable SSD,Electronics,74189.34,1.0,0.0,0,0.0
C166,P037,Desk Organizer,Home,2165.34,4.0,0.0,0,10.0
C109,P035,Air Fryer,Home,7174.95,5.0,0.0,0,0.0
C102,P022,Wool Sweater,Clothing,1900.72,14.0,1.0,0,7.0
C140,P044,Perfume,Beauty,848.68,5.0,0.0,0,10.0
C160,P012,Monitor,Electronics,83466.44,16.0,0.0,0,0.0
C113,P032,Cushion Cover,Home,14519.77,11.0,0.0,1,1.0
C089,P064,History of AI,Books,1028.75,21.0,4.0,3,4.0
C025,P013,Headphones,Electronics,58231.77,5.0,0.0,0,1.0
C022,P039,Face Wash,Beauty,643.58,5.0,2.0,2,16.0
C069,P040,Moisturizer,Beauty,1706.55,9.0,0.0,0,8.0
C034,P011,Keyboard,Electronics,33874.18,11.0,3.0,0,9.0
C097,P058,Water Bladder,Sports,4613.62,11.0,3.0,1,5.0
C058,P045,Shampoo,Beauty,2096.42,5.0,1.0,0,2.0
C074,P002,Smartphone,Electronics,39946.96,15.0,3.0,3,6.0
C121,P041,Lipstick,Beauty,1148.16,11.0,2.0,0,2.0
C157,P052,Tennis Racket,Sports,206.79,13.0,1.0,0,3.0
C173,P043,Hair Serum,Beauty,1779.64,4.0,0.0,0,2.0
C127,P046,Face Mask,Beauty,2030.43,16.0,0.0,0,17.0
C126,P044,Perfume,Beauty,848.68,10.0,1.0,0,9.0
C047,P001,Wireless Earbuds,Electronics,69835.88,5.0,1.0,0,14.0
C060,P039,Face Wash,Beauty,643.58,6.0,2.0,0,4.0
C120,P011,Keyboard,Electronics,33874.18,8.0,1.0,1,2.0
C093,P040,Moisturizer,Beauty,1706.55,13.0,3.0,0,8.0
C216,P006,Smartwatch,Electronics,87824.51,5.0,2.0,0,4.0
C049,P023,Cap,Clothing,4858.35,2.0,0.0,0,11.0
C135,P004,Power Bank,Electronics,63004.23,4.0,0.0,0,17.0
C201,P045,Shampoo,Beauty,2096.42,,4.0,0,6.0
C156,P022,Wool Sweater,Clothing,1900.72,17.0,9.0,1,8.0
C142,P006,Smartwatch,Electronics,87824.51,6.0,0.0,0,5.0
C031,P002,Smartphone,Electronics,39946.96,16.0,2.0,0,4.0
C056,P012,Monitor,Electronics,83466.44,4.0,1.0,0,11.0
C186,P052,Tennis Racket,Sports,206.79,11.0,,0,16.0
C142,P062,Self Help Guide,Books,690.76,13.0,0.0,0,5.0
C190,P065,Travel Diary,Books,878.93,3.0,1.0,0,9.0
C216,P028,Bedsheet Set,Home,895.11,15.0,7.0,1,4.0
C166,P027,Table Lamp,Home,7133.13,16.0,0.0,3,10.0
C054,P001,Wireless Earbuds,Electronics,69835.88,9.0,7.0,0,12.0
C022,P050,Dumbbells,Sports,1246.06,15.0,2.0,3,16.0
C185,P043,Hair Serum,Beauty,1779.64,2.0,0.0,0,0.0
C146,P069,Poetry Collection,Books,184.44,15.0,2.0,0,15.0
C035,P012,Monitor,Electronics,,1.0,0.0,0,8.0
C076,P017,Hoodie,Clothing,2861.01,9.0,2.0,0,13.0
C120,P063,Cookbook,Books,799.02,8.0,2.0,0,2.0
C211,P054,Gym Bag,Sports,5368.08,6.0,2.0,0,7.0
C166,P004,Power Bank,Electronics,63004.23,13.0,1.0,2,10.0
C006,P053,Skipping Rope,Sports,6326.36,6.0,1.0,0,12.0
C106,P029,Coffee Maker,Home,2524.77,9.0,0.0,0,4.0
C197,P009,Tablet,Electronics,12226.74,5.0,0.0,0,12.0
C014,P014,Portable SSD,Electronics,74189.34,7.0,2.0,0,4.0
C008,P024,Socks Pack,Clothing,4485.98,16.0,3.0,0,11.0
C025,P005,Bluetooth Speaker,Electronics,9199.62,,2.0,0,1.0
C112,P006,Smartwatch,Electronics,87824.51,4.0,1.0,0,13.0
C165,P068,Business Strategy,Books,498.54,14.0,3.0,0,2.0
C127,P011,Keyboard,Electronics,33874.18,1.0,0.0,0,17.0
C138,P020,Casual Shirt,Clothing,3230.99,4.0,0.0,0,14.0
C058,P054,Gym Bag,Sports,5368.08,11.0,0.0,0,2.0
C202,P003,Laptop,Electronics,77385.93,2.0,0.0,0,9.0
C029,P025,Belt,Clothing,3935.24,17.0,2.0,0,2.0
C191,P021,Sports Shorts,Clothing,3837.82,4.0,0.0,0,1.0
C062,P003,Laptop,Electronics,77385.93,13.0,3.0,1,15.0
C057,P023,Cap,Clothing,4858.35,9.0,4.0,0,11.0
C191,P018,Sneakers,Clothing,505.32,16.0,0.0,0,1.0
C060,P059,Python Basics,Books,309.77,12.0,2.0,0,4.0
C006,P021,Sports Shorts,Clothing,3837.82,7.0,3.0,0,12.0
C007,P007,USB-C Hub,Electronics,68692.66,2.0,0.0,0,5.0
C065,P042,Sunscreen,Beauty,2097.43,17.0,2.0,0,2.0
C141,P052,Tennis Racket,Sports,206.79,4.0,0.0,0,0.0
C089,P055,Resistance Bands,Sports,5684.55,3.0,3.0,0,4.0
C169,P029,Coffee Maker,Home,2524.77,11.0,,1,17.0
C097,P066,Short Stories,Books,785.62,6.0,2.0,0,5.0
C201,P025,Belt,Clothing,3935.24,17.0,9.0,1,6.0
C117,P038,LED Strip,Home,7265.65,6.0,1.0,0,5.0
C213,P056,Cycling Helmet,Sports,6277.72,,11.0,1,10.0
C020,P041,Lipstick,Beauty,1148.16,16.0,3.0,0,0.0
C033,P034,Storage Box,Home,,16.0,1.0,0,17.0
C017,P041,Lipstick,Beauty,1148.16,14.0,2.0,0,5.0
C049,P011,Keyboard,Electronics,33874.18,11.0,3.0,0,11.0
C205,P048,Body Lotion,Beauty,790.99,13.0,3.0,3,2.0
C023,P054,Gym Bag,,5368.08,7.0,,0,16.0
C179,P064,History of AI,Books,1028.75,7.0,1.0,0,6.0
C111,P037,Desk Organizer,Home,2165.34,5.0,1.0,0,3.0
C196,P040,Moisturizer,Beauty,1706.55,3.0,0.0,0,9.0
C008,P012,Monitor,Electronics,83466.44,11.0,1.0,0,11.0
C133,P023,Cap,Clothing,4858.35,13.0,2.0,0,11.0
C095,P005,Bluetooth Speaker,Electronics,9199.62,16.0,0.0,0,15.0
C208,P037,Desk Organizer,Home,2165.34,4.0,0.0,0,4.0
C088,P068,Business Strategy,Books,498.54,6.0,1.0,0,5.0
C198,P057,Running Shoes,Sports,3751.49,5.0,0.0,0,9.0
C083,P036,Water Bottle,Home,3043.7,4.0,0.0,0,15.0
C098,P047,Nail Kit,Beauty,1028.95,2.0,1.0,0,2.0
C033,P069,Poetry Collection,Books,184.44,4.0,0.0,2,17.0
C077,P054,Gym Bag,,5368.08,9.0,1.0,2,9.0
C100,P018,Sneakers,Clothing,505.32,13.0,4.0,0,2.0
C180,P040,Moisturizer,Beauty,1706.55,9.0,2.0,1,7.0
C198,P061,Mystery Novel,Books,917.66,16.0,1.0,1,9.0
C174,P050,Dumbbells,Sports,1246.06,16.0,6.0,1,14.0
C104,P014,Portable SSD,Electronics,74189.34,6.0,0.0,0,2.0
C177,P022,Wool Sweater,Clothing,1900.72,8.0,2.0,0,15.0
C091,P028,Bedsheet Set,Home,895.11,6.0,2.0,0,14.0
C036,P029,Coffee Maker,Home,2524.77,13.0,,0,12.0
C034,P053,Skipping Rope,Sports,6326.36,9.0,1.0,0,9.0
C154,P070,Science Comics,Books,651.22,4.0,0.0,0,14.0
C021,P014,Portable SSD,Electronics,74189.34,17.0,2.0,0,10.0
C080,P020,Casual Shirt,Clothing,3230.99,11.0,3.0,0,1.0
C050,P025,Belt,Clothing,3935.24,12.0,2.0,3,13.0
C103,P033,Wall Clock,Home,5054.92,10.0,0.0,0,
C046,P027,Table Lamp,Home,7133.13,15.0,1.0,0,
C220,P019,Winter Jacket,Clothing,4171.63,16.0,3.0,0,12.0
C096,P058,Water Bladder,Sports,4613.62,16.0,2.0,3,15.0
C103,P006,Smartwatch,Electronics,87824.51,13.0,6.0,1,13.0
C121,P038,LED Strip,Home,7265.65,3.0,0.0,0,2.0
C060,P023,Cap,Clothing,4858.35,13.0,3.0,0,4.0
C173,P011,Keyboard,Electronics,33874.18,6.0,2.0,0,2.0
C067,P023,Cap,Clothing,4858.35,8.0,2.0,3,9.0
C218,P052,Tennis Racket,Sports,206.79,15.0,0.0,0,0.0
C152,P040,Moisturizer,Beauty,1706.55,8.0,2.0,0,8.0
C166,P054,Gym Bag,Sports,5368.08,15.0,2.0,0,10.0
C068,P058,Water Bladder,Sports,4613.62,18.0,7.0,1,17.0
C056,P039,Face Wash,Beauty,643.58,12.0,1.0,0,11.0
C149,P033,Wall Clock,Home,5054.92,5.0,1.0,1,9.0
C127,P022,Wool Sweater,Clothing,1900.72,4.0,1.0,2,17.0
C158,P069,Poetry Collection,Books,184.44,14.0,2.0,0,8.0
C212,P040,Moisturizer,Beauty,1706.55,2.0,0.0,0,15.0
C106,P042,Sunscreen,Beauty,2097.43,11.0,0.0,0,4.0
C122,P043,Hair Serum,Beauty,,10.0,1.0,0,6.0
C195,P010,Gaming Mouse,Electronics,40973.43,20.0,4.0,3,6.0
C031,P053,Skipping Rope,Sports,6326.36,,1.0,0,4.0
C218,P030,Vacuum Cleaner,Home,10323.97,6.0,2.0,0,0.0
C009,P066,Short Stories,Books,,3.0,0.0,0,5.0
C001,P030,Vacuum Cleaner,Home,10323.97,14.0,5.0,2,3.0
C063,P018,Sneakers,Clothing,505.32,16.0,0.0,1,8.0
C047,P067,Kids Picture Book,Books,792.09,11.0,6.0,0,14.0
C038,P062,Self Help Guide,Books,690.76,5.0,0.0,1,3.0
C026,P066,Short Stories,Books,,17.0,5.0,0,10.0
C009,P025,Belt,Clothing,3935.24,12.0,5.0,0,5.0
C158,P041,Lipstick,Beauty,1148.16,17.0,1.0,0,8.0
C051,P043,Hair Serum,Beauty,1779.64,,2.0,0,10.0
C061,P028,Bedsheet Set,Home,895.11,2.0,0.0,0,14.0
C037,P046,Face Mask,Beauty,2030.43,7.0,1.0,3,15.0
C119,P006,Smartwatch,Electronics,87824.51,10.0,1.0,0,13.0
C001,P063,Cookbook,Books,799.02,14.0,4.0,1,3.0
C095,P066,Short Stories,Books,785.62,,0.0,2,15.0
C218,P031,Cookware Set,Home,11234.24,1.0,0.0,0,0.0
C006,P006,Smartwatch,Electronics,87824.51,2.0,0.0,0,12.0
C117,P051,Football,Sports,1718.28,13.0,1.0,1,5.0
C103,P029,Coffee Maker,Home,2524.77,7.0,4.0,0,13.0
C175,P025,Belt,Clothing,3935.24,4.0,1.0,0,16.0
C185,P053,Skipping Rope,Sports,6326.36,13.0,1.0,0,0.0
C070,P036,Water Bottle,Home,3043.7,1.0,0.0,0,8.0
C201,P042,Sunscreen,Beauty,2097.43,10.0,2.0,0,6.0
C029,P051,Football,Sports,1718.28,9.0,,0,2.0
C137,P060,Data Science Intro,Books,280.71,4.0,0.0,0,1.0
C020,P065,Travel Diary,Books,878.93,18.0,4.0,0,0.0
C116,P062,Self Help Guide,Books,690.76,5.0,1.0,3,12.0
C047,P049,Yoga Mat,Sports,5506.59,9.0,1.0,0,14.0
C059,P001,Wireless Earbuds,Electronics,69835.88,10.0,0.0,2,7.0
C216,P053,Skipping Rope,Sports,6326.36,17.0,1.0,0,4.0
C160,P040,Moisturizer,Beauty,1706.55,5.0,0.0,0,0.0
C213,P059,Python Basics,Books,309.77,16.0,3.0,1,10.0
C102,P047,Nail Kit,Beauty,1028.95,11.0,6.0,3,7.0
C095,P004,Power Bank,Electronics,63004.23,10.0,0.0,0,15.0
C002,P055,Resistance Bands,Sports,5684.55,9.0,1.0,0,11.0
C020,P024,Socks Pack,Clothing,4485.98,15.0,2.0,2,0.0
C075,P016,Denim Jeans,Clothing,1289.75,10.0,0.0,0,0.0
C194,P061,Mystery Novel,Books,917.66,8.0,,0,9.0
C154,P030,Vacuum Cleaner,Home,10323.97,,1.0,0,14.0
C117,P041,Lipstick,Beauty,1148.16,1.0,0.0,0,5.0
C096,P025,Belt,Clothing,3935.24,15.0,2.0,0,15.0
C210,P025,Belt,Clothing,,14.0,2.0,0,16.0
C177,P070,Science Comics,Books,651.22,13.0,3.0,0,
C196,P004,Power Bank,Electronics,63004.23,,3.0,0,
C080,P003,Laptop,Electronics,,12.0,2.0,0,1.0
C092,P053,Skipping Rope,Sports,6326.36,4.0,0.0,0,7.0
C118,P055,Resistance Bands,Sports,5684.55,11.0,1.0,0,8.0
C059,P003,Laptop,Electronics,77385.93,8.0,3.0,0,7.0
C217,P025,Belt,Clothing,3935.24,14.0,2.0,0,13.0
C197,P070,Science Comics,Books,651.22,1.0,0.0,0,12.0
C033,P029,Coffee Maker,Home,2524.77,5.0,,1,17.0
C024,P012,Monitor,Electronics,83466.44,12.0,1.0,0,17.0
C208,P035,Air Fryer,Home,7174.95,9.0,1.0,1,4.0
C176,P058,Water Bladder,Sports,4613.62,8.0,3.0,3,13.0
C097,P046,Face Mask,Beauty,2030.43,8.0,0.0,0,5.0
C015,P016,Denim Jeans,Clothing,1289.75,15.0,0.0,2,17.0
C197,P050,Dumbbells,Sports,1246.06,15.0,2.0,0,12.0
C106,P045,Shampoo,Beauty,2096.42,5.0,0.0,0,4.0
C152,P049,Yoga Mat,Sports,5506.59,3.0,0.0,2,8.0
C059,P020,Casual Shirt,Clothing,3230.99,1.0,0.0,0,7.0
C090,P042,Sunscreen,Beauty,2097.43,13.0,5.0,0,14.0
C143,P033,Wall Clock,Home,5054.92,13.0,1.0,0,16.0
C167,P068,Business Strategy,Books,498.54,13.0,1.0,0,11.0
C049,P068,Business Strategy,Books,498.54,14.0,2.0,3,11.0
C006,P068,Business Strategy,Books,498.54,1.0,0.0,2,12.0
C174,P065,Travel Diary,Books,878.93,11.0,3.0,0,14.0
C076,P053,Skipping Rope,,6326.36,15.0,0.0,0,13.0
C190,P054,Gym Bag,Sports,5368.08,6.0,0.0,0,9.0
C136,P047,Nail Kit,Beauty,1028.95,16.0,2.0,2,16.0
C080,P040,Moisturizer,Beauty,1706.55,15.0,1.0,0,1.0
C156,P016,Denim Jeans,Clothing,1289.75,3.0,0.0,0,8.0
C163,P006,Smartwatch,Electronics,87824.51,7.0,0.0,0,16.0
C098,P043,Hair Serum,Beauty,1779.64,5.0,1.0,0,2.0
C054,P055,Resistance Bands,Sports,5684.55,4.0,0.0,0,12.0
C041,P039,Face Wash,Beauty,643.58,16.0,4.0,0,8.0
C220,P031,Cookware Set,Home,11234.24,6.0,1.0,2,12.0
C052,P059,Python Basics,Books,309.77,6.0,0.0,0,13.0
C010,P048,Body Lotion,Beauty,790.99,13.0,,0,6.0
C146,P065,Travel Diary,Books,878.93,10.0,0.0,0,15.0
C126,P021,Sports Shorts,Clothing,3837.82,2.0,,0,9.0
C148,P059,Python Basics,Books,309.77,14.0,2.0,0,15.0
C182,P068,Business Strategy,Books,498.54,6.0,1.0,3,12.0
C160,P038,LED Strip,Home,7265.65,6.0,1.0,0,0.0
C215,P041,Lipstick,Beauty,1148.16,10.0,1.0,0,14.0
C082,P064,History of AI,Books,1028.75,3.0,0.0,0,0.0
C151,P032,Cushion Cover,Home,14519.77,7.0,1.0,0,14.0
C154,P004,Power Bank,Electronics,63004.23,2.0,1.0,0,14.0
C054,P035,Air Fryer,Home,7174.95,17.0,7.0,3,12.0
C054,P044,Perfume,Beauty,848.68,16.0,1.0,0,12.0
C028,P037,Desk Organizer,Home,2165.34,,0.0,0,14.0
C052,P048,Body Lotion,Beauty,790.99,8.0,0.0,0,13.0
C172,P033,Wall Clock,Home,5054.92,18.0,9.0,0,8.0
C006,P033,Wall Clock,Home,5054.92,7.0,1.0,0,12.0
C196,P040,Moisturizer,,1706.55,6.0,1.0,0,9.0
C088,P062,Self Help Guide,Books,690.76,5.0,0.0,0,5.0
C153,P058,Water Bladder,Sports,4613.62,5.0,0.0,0,1.0
C206,P035,Air Fryer,Home,7174.95,14.0,8.0,0,8.0
C137,P053,Skipping Rope,Sports,6326.36,,1.0,0,1.0
C194,P049,Yoga Mat,Sports,5506.59,17.0,4.0,0,9.0
C115,P051,Football,Sports,1718.28,4.0,0.0,0,16.0
C219,P050,Dumbbells,Sports,1246.06,2.0,1.0,0,6.0
C092,P039,Face Wash,Beauty,643.58,5.0,0.0,0,7.0
C157,P048,Body Lotion,Beauty,790.99,17.0,2.0,0,3.0
C091,P013,Headphones,Electronics,58231.77,12.0,2.0,0,14.0
C054,P036,Water Bottle,Home,,7.0,1.0,0,12.0
C101,P025,Belt,Clothing,3935.24,13.0,0.0,0,17.0
C174,P045,Shampoo,Beauty,2096.42,18.0,8.0,0,14.0
C017,P014,Portable SSD,Electronics,74189.34,1.0,0.0,0,5.0
C010,P012,Monitor,Electronics,83466.44,10.0,1.0,0,6.0
C006,P067,Kids Picture Book,Books,792.09,3.0,0.0,0,12.0
C139,P044,Perfume,Beauty,848.68,3.0,0.0,0,5.0
C150,P042,Sunscreen,Beauty,2097.43,4.0,0.0,0,17.0
C036,P069,Poetry Collection,Books,184.44,8.0,1.0,0,12.0
C072,P031,Cookware Set,Home,11234.24,15.0,0.0,0,15.0
C085,P017,Hoodie,Clothing,2861.01,8.0,1.0,0,2.0
C031,P029,Coffee Maker,Home,2524.77,9.0,3.0,0,4.0
C059,P036,Water Bottle,Home,3043.7,12.0,4.0,0,7.0
C163,P013,Headphones,Electronics,58231.77,9.0,1.0,0,16.0
C056,P038,LED Strip,Home,7265.65,1.0,1.0,0,11.0
C045,P038,LED Strip,Home,7265.65,18.0,0.0,0,14.0
C101,P052,Tennis Racket,Sports,206.79,17.0,3.0,1,17.0
C168,P047,Nail Kit,Beauty,1028.95,1.0,1.0,0,0.0
C100,P063,Cookbook,Books,799.02,6.0,2.0,0,2.0
C028,P051,Football,Sports,1718.28,12.0,2.0,0,14.0
C023,P028,Bedsheet Set,Home,895.11,14.0,2.0,0,16.0
C090,P056,Cycling Helmet,Sports,,16.0,4.0,0,14.0
C016,P026,Raincoat,Clothing,1133.27,21.0,6.0,1,7.0
C014,P034,Storage Box,Home,5713.28,3.0,0.0,0,4.0
C175,P015,Cotton T-Shirt,Clothing,2327.39,11.0,,0,16.0
C006,P050,Dumbbells,Sports,1246.06,,1.0,0,12.0
C083,P047,Nail Kit,Beauty,1028.95,7.0,1.0,0,15.0
C209,P043,Hair Serum,Beauty,1779.64,2.0,0.0,0,16.0
C188,P057,Running Shoes,Sports,3751.49,13.0,1.0,0,5.0
C206,P055,Resistance Bands,Sports,5684.55,11.0,5.0,0,8.0
C162,P020,Casual Shirt,Clothing,3230.99,9.0,1.0,0,12.0
C072,P043,Hair Serum,Beauty,1779.64,7.0,0.0,1,15.0
C082,P048,Body Lotion,Beauty,790.99,7.0,1.0,0,0.0
C065,P054,Gym Bag,Sports,5368.08,13.0,6.0,0,2.0
C078,P045,Shampoo,Beauty,2096.42,13.0,6.0,0,8.0
C105,P022,Wool Sweater,Clothing,1900.72,12.0,5.0,0,17.0
C192,P018,Sneakers,Clothing,505.32,13.0,2.0,0,2.0
C038,P028,Bedsheet Set,Home,895.11,5.0,0.0,0,3.0
C064,P022,Wool Sweater,Clothing,1900.72,9.0,1.0,2,3.0
C089,P001,Wireless Earbuds,Electronics,69835.88,6.0,0.0,0,4.0
C057,P046,Face Mask,Beauty,2030.43,7.0,2.0,0,11.0
C134,P032,Cushion Cover,Home,14519.77,,1.0,2,15.0
C142,P020,Casual Shirt,Clothing,3230.99,8.0,3.0,0,5.0
C019,P004,Power Bank,Electronics,63004.23,3.0,1.0,0,15.0
C203,P037,Desk Organizer,Home,2165.34,11.0,7.0,0,11.0
C027,P042,Sunscreen,Beauty,2097.43,6.0,1.0,3,4.0
C073,P031,Cookware Set,Home,11234.24,15.0,2.0,0,15.0
C060,P009,Tablet,Electronics,12226.74,9.0,3.0,0,
C204,P048,Body Lotion,Beauty,790.99,13.0,3.0,0,9.0
C054,P045,Shampoo,Beauty,2096.42,12.0,3.0,3,12.0
C093,P042,Sunscreen,Beauty,2097.43,1.0,0.0,0,8.0
C015,P032,Cushion Cover,Home,14519.77,2.0,0.0,0,17.0
C060,P010,Gaming Mouse,Electronics,40973.43,20.0,8.0,0,4.0
C025,P011,Keyboard,Electronics,33874.18,7.0,0.0,0,1.0
C202,P054,Gym Bag,Sports,5368.08,13.0,1.0,0,9.0
C182,P052,Tennis Racket,Sports,206.79,13.0,0.0,0,12.0
C070,P030,Vacuum Cleaner,Home,10323.97,15.0,1.0,1,8.0
C032,P010,Gaming Mouse,Electronics,40973.43,16.0,1.0,1,1.0
C015,P005,Bluetooth Speaker,Electronics,9199.62,3.0,0.0,0,17.0
C010,P010,Gaming Mouse,Electronics,40973.43,5.0,1.0,0,6.0
C110,P066,Short Stories,Books,785.62,3.0,0.0,0,12.0
C043,P068,Business Strategy,Books,498.54,15.0,3.0,0,6.0
C092,P001,Wireless Earbuds,Electronics,69835.88,12.0,2.0,0,7.0
C187,P023,Cap,Clothing,4858.35,5.0,0.0,0,9.0
C186,P023,Cap,Clothing,4858.35,13.0,1.0,0,16.0
C034,P060,Data Science Intro,Books,280.71,15.0,3.0,0,9.0
C057,P047,Nail Kit,Beauty,1028.95,7.0,2.0,0,11.0
C017,P008,Webcam,Electronics,70915.94,14.0,3.0,0,5.0
C155,P066,Short Stories,Books,785.62,6.0,0.0,0,1.0
C133,P017,Hoodie,Clothing,2861.01,13.0,5.0,0,11.0
C041,P035,Air Fryer,Home,7174.95,18.0,4.0,1,8.0
C058,P004,Power Bank,Electronics,63004.23,17.0,0.0,0,2.0
C079,P034,Storage Box,Home,5713.28,1.0,0.0,0,9.0
C004,P003,Laptop,Electronics,77385.93,7.0,1.0,0,12.0
C179,P067,Kids Picture Book,Books,792.09,16.0,3.0,0,6.0
C078,P020,Casual Shirt,Clothing,3230.99,5.0,1.0,0,8.0
C015,P020,Casual Shirt,Clothing,3230.99,5.0,1.0,0,17.0
C110,P048,Body Lotion,Beauty,790.99,3.0,0.0,0,12.0
C190,P029,Coffee Maker,Home,2524.77,5.0,3.0,0,9.0
C088,P068,Business Strategy,Books,498.54,7.0,2.0,0,5.0
C126,P049,Yoga Mat,Sports,5506.59,3.0,0.0,0,9.0
C086,P027,Table Lamp,Home,7133.13,13.0,2.0,0,6.0
C120,P037,Desk Organizer,Home,2165.34,9.0,0.0,0,
C132,P005,Bluetooth Speaker,Electronics,9199.62,5.0,1.0,0,2.0
C146,P048,Body Lotion,Beauty,790.99,14.0,0.0,0,15.0
C181,P038,LED Strip,Home,7265.65,5.0,1.0,0,5.0
C146,P035,Air Fryer,Home,7174.95,16.0,3.0,1,15.0
C130,P022,Wool Sweater,Clothing,1900.72,3.0,1.0,0,14.0
C165,P022,Wool Sweater,Clothing,1900.72,6.0,0.0,0,2.0
C193,P008,Webcam,Electronics,70915.94,16.0,3.0,0,
C201,P070,Science Comics,Books,651.22,11.0,1.0,0,6.0
C100,P050,Dumbbells,Sports,1246.06,13.0,1.0,0,2.0
C218,P063,Cookbook,Books,799.02,14.0,3.0,0,0.0
C035,P013,Headphones,Electronics,58231.77,13.0,3.0,0,8.0
C119,P006,Smartwatch,Electronics,87824.51,14.0,5.0,0,13.0
C046,P026,Raincoat,Clothing,1133.27,14.0,9.0,0,15.0
C017,P044,Perfume,Beauty,848.68,4.0,0.0,0,5.0
C220,P046,Face Mask,Beauty,2030.43,6.0,1.0,0,12.0
C003,P026,Raincoat,Clothing,1133.27,15.0,0.0,0,0.0
C191,P023,Cap,Clothing,4858.35,13.0,2.0,2,1.0
C219,P062,Self Help Guide,Books,690.76,13.0,1.0,3,
C188,P062,Self Help Guide,Books,690.76,11.0,2.0,0,5.0
C169,P010,Gaming Mouse,Electronics,40973.43,13.0,1.0,3,17.0
C032,P026,Raincoat,Clothing,1133.27,12.0,2.0,0,1.0
C067,P018,Sneakers,Clothing,505.32,12.0,1.0,0,9.0
C071,P030,Vacuum Cleaner,Home,10323.97,5.0,1.0,0,11.0
C040,P004,Power Bank,Electronics,63004.23,15.0,0.0,0,
C102,P067,Kids Picture Book,Books,792.09,3.0,0.0,0,7.0
C066,P041,Lipstick,Beauty,1148.16,6.0,1.0,0,5.0
C148,P055,Resistance Bands,Sports,5684.55,11.0,2.0,0,15.0
C019,P033,Wall Clock,Home,5054.92,11.0,3.0,2,15.0
C063,P063,Cookbook,Books,799.02,14.0,2.0,0,8.0
C189,P036,Water Bottle,,3043.7,3.0,0.0,0,14.0
C019,P038,LED Strip,Home,7265.65,8.0,0.0,2,15.0
C164,P059,Python Basics,Books,309.77,7.0,,0,3.0
C017,P039,Face Wash,Beauty,643.58,5.0,0.0,0,5.0
C054,P038,LED Strip,Home,7265.65,13.0,4.0,2,12.0
C080,P051,Football,Sports,1718.28,16.0,0.0,0,1.0
C070,P068,Business Strategy,Books,498.54,,1.0,0,8.0
C044,P044,Perfume,Beauty,848.68,8.0,1.0,0,2.0
C094,P058,Water Bladder,Sports,4613.62,3.0,0.0,0,12.0
C115,P003,Laptop,Electronics,77385.93,7.0,,0,16.0
C162,P010,Gaming Mouse,Electronics,40973.43,6.0,1.0,3,12.0
C121,P017,Hoodie,Clothing,2861.01,14.0,1.0,0,2.0
C042,P067,Kids Picture Book,Books,792.09,6.0,1.0,0,2.0
C052,P037,Desk Organizer,Home,2165.34,14.0,4.0,0,13.0
C161,P053,Skipping Rope,Sports,,3.0,0.0,0,14.0
C018,P006,Smartwatch,Electronics,87824.51,5.0,3.0,0,16.0
C010,P039,Face Wash,Beauty,643.58,7.0,0.0,0,6.0
C193,P063,Cookbook,Books,799.02,6.0,0.0,0,4.0
C141,P051,Football,Sports,1718.28,9.0,2.0,0,0.0
C180,P056,Cycling Helmet,Sports,6277.72,11.0,0.0,0,7.0
C157,P028,Bedsheet Set,Home,895.11,21.0,4.0,3,3.0
C188,P064,History of AI,Books,,10.0,1.0,3,5.0
C182,P009,Tablet,,12226.74,9.0,4.0,0,12.0
C077,P005,Bluetooth Speaker,Electronics,9199.62,12.0,4.0,0,9.0
C033,P011,Keyboard,Electronics,33874.18,13.0,2.0,0,17.0
C111,P066,Short Stories,Books,785.62,12.0,1.0,0,3.0
C190,P042,Sunscreen,Beauty,2097.43,12.0,4.0,0,9.0
C175,P035,Air Fryer,Home,,7.0,2.0,1,16.0
C056,P057,Running Shoes,Sports,3751.49,17.0,3.0,0,11.0
C017,P062,Self Help Guide,Books,690.76,14.0,3.0,0,5.0
C129,P026,Raincoat,Clothing,1133.27,9.0,2.0,0,17.0
C153,P012,Monitor,Electronics,83466.44,6.0,0.0,0,1.0
C024,P024,Socks Pack,Clothing,4485.98,9.0,1.0,0,17.0
C085,P066,Short Stories,Books,785.62,17.0,0.0,0,2.0
C211,P024,Socks Pack,Clothing,4485.98,8.0,0.0,0,7.0
C055,P049,Yoga Mat,Sports,5506.59,8.0,0.0,0,12.0
C153,P049,Yoga Mat,Sports,5506.59,16.0,0.0,1,1.0
C024,P015,Cotton T-Shirt,Clothing,2327.39,13.0,2.0,3,17.0
C155,P067,Kids Picture Book,Books,792.09,10.0,3.0,0,1.0
C174,P011,Keyboard,Electronics,33874.18,10.0,4.0,0,14.0
C107,P047,Nail Kit,Beauty,1028.95,7.0,2.0,0,10.0
C091,P060,Data Science Intro,Books,280.71,5.0,0.0,0,14.0
C086,P063,Cookbook,Books,799.02,8.0,1.0,0,6.0
C023,P024,Socks Pack,Clothing,4485.98,14.0,0.0,1,16.0
C123,P011,Keyboard,Electronics,33874.18,17.0,1.0,0,16.0
C141,P064,History of AI,Books,1028.75,7.0,,0,0.0
C159,P020,Casual Shirt,Clothing,3230.99,6.0,3.0,0,11.0
C219,P060,Data Science Intro,Books,280.71,10.0,3.0,0,6.0
C042,P011,Keyboard,Electronics,33874.18,8.0,1.0,0,2.0
C126,P012,Monitor,Electronics,83466.44,1.0,0.0,0,9.0
C130,P019,Winter Jacket,Clothing,4171.63,2.0,0.0,0,14.0
C013,P005,Bluetooth Speaker,Electronics,9199.62,7.0,,0,1.0
C183,P001,Wireless Earbuds,Electronics,69835.88,10.0,2.0,0,2.0
C039,P042,Sunscreen,Beauty,2097.43,7.0,0.0,0,16.0
C209,P060,Data Science Intro,Books,280.71,10.0,1.0,1,16.0
C027,P056,Cycling Helmet,Sports,6277.72,15.0,3.0,3,4.0
C157,P047,Nail Kit,,1028.95,6.0,0.0,0,3.0
C099,P066,Short Stories,Books,785.62,2.0,1.0,1,4.0
C172,P051,Football,Sports,1718.28,13.0,2.0,0,8.0
C111,P011,Keyboard,Electronics,33874.18,12.0,0.0,0,3.0
C049,P005,Bluetooth Speaker,Electronics,9199.62,8.0,3.0,0,11.0
C182,P048,Body Lotion,Beauty,790.99,19.0,2.0,0,12.0
C065,P054,Gym Bag,Sports,5368.08,13.0,6.0,0,2.0
C080,P006,Smartwatch,Electronics,,11.0,1.0,0,1.0
C212,P046,Face Mask,Beauty,2030.43,12.0,3.0,0,15.0
C018,P043,Hair Serum,Beauty,1779.64,2.0,0.0,3,16.0
C066,P041,Lipstick,Beauty,1148.16,6.0,1.0,0,5.0
C200,P017,Hoodie,Clothing,2861.01,3.0,0.0,0,14.0
C182,P038,LED Strip,Home,7265.65,2.0,1.0,0,12.0
C074,P043,Hair Serum,Beauty,1779.64,8.0,0.0,0,6.0
C035,P018,Sneakers,Clothing,505.32,12.0,1.0,0,8.0
C171,P011,Keyboard,Electronics,33874.18,10.0,1.0,0,11.0
C149,P050,Dumbbells,Sports,1246.06,9.0,2.0,1,9.0
C052,P011,Keyboard,Electronics,33874.18,21.0,11.0,0,13.0
C026,P029,Coffee Maker,Home,2524.77,12.0,3.0,0,10.0
C058,P015,Cotton T-Shirt,Clothing,2327.39,1.0,0.0,0,2.0
C181,P032,Cushion Cover,Home,14519.77,17.0,3.0,0,5.0
C156,P003,Laptop,Electronics,77385.93,2.0,0.0,0,8.0
C132,P048,Body Lotion,Beauty,790.99,2.0,0.0,0,2.0
C135,P006,Smartwatch,Electronics,87824.51,13.0,2.0,0,17.0
C167,P032,Cushion Cover,Home,14519.77,17.0,4.0,0,11.0
C112,P023,Cap,Clothing,4858.35,15.0,3.0,3,13.0
C108,P062,Self Help Guide,Books,690.76,11.0,1.0,0,12.0
C136,P008,Webcam,Electronics,70915.94,17.0,4.0,0,16.0
C052,P051,Football,Sports,1718.28,15.0,2.0,0,13.0
C053,P002,Smartphone,Electronics,39946.96,6.0,0.0,0,13.0
C133,P010,Gaming Mouse,Electronics,40973.43,1.0,0.0,0,11.0
C181,P061,Mystery Novel,Books,917.66,9.0,2.0,0,5.0
C119,P023,Cap,Clothing,4858.35,20.0,10.0,1,13.0
C178,P036,Water Bottle,Home,3043.7,3.0,0.0,0,9.0
C100,P032,Cushion Cover,Home,14519.77,18.0,7.0,2,2.0
C130,P057,Running Shoes,Sports,3751.49,12.0,2.0,0,14.0
C148,P017,Hoodie,Clothing,2861.01,17.0,3.0,0,15.0
C068,P008,Webcam,Electronics,70915.94,14.0,2.0,3,17.0
C024,P034,Storage Box,Home,5713.28,16.0,2.0,0,17.0
C087,P028,Bedsheet Set,Home,895.11,7.0,4.0,0,7.0
C098,P021,Sports Shorts,Clothing,3837.82,16.0,5.0,0,2.0
C009,P036,Water Bottle,Home,3043.7,12.0,2.0,0,5.0
C198,P059,Python Basics,Books,309.77,5.0,0.0,0,9.0
C111,P019,Winter Jacket,Clothing,4171.63,8.0,3.0,0,3.0
C009,P060,Data Science Intro,Books,280.71,15.0,0.0,0,5.0
C029,P015,Cotton T-Shirt,Clothing,2327.39,10.0,0.0,0,2.0
C163,P058,Water Bladder,Sports,4613.62,3.0,0.0,0,16.0
C111,P037,Desk Organizer,Home,2165.34,6.0,0.0,0,3.0
C048,P037,Desk Organizer,Home,2165.34,4.0,0.0,0,1.0
C145,P030,Vacuum Cleaner,Home,10323.97,2.0,1.0,0,3.0
C146,P019,Winter Jacket,Clothing,4171.63,16.0,0.0,0,
C160,P001,Wireless Earbuds,Electronics,69835.88,14.0,2.0,0,0.0
C211,P042,Sunscreen,Beauty,2097.43,16.0,1.0,0,7.0
C186,P037,Desk Organizer,Home,2165.34,1.0,0.0,0,16.0
C157,P005,Bluetooth Speaker,Electronics,9199.62,5.0,1.0,0,3.0
C103,P067,Kids Picture Book,Books,792.09,11.0,4.0,0,13.0
C016,P013,Headphones,Electronics,58231.77,6.0,3.0,0,7.0
C218,P046,Face Mask,Beauty,2030.43,,1.0,0,0.0
C067,P039,Face Wash,Beauty,643.58,15.0,1.0,0,9.0
C147,P023,Cap,Clothing,,13.0,2.0,0,2.0
C196,P053,Skipping Rope,Sports,,13.0,1.0,0,9.0
C004,P060,Data Science Intro,Books,280.71,9.0,3.0,0,12.0
C010,P050,Dumbbells,Sports,1246.06,13.0,3.0,0,6.0
C200,P068,Business Strategy,Books,498.54,16.0,3.0,2,14.0
C206,P009,Tablet,Electronics,12226.74,7.0,0.0,0,
C136,P002,Smartphone,Electronics,39946.96,4.0,,0,16.0
C040,P008,Webcam,Electronics,70915.94,14.0,3.0,3,17.0
C109,P043,Hair Serum,Beauty,1779.64,2.0,1.0,0,0.0
C018,P060,Data Science Intro,Books,280.71,4.0,0.0,0,16.0
C211,P069,Poetry Collection,Books,184.44,3.0,1.0,0,7.0
C141,P050,Dumbbells,Sports,1246.06,9.0,0.0,0,0.0
C060,P057,Running Shoes,Sports,3751.49,16.0,1.0,3,4.0
C090,P061,Mystery Novel,Books,,3.0,0.0,0,14.0
C089,P066,Short Stories,Books,785.62,7.0,1.0,0,4.0
C062,P060,Data Science Intro,Books,280.71,15.0,2.0,0,15.0
C105,P003,Laptop,Electronics,77385.93,2.0,0.0,0,17.0
C084,P064,History of AI,Books,1028.75,7.0,1.0,0,1.0
C219,P033,Wall Clock,Home,5054.92,6.0,0.0,0,6.0
C177,P055,Resistance Bands,Sports,5684.55,1.0,0.0,0,15.0
C088,P024,Socks Pack,Clothing,4485.98,13.0,3.0,0,5.0
C133,P068,Business Strategy,Books,498.54,15.0,1.0,1,11.0
C208,P027,Table Lamp,Home,7133.13,6.0,1.0,0,4.0
C118,P031,Cookware Set,Home,11234.24,7.0,2.0,0,8.0
C172,P068,Business Strategy,Books,498.54,7.0,1.0,1,8.0
C006,P017,Hoodie,Clothing,2861.01,5.0,2.0,0,12.0
C069,P051,Football,Sports,1718.28,12.0,1.0,2,8.0
C148,P043,Hair Serum,Beauty,1779.64,3.0,0.0,0,15.0
C111,P070,Science Comics,Books,651.22,10.0,2.0,0,3.0
C153,P043,Hair Serum,Beauty,1779.64,5.0,0.0,0,1.0
C220,P021,Sports Shorts,Clothing,3837.82,7.0,1.0,0,12.0
C086,P015,Cotton T-Shirt,Clothing,2327.39,4.0,0.0,0,6.0
C137,P025,Belt,Clothing,3935.24,13.0,5.0,0,1.0
C165,P029,Coffee Maker,Home,2524.77,14.0,1.0,2,2.0
C124,P033,Wall Clock,,5054.92,9.0,3.0,0,4.0
C030,P049,Yoga Mat,Sports,5506.59,21.0,6.0,0,7.0
C172,P046,Face Mask,Beauty,2030.43,2.0,0.0,2,8.0
C217,P007,USB-C Hub,Electronics,68692.66,13.0,1.0,0,13.0
C060,P032,Cushion Cover,Home,14519.77,8.0,0.0,0,4.0
C018,P001,Wireless Earbuds,Electronics,69835.88,13.0,7.0,0,16.0
C004,P050,Dumbbells,Sports,1246.06,4.0,1.0,0,12.0
C210,P023,Cap,Clothing,4858.35,8.0,1.0,0,16.0
C088,P036,Water Bottle,Home,3043.7,9.0,3.0,0,
C101,P017,Hoodie,Clothing,2861.01,2.0,1.0,0,17.0
C060,P047,Nail Kit,Beauty,1028.95,10.0,1.0,0,4.0
C064,P040,Moisturizer,Beauty,1706.55,11.0,2.0,0,3.0
C133,P011,Keyboard,Electronics,33874.18,3.0,0.0,3,11.0
C153,P029,Coffee Maker,Home,2524.77,16.0,1.0,0,1.0
C174,P017,Hoodie,Clothing,2861.01,5.0,0.0,0,14.0
C032,P035,Air Fryer,Home,7174.95,8.0,1.0,2,1.0
C088,P043,Hair Serum,Beauty,1779.64,5.0,4.0,0,5.0
C154,P009,Tablet,Electronics,12226.74,3.0,0.0,0,
C025,P037,Desk Organizer,Home,2165.34,13.0,,2,1.0
C182,P001,Wireless Earbuds,Electronics,69835.88,9.0,0.0,0,12.0
C185,P055,Resistance Bands,Sports,5684.55,1.0,0.0,0,0.0
C101,P039,Face Wash,Beauty,643.58,15.0,4.0,2,17.0
C051,P005,Bluetooth Speaker,Electronics,9199.62,4.0,0.0,0,10.0
C159,P070,Science Comics,Books,651.22,13.0,3.0,2,11.0
C053,P040,Moisturizer,Beauty,1706.55,21.0,11.0,2,13.0
C011,P050,Dumbbells,Sports,1246.06,9.0,0.0,0,8.0
C002,P026,Raincoat,Clothing,1133.27,5.0,1.0,0,
C059,P034,Storage Box,Home,5713.28,8.0,1.0,0,7.0
C190,P006,Smartwatch,Electronics,87824.51,11.0,0.0,1,9.0
C208,P020,Casual Shirt,Clothing,3230.99,10.0,2.0,3,4.0
C017,P031,Cookware Set,Home,11234.24,13.0,6.0,0,5.0
C140,P042,Sunscreen,Beauty,2097.43,8.0,2.0,0,
C125,P056,Cycling Helmet,Sports,6277.72,8.0,1.0,0,4.0
C204,P001,Wireless Earbuds,Electronics,69835.88,,4.0,0,9.0
C098,P017,Hoodie,Clothing,2861.01,8.0,2.0,0,2.0
C086,P057,Running Shoes,Sports,3751.49,14.0,1.0,0,6.0
C069,P005,Bluetooth Speaker,Electronics,9199.62,17.0,1.0,0,
C022,P063,Cookbook,Books,799.02,8.0,2.0,0,
C020,P013,Headphones,Electronics,58231.77,13.0,2.0,0,0.0
C090,P003,Laptop,Electronics,77385.93,10.0,2.0,1,14.0
C174,P024,Socks Pack,Clothing,4485.98,4.0,0.0,0,14.0
C084,P025,Belt,Clothing,3935.24,2.0,0.0,0,1.0
C029,P061,Mystery Novel,Books,917.66,3.0,0.0,0,2.0
C155,P049,Yoga Mat,Sports,,5.0,1.0,0,1.0
C162,P038,LED Strip,Home,7265.65,12.0,0.0,0,12.0
C051,P037,Desk Organizer,Home,2165.34,11.0,1.0,0,10.0
C159,P036,Water Bottle,Home,3043.7,17.0,3.0,2,11.0
C049,P003,Laptop,Electronics,77385.93,18.0,3.0,3,11.0
C038,P018,Sneakers,Clothing,505.32,8.0,0.0,3,3.0
C145,P063,Cookbook,Books,799.02,17.0,2.0,0,3.0
C147,P034,Storage Box,Home,5713.28,14.0,1.0,0,2.0
C013,P024,Socks Pack,Clothing,4485.98,18.0,3.0,0,1.0
C210,P033,Wall Clock,,5054.92,13.0,1.0,0,16.0
C113,P021,Sports Shorts,Clothing,3837.82,6.0,0.0,0,1.0
C013,P068,Business Strategy,Books,498.54,,0.0,0,1.0
C176,P029,Coffee Maker,Home,2524.77,8.0,4.0,0,13.0
C193,P031,Cookware Set,Home,11234.24,6.0,0.0,0,4.0
C004,P052,Tennis Racket,Sports,206.79,10.0,3.0,0,12.0
C006,P038,LED Strip,Home,7265.65,17.0,5.0,0,12.0
C178,P035,Air Fryer,Home,7174.95,13.0,2.0,0,9.0
C164,P063,Cookbook,Books,799.02,6.0,3.0,0,3.0
C194,P019,Winter Jacket,Clothing,4171.63,5.0,1.0,0,9.0
C023,P011,Keyboard,Electronics,33874.18,8.0,,0,16.0
C055,P024,Socks Pack,Clothing,4485.98,8.0,0.0,0,12.0
C018,P036,Water Bottle,Home,3043.7,14.0,2.0,3,16.0
C089,P032,Cushion Cover,Home,14519.77,5.0,1.0,0,4.0
C002,P019,Winter Jacket,Clothing,4171.63,3.0,0.0,0,11.0
C008,P039,Face Wash,Beauty,643.58,9.0,2.0,3,11.0
C175,P043,Hair Serum,Beauty,1779.64,13.0,5.0,3,16.0
C045,P029,Coffee Maker,Home,2524.77,18.0,4.0,0,14.0
C066,P046,Face Mask,Beauty,2030.43,9.0,2.0,0,5.0
C033,P044,Perfume,Beauty,848.68,10.0,1.0,0,
C027,P010,Gaming Mouse,Electronics,40973.43,1.0,0.0,0,4.0
C154,P001,Wireless Earbuds,Electronics,69835.88,10.0,2.0,0,14.0
C219,P046,Face Mask,Beauty,2030.43,8.0,2.0,0,6.0
C141,P070,Science Comics,Books,651.22,17.0,3.0,3,0.0
C036,P044,Perfume,Beauty,848.68,8.0,1.0,3,12.0
C014,P050,Dumbbells,Sports,1246.06,2.0,0.0,0,4.0
C176,P049,Yoga Mat,Sports,5506.59,13.0,2.0,0,13.0
C003,P067,Kids Picture Book,Books,792.09,5.0,,2,0.0
C194,P061,Mystery Novel,Books,917.66,8.0,,0,9.0
C021,P054,Gym Bag,Sports,,8.0,2.0,0,10.0
C057,P019,Winter Jacket,Clothing,4171.63,14.0,5.0,2,11.0
C091,P030,Vacuum Cleaner,Home,10323.97,16.0,1.0,0,14.0
C065,P045,Shampoo,Beauty,2096.42,16.0,2.0,0,2.0
C086,P062,Self Help Guide,Books,690.76,13.0,1.0,3,6.0
C078,P039,Face Wash,Beauty,643.58,10.0,4.0,0,8.0
C060,P043,Hair Serum,Beauty,,16.0,,0,
C061,P038,LED Strip,Home,7265.65,1.0,0.0,0,14.0
C041,P022,Wool Sweater,Clothing,1900.72,2.0,1.0,3,8.0
C077,P015,Cotton T-Shirt,Clothing,2327.39,7.0,2.0,0,9.0
C159,P011,Keyboard,Electronics,,16.0,0.0,3,11.0
C159,P009,Tablet,Electronics,12226.74,9.0,2.0,0,11.0
C220,P045,Shampoo,Beauty,2096.42,1.0,0.0,0,12.0
C103,P015,Cotton T-Shirt,Clothing,,7.0,1.0,0,13.0
C004,P053,Skipping Rope,Sports,6326.36,15.0,3.0,0,12.0
C092,P059,Python Basics,Books,309.77,6.0,0.0,0,7.0
C098,P036,Water Bottle,Home,3043.7,4.0,0.0,0,2.0
C156,P018,Sneakers,Clothing,505.32,10.0,1.0,0,8.0
C099,P053,Skipping Rope,Sports,6326.36,4.0,1.0,0,4.0
C177,P046,Face Mask,Beauty,2030.43,12.0,0.0,1,15.0
C155,P061,Mystery Novel,Books,917.66,11.0,1.0,0,1.0
C207,P058,Water Bladder,Sports,,1.0,0.0,3,6.0
C199,P013,Headphones,Electronics,58231.77,10.0,1.0,0,11.0
C185,P059,Python Basics,Books,309.77,3.0,0.0,1,0.0
C055,P049,Yoga Mat,Sports,5506.59,9.0,2.0,0,12.0
C095,P047,Nail Kit,Beauty,1028.95,16.0,1.0,0,15.0
C085,P006,Smartwatch,Electronics,87824.51,8.0,1.0,0,2.0
C008,P061,Mystery Novel,Books,917.66,14.0,0.0,0,11.0
C099,P049,Yoga Mat,Sports,5506.59,7.0,1.0,3,4.0
C067,P061,Mystery Novel,Books,917.66,1.0,0.0,0,
C076,P047,Nail Kit,Beauty,1028.95,3.0,0.0,2,13.0
C009,P034,Storage Box,Home,5713.28,16.0,,0,5.0
C083,P054,Gym Bag,Sports,5368.08,15.0,6.0,0,15.0
C184,P030,Vacuum Cleaner,Home,10323.97,13.0,3.0,0,17.0
C080,P069,Poetry Collection,Books,184.44,11.0,2.0,0,1.0
C091,P002,Smartphone,Electronics,39946.96,10.0,1.0,0,14.0
C054,P013,Headphones,Electronics,58231.77,13.0,4.0,0,12.0
C009,P034,Storage Box,Home,5713.28,11.0,1.0,0,5.0
C009,P001,Wireless Earbuds,Electronics,69835.88,9.0,0.0,0,5.0
C142,P062,Self Help Guide,Books,690.76,13.0,0.0,0,5.0
C036,P055,Resistance Bands,Sports,5684.55,7.0,3.0,0,12.0
C178,P062,Self Help Guide,Books,690.76,11.0,,0,9.0
C071,P018,Sneakers,Clothing,505.32,10.0,3.0,0,11.0
C076,P062,Self Help Guide,Books,690.76,15.0,3.0,0,13.0
C045,P067,Kids Picture Book,Books,792.09,10.0,2.0,0,14.0
C199,P053,Skipping Rope,Sports,6326.36,20.0,2.0,2,11.0
C101,P005,Bluetooth Speaker,Electronics,9199.62,15.0,1.0,0,17.0
C203,P044,Perfume,Beauty,848.68,17.0,9.0,3,11.0
C204,P025,Belt,Clothing,3935.24,19.0,9.0,0,9.0
C172,P056,Cycling Helmet,Sports,6277.72,3.0,1.0,0,8.0
C068,P049,Yoga Mat,Sports,5506.59,18.0,4.0,0,17.0
C216,P006,Smartwatch,Electronics,87824.51,13.0,2.0,0,4.0
C122,P070,Science Comics,Books,651.22,19.0,7.0,1,6.0
C200,P016,Denim Jeans,Clothing,1289.75,1.0,0.0,0,14.0
C188,P014,Portable SSD,Electronics,74189.34,3.0,0.0,0,5.0
C169,P048,Body Lotion,Beauty,790.99,2.0,0.0,0,17.0
C106,P042,Sunscreen,Beauty,2097.43,11.0,0.0,0,4.0
C087,P052,Tennis Racket,Sports,206.79,17.0,3.0,0,7.0
C203,P065,Travel Diary,Books,878.93,16.0,2.0,1,11.0
C069,P021,Sports Shorts,Clothing,3837.82,3.0,1.0,0,8.0
C121,P020,Casual Shirt,Clothing,3230.99,9.0,0.0,0,2.0
C110,P007,USB-C Hub,Electronics,68692.66,11.0,5.0,2,12.0
C046,P061,Mystery Novel,Books,917.66,2.0,0.0,0,15.0
C088,P018,Sneakers,Clothing,505.32,1.0,0.0,0,5.0
C168,P038,LED Strip,Home,7265.65,8.0,2.0,0,0.0
C151,P029,Coffee Maker,Home,2524.77,1.0,0.0,0,14.0
C089,P019,Winter Jacket,Clothing,4171.63,1.0,1.0,0,4.0
C132,P009,Tablet,Electronics,12226.74,2.0,0.0,0,2.0
C138,P024,Socks Pack,Clothing,4485.98,15.0,2.0,0,14.0
C104,P037,Desk Organizer,Home,2165.34,1.0,0.0,0,2.0
C095,P003,Laptop,Electronics,77385.93,4.0,0.0,0,15.0
C097,P011,Keyboard,Electronics,33874.18,7.0,0.0,0,
C091,P017,Hoodie,Clothing,2861.01,19.0,7.0,2,14.0
C075,P007,USB-C Hub,Electronics,68692.66,4.0,1.0,0,0.0
C165,P069,Poetry Collection,Books,,17.0,3.0,0,2.0
C128,P011,Keyboard,Electronics,33874.18,5.0,0.0,0,16.0
C008,P066,Short Stories,Books,785.62,15.0,2.0,1,11.0
C176,P025,Belt,Clothing,3935.24,14.0,4.0,0,13.0
C074,P013,Headphones,Electronics,58231.77,21.0,6.0,0,6.0
C213,P046,Face Mask,Beauty,2030.43,1.0,0.0,0,10.0
C148,P013,Headphones,Electronics,,16.0,2.0,0,15.0
C136,P028,Bedsheet Set,Home,895.11,11.0,2.0,0,16.0
C034,P021,Sports Shorts,Clothing,3837.82,9.0,2.0,0,9.0
C064,P044,Perfume,Beauty,848.68,13.0,4.0,0,3.0
C145,P010,Gaming Mouse,Electronics,40973.43,1.0,0.0,0,3.0
C077,P022,Wool Sweater,Clothing,1900.72,8.0,1.0,0,9.0
C173,P045,Shampoo,Beauty,2096.42,11.0,2.0,3,2.0
C080,P029,Coffee Maker,Home,2524.77,9.0,1.0,2,1.0
C164,P068,Business Strategy,Books,498.54,9.0,3.0,0,3.0
C059,P005,Bluetooth Speaker,Electronics,9199.62,9.0,2.0,0,7.0
C170,P059,Python Basics,Books,309.77,7.0,1.0,1,3.0
C200,P058,Water Bladder,Sports,4613.62,12.0,5.0,1,14.0
C116,P002,Smartphone,Electronics,39946.96,17.0,0.0,0,12.0
C085,P011,Keyboard,Electronics,33874.18,17.0,1.0,0,2.0
C060,P019,Winter Jacket,Clothing,4171.63,7.0,2.0,2,4.0
C054,P042,Sunscreen,Beauty,2097.43,10.0,2.0,0,12.0
C162,P060,Data Science Intro,Books,280.71,8.0,0.0,3,12.0
C076,P013,Headphones,Electronics,58231.77,4.0,0.0,0,13.0
C195,P005,Bluetooth Speaker,Electronics,9199.62,14.0,2.0,2,6.0
C103,P019,Winter Jacket,Clothing,4171.63,7.0,0.0,0,13.0
C169,P012,Monitor,Electronics,83466.44,12.0,5.0,0,17.0
C090,P050,Dumbbells,Sports,1246.06,15.0,2.0,0,14.0
C119,P055,Resistance Bands,Sports,5684.55,8.0,0.0,0,13.0
C103,P039,Face Wash,Beauty,643.58,19.0,7.0,0,13.0
C012,P002,Smartphone,Electronics,39946.96,6.0,1.0,0,9.0
C066,P017,Hoodie,Clothing,2861.01,8.0,5.0,1,5.0
C207,P010,Gaming Mouse,Electronics,40973.43,2.0,0.0,0,6.0
C064,P043,Hair Serum,Beauty,1779.64,7.0,1.0,0,3.0
C173,P031,Cookware Set,Home,11234.24,16.0,6.0,3,2.0
C200,P011,Keyboard,Electronics,33874.18,12.0,1.0,2,14.0
C136,P047,Nail Kit,Beauty,1028.95,12.0,2.0,0,16.0
C124,P007,USB-C Hub,Electronics,68692.66,4.0,0.0,0,4.0
C175,P038,LED Strip,Home,7265.65,14.0,1.0,1,16.0
C062,P064,History of AI,Books,1028.75,16.0,3.0,0,15.0
C129,P066,Short Stories,Books,785.62,16.0,6.0,0,17.0
C084,P058,Water Bladder,Sports,4613.62,20.0,6.0,0,1.0
C036,P010,Gaming Mouse,Electronics,40973.43,8.0,0.0,0,12.0
C046,P032,Cushion Cover,Home,14519.77,12.0,4.0,0,15.0
C094,P066,Short Stories,Books,785.62,13.0,1.0,1,12.0
C079,P030,Vacuum Cleaner,Home,10323.97,6.0,1.0,0,
C020,P027,Table Lamp,Home,7133.13,13.0,2.0,0,0.0
C190,P045,Shampoo,Beauty,2096.42,2.0,0.0,0,9.0
C012,P068,Business Strategy,Books,498.54,4.0,1.0,0,9.0
C166,P031,Cookware Set,Home,11234.24,5.0,0.0,1,10.0
C016,P055,Resistance Bands,Sports,5684.55,,2.0,0,7.0
C052,P006,Smartwatch,Electronics,87824.51,9.0,2.0,0,13.0
C218,P052,Tennis Racket,Sports,206.79,14.0,1.0,0,0.0
C095,P035,Air Fryer,Home,7174.95,11.0,2.0,2,15.0
C065,P030,Vacuum Cleaner,Home,10323.97,2.0,0.0,0,2.0
C117,P032,Cushion Cover,Home,14519.77,5.0,0.0,3,5.0
C088,P025,Belt,Clothing,3935.24,6.0,2.0,0,5.0
C005,P063,Cookbook,Books,799.02,,4.0,0,2.0
C096,P029,Coffee Maker,Home,2524.77,15.0,4.0,2,15.0
C078,P062,Self Help Guide,Books,690.76,12.0,2.0,0,8.0
C020,P034,Storage Box,Home,5713.28,7.0,0.0,0,0.0
C081,P010,Gaming Mouse,Electronics,40973.43,5.0,1.0,0,0.0
C012,P070,Science Comics,Books,651.22,2.0,0.0,0,9.0
C025,P067,Kids Picture Book,Books,792.09,1.0,1.0,0,1.0
C194,P031,Cookware Set,Home,11234.24,15.0,3.0,2,9.0
C069,P065,Travel Diary,Books,878.93,13.0,1.0,0,8.0
C138,P019,Winter Jacket,Clothing,4171.63,10.0,,2,14.0
C076,P050,Dumbbells,Sports,1246.06,5.0,2.0,0,13.0
C178,P051,Football,Sports,1718.28,7.0,3.0,0,9.0
C119,P058,Water Bladder,Sports,4613.62,1.0,0.0,1,13.0
C055,P024,Socks Pack,Clothing,4485.98,1.0,0.0,0,12.0
C127,P019,Winter Jacket,Clothing,4171.63,17.0,1.0,0,17.0
C219,P029,Coffee Maker,Home,2524.77,14.0,0.0,0,6.0
C208,P012,Monitor,Electronics,83466.44,5.0,1.0,0,4.0
C029,P043,Hair Serum,Beauty,1779.64,,1.0,2,2.0
C120,P022,Wool Sweater,Clothing,1900.72,1.0,0.0,0,2.0
C133,P029,Coffee Maker,Home,2524.77,9.0,4.0,0,11.0
C054,P046,Face Mask,Beauty,2030.43,4.0,1.0,2,12.0
C122,P057,Running Shoes,Sports,3751.49,9.0,0.0,0,6.0
C208,P008,Webcam,Electronics,70915.94,8.0,1.0,0,4.0
C001,P025,Belt,Clothing,3935.24,2.0,1.0,0,3.0
C011,P036,Water Bottle,,3043.7,12.0,1.0,0,8.0
C101,P016,Denim Jeans,Clothing,1289.75,11.0,2.0,1,17.0
C210,P058,Water Bladder,Sports,4613.62,7.0,3.0,3,16.0
C062,P058,Water Bladder,Sports,4613.62,17.0,4.0,1,15.0
C163,P014,Portable SSD,Electronics,74189.34,2.0,0.0,0,16.0
C165,P068,Business Strategy,Books,498.54,2.0,0.0,0,2.0
C140,P059,Python Basics,Books,309.77,11.0,3.0,0,10.0
C197,P062,Self Help Guide,Books,690.76,10.0,1.0,0,12.0
C176,P060,Data Science Intro,Books,280.71,6.0,1.0,0,13.0
C178,P064,History of AI,Books,1028.75,17.0,3.0,0,9.0
C213,P052,Tennis Racket,Sports,206.79,6.0,3.0,3,10.0
C151,P032,Cushion Cover,Home,14519.77,7.0,1.0,0,14.0
C139,P041,Lipstick,Beauty,1148.16,9.0,,2,5.0
C010,P069,Poetry Collection,Books,184.44,5.0,0.0,0,6.0
C115,P058,Water Bladder,Sports,4613.62,10.0,0.0,0,16.0
C174,P057,Running Shoes,Sports,3751.49,2.0,0.0,0,14.0
C155,P029,Coffee Maker,Home,2524.77,15.0,4.0,2,1.0
C074,P029,Coffee Maker,Home,2524.77,17.0,3.0,0,6.0
C220,P019,Winter Jacket,Clothing,4171.63,3.0,,0,12.0
C044,P070,Science Comics,,651.22,12.0,2.0,0,2.0
C002,P038,LED Strip,Home,7265.65,,8.0,2,11.0
C141,P066,Short Stories,Books,785.62,10.0,1.0,0,0.0
C200,P064,History of AI,Books,1028.75,1.0,1.0,0,14.0
C219,P051,Football,Sports,1718.28,9.0,1.0,0,6.0
C172,P042,Sunscreen,Beauty,2097.43,8.0,1.0,1,8.0
C039,P052,Tennis Racket,Sports,206.79,9.0,2.0,2,16.0
C046,P013,Headphones,Electronics,58231.77,8.0,1.0,2,15.0
C144,P007,USB-C Hub,Electronics,68692.66,2.0,1.0,0,8.0
C025,P045,Shampoo,Beauty,2096.42,19.0,4.0,2,1.0
C134,P023,Cap,Clothing,4858.35,4.0,0.0,0,15.0
C160,P069,Poetry Collection,Books,184.44,11.0,0.0,0,0.0
C063,P061,Mystery Novel,Books,917.66,9.0,1.0,2,8.0
C146,P034,Storage Box,Home,5713.28,5.0,0.0,0,15.0
C198,P047,Nail Kit,Beauty,1028.95,14.0,3.0,0,9.0
C054,P032,Cushion Cover,Home,14519.77,7.0,1.0,0,12.0
C050,P070,Science Comics,Books,651.22,13.0,4.0,0,13.0
C138,P066,Short Stories,Books,,13.0,2.0,1,14.0
C079,P070,Science Comics,Books,651.22,5.0,0.0,2,9.0
C185,P049,Yoga Mat,Sports,5506.59,12.0,0.0,0,0.0
C040,P018,Sneakers,Clothing,505.32,7.0,0.0,0,17.0
C203,P021,Sports Shorts,Clothing,3837.82,8.0,3.0,0,11.0
C126,P069,Poetry Collection,Books,184.44,10.0,1.0,0,9.0
C053,P041,Lipstick,Beauty,1148.16,11.0,2.0,0,
C165,P056,Cycling Helmet,Sports,6277.72,5.0,0.0,0,2.0
C047,P056,Cycling Helmet,Sports,6277.72,12.0,1.0,0,14.0
C064,P052,Tennis Racket,Sports,206.79,15.0,3.0,0,3.0
C025,P027,Table Lamp,Home,,8.0,2.0,0,1.0
C058,P063,Cookbook,Books,799.02,14.0,5.0,3,2.0
C116,P012,Monitor,Electronics,83466.44,15.0,2.0,0,12.0
C057,P051,Football,Sports,1718.28,3.0,0.0,0,11.0
C188,P048,Body Lotion,Beauty,790.99,17.0,0.0,1,5.0
C104,P070,Science Comics,Books,651.22,12.0,7.0,0,2.0
C003,P017,Hoodie,Clothing,2861.01,7.0,0.0,0,0.0
C202,P050,Dumbbells,Sports,1246.06,6.0,1.0,0,9.0
C066,P019,Winter Jacket,Clothing,,16.0,2.0,0,5.0
C050,P038,LED Strip,Home,7265.65,10.0,4.0,0,13.0
C201,P060,Data Science Intro,Books,280.71,17.0,4.0,0,6.0
C131,P025,Belt,Clothing,3935.24,19.0,7.0,0,11.0
C037,P046,Face Mask,Beauty,2030.43,14.0,3.0,0,15.0
C176,P028,Bedsheet Set,Home,895.11,6.0,1.0,0,13.0
C152,P047,Nail Kit,Beauty,1028.95,10.0,0.0,0,8.0
C123,P016,Denim Jeans,Clothing,1289.75,9.0,0.0,0,16.0
C150,P065,Travel Diary,Books,878.93,6.0,0.0,1,17.0
C137,P064,History of AI,Books,1028.75,5.0,,2,1.0
C056,P003,Laptop,Electronics,77385.93,2.0,0.0,0,11.0
C033,P054,Gym Bag,Sports,5368.08,2.0,0.0,0,17.0
C179,P044,Perfume,Beauty,848.68,6.0,1.0,0,6.0
C162,P042,Sunscreen,Beauty,2097.43,10.0,3.0,0,12.0
C058,P015,Cotton T-Shirt,Clothing,2327.39,5.0,2.0,0,2.0
C049,P066,Short Stories,Books,785.62,17.0,1.0,2,11.0
C102,P054,Gym Bag,Sports,5368.08,1.0,0.0,0,7.0
C209,P058,Water Bladder,Sports,4613.62,6.0,0.0,0,16.0
C200,P004,Power Bank,Electronics,63004.23,11.0,3.0,0,14.0
C067,P020,Casual Shirt,Clothing,3230.99,9.0,1.0,0,9.0
C179,P054,Gym Bag,Sports,5368.08,12.0,1.0,0,6.0
C050,P059,Python Basics,Books,309.77,7.0,3.0,0,13.0
C118,P065,Travel Diary,Books,878.93,6.0,3.0,0,8.0
C113,P061,Mystery Novel,Books,917.66,1.0,0.0,0,1.0
C011,P014,Portable SSD,Electronics,74189.34,11.0,1.0,0,8.0
C143,P038,LED Strip,Home,7265.65,13.0,3.0,2,16.0
C176,P010,Gaming Mouse,Electronics,40973.43,5.0,1.0,0,13.0
C172,P068,Business Strategy,Books,498.54,14.0,3.0,0,8.0
C036,P036,Water Bottle,Home,3043.7,12.0,3.0,0,12.0
C032,P022,Wool Sweater,Clothing,,11.0,3.0,0,1.0
C029,P009,Tablet,Electronics,12226.74,7.0,1.0,0,
C023,P057,Running Shoes,Sports,3751.49,3.0,0.0,0,16.0
C196,P060,Data Science Intro,Books,280.71,17.0,1.0,0,9.0
C087,P012,Monitor,Electronics,83466.44,10.0,4.0,0,7.0
C037,P031,Cookware Set,Home,11234.24,5.0,0.0,0,15.0
C109,P016,Denim Jeans,Clothing,1289.75,13.0,1.0,1,0.0
C077,P031,Cookware Set,Home,11234.24,14.0,0.0,0,9.0
C085,P063,Cookbook,Books,799.02,9.0,1.0,0,2.0
C186,P026,Raincoat,Clothing,1133.27,9.0,0.0,0,16.0
C022,P052,Tennis Racket,Sports,206.79,16.0,4.0,1,16.0
C150,P023,Cap,Clothing,4858.35,12.0,4.0,1,17.0
C126,P034,Storage Box,Home,,7.0,1.0,0,9.0
C145,P001,Wireless Earbuds,Electronics,69835.88,10.0,1.0,2,3.0
C110,P058,Water Bladder,Sports,4613.62,1.0,0.0,0,12.0
C204,P040,Moisturizer,Beauty,1706.55,1.0,0.0,3,
C061,P063,Cookbook,Books,799.02,7.0,1.0,1,14.0
C041,P048,Body Lotion,Beauty,790.99,7.0,1.0,0,8.0
C032,P025,Belt,Clothing,3935.24,4.0,1.0,0,1.0
C205,P005,Bluetooth Speaker,Electronics,9199.62,,0.0,0,2.0
C066,P039,Face Wash,Beauty,643.58,7.0,0.0,2,5.0
C138,P044,Perfume,Beauty,848.68,16.0,9.0,2,14.0
C195,P063,Cookbook,Books,799.02,15.0,6.0,0,6.0
C134,P052,Tennis Racket,Sports,206.79,5.0,0.0,1,15.0
C081,P056,Cycling Helmet,Sports,6277.72,6.0,1.0,0,0.0
C145,P029,Coffee Maker,Home,2524.77,5.0,0.0,0,3.0
C077,P024,Socks Pack,Clothing,,2.0,0.0,1,9.0
C077,P031,Cookware Set,Home,11234.24,14.0,0.0,0,9.0
C039,P033,Wall Clock,Home,5054.92,17.0,0.0,0,16.0
C205,P012,Monitor,Electronics,83466.44,10.0,1.0,0,2.0
C025,P052,Tennis Racket,Sports,206.79,,1.0,0,1.0
C097,P009,Tablet,Electronics,12226.74,8.0,2.0,0,5.0
C163,P047,Nail Kit,Beauty,1028.95,12.0,1.0,2,16.0
C163,P001,Wireless Earbuds,Electronics,69835.88,6.0,1.0,0,16.0
C048,P021,Sports Shorts,Clothing,3837.82,16.0,6.0,0,1.0
C178,P044,Perfume,Beauty,848.68,3.0,0.0,0,9.0
C105,P021,Sports Shorts,Clothing,3837.82,2.0,0.0,0,17.0
C205,P015,Cotton T-Shirt,Clothing,2327.39,5.0,0.0,0,2.0
C122,P027,Table Lamp,Home,7133.13,9.0,2.0,0,6.0
C073,P053,Skipping Rope,Sports,6326.36,8.0,1.0,0,15.0
C032,P016,Denim Jeans,Clothing,1289.75,6.0,3.0,0,1.0
C086,P054,Gym Bag,Sports,5368.08,13.0,4.0,0,6.0
C019,P059,Python Basics,,309.77,8.0,1.0,3,15.0
C177,P021,Sports Shorts,Clothing,3837.82,9.0,2.0,0,15.0
C174,P024,Socks Pack,Clothing,4485.98,3.0,2.0,0,14.0
C168,P050,Dumbbells,Sports,1246.06,5.0,0.0,1,0.0
C162,P041,Lipstick,Beauty,1148.16,5.0,,0,12.0
C046,P032,Cushion Cover,Home,14519.77,1.0,1.0,1,15.0
C086,P007,USB-C Hub,Electronics,68692.66,5.0,2.0,0,6.0
C120,P010,Gaming Mouse,Electronics,40973.43,15.0,1.0,0,2.0
C090,P011,Keyboard,Electronics,33874.18,9.0,0.0,0,14.0
C192,P038,LED Strip,Home,7265.65,8.0,0.0,3,2.0
C108,P017,Hoodie,Clothing,2861.01,12.0,5.0,0,12.0
C190,P026,Raincoat,Clothing,,9.0,1.0,0,9.0
C160,P019,Winter Jacket,Clothing,4171.63,14.0,1.0,1,0.0
C194,P039,Face Wash,Beauty,643.58,9.0,1.0,3,9.0
C119,P070,Science Comics,Books,651.22,15.0,2.0,0,13.0
C100,P017,Hoodie,Clothing,2861.01,1.0,0.0,0,2.0
C199,P037,Desk Organizer,Home,2165.34,13.0,1.0,3,11.0
C022,P055,Resistance Bands,Sports,5684.55,15.0,0.0,0,16.0
C220,P024,Socks Pack,Clothing,4485.98,5.0,0.0,0,12.0
C197,P016,Denim Jeans,Clothing,1289.75,15.0,5.0,3,12.0
C201,P046,Face Mask,Beauty,2030.43,1.0,0.0,0,6.0
C024,P021,Sports Shorts,Clothing,3837.82,8.0,1.0,2,17.0
C169,P022,Wool Sweater,Clothing,1900.72,10.0,1.0,0,17.0
C211,P047,Nail Kit,Beauty,1028.95,3.0,0.0,0,7.0
C118,P042,Sunscreen,Beauty,,8.0,1.0,3,8.0
C153,P002,Smartphone,Electronics,39946.96,1.0,0.0,0,1.0
C107,P005,Bluetooth Speaker,Electronics,9199.62,7.0,3.0,0,10.0
C207,P012,Monitor,Electronics,83466.44,1.0,0.0,0,6.0
C108,P068,Business Strategy,Books,,15.0,2.0,0,12.0
C064,P066,Short Stories,Books,,12.0,2.0,0,3.0
C058,P053,Skipping Rope,Sports,6326.36,15.0,1.0,0,2.0
C084,P029,Coffee Maker,Home,2524.77,12.0,2.0,0,1.0
C069,P007,USB-C Hub,Electronics,68692.66,14.0,1.0,0,8.0
C102,P031,Cookware Set,Home,11234.24,6.0,0.0,0,
C055,P049,Yoga Mat,Sports,5506.59,7.0,1.0,0,
C164,P022,Wool Sweater,Clothing,1900.72,14.0,0.0,0,3.0
C111,P041,Lipstick,Beauty,1148.16,2.0,0.0,0,3.0
C184,P019,Winter Jacket,Clothing,4171.63,15.0,,3,17.0
C173,P013,Headphones,Electronics,58231.77,4.0,2.0,0,2.0
C199,P030,Vacuum Cleaner,Home,10323.97,14.0,0.0,0,11.0
C086,P032,Cushion Cover,Home,14519.77,8.0,0.0,0,6.0
C175,P041,Lipstick,Beauty,1148.16,12.0,1.0,2,16.0
C124,P001,Wireless Earbuds,Electronics,69835.88,9.0,1.0,2,4.0
C192,P038,LED Strip,Home,7265.65,8.0,,0,2.0
C123,P040,Moisturizer,Beauty,1706.55,17.0,3.0,3,16.0
C063,P001,Wireless Earbuds,Electronics,69835.88,14.0,1.0,0,8.0
C040,P004,Power Bank,Electronics,63004.23,7.0,3.0,1,17.0
C092,P059,Python Basics,Books,309.77,10.0,2.0,0,7.0
C152,P042,Sunscreen,Beauty,2097.43,7.0,0.0,3,8.0
C211,P020,Casual Shirt,Clothing,3230.99,5.0,0.0,0,
C046,P042,Sunscreen,Beauty,2097.43,8.0,1.0,0,15.0
C148,P031,Cookware Set,Home,11234.24,17.0,7.0,1,15.0
C207,P020,Casual Shirt,Clothing,3230.99,1.0,0.0,0,6.0
C016,P034,Storage Box,Home,5713.28,13.0,4.0,0,7.0
C029,P044,Perfume,Beauty,848.68,2.0,1.0,0,2.0
C072,P019,Winter Jacket,Clothing,4171.63,17.0,2.0,3,15.0
C045,P036,Water Bottle,Home,3043.7,13.0,4.0,0,14.0
C194,P022,Wool Sweater,Clothing,1900.72,6.0,0.0,0,9.0
C138,P057,Running Shoes,Sports,3751.49,13.0,4.0,0,14.0
C080,P046,Face Mask,Beauty,2030.43,1.0,0.0,0,
C181,P048,Body Lotion,Beauty,790.99,2.0,,0,5.0
C122,P069,Poetry Collection,Books,184.44,18.0,4.0,2,6.0
C182,P023,Cap,Clothing,4858.35,6.0,2.0,0,12.0
C025,P067,Kids Picture Book,Books,792.09,14.0,5.0,0,1.0
C201,P037,Desk Organizer,Home,2165.34,1.0,,0,6.0
C186,P068,Business Strategy,Books,,11.0,1.0,0,16.0
C118,P060,Data Science Intro,Books,280.71,8.0,1.0,0,8.0
C122,P024,Socks Pack,Clothing,4485.98,12.0,4.0,0,6.0
C102,P016,Denim Jeans,Clothing,1289.75,3.0,0.0,1,7.0
C214,P050,Dumbbells,Sports,1246.06,21.0,4.0,0,1.0
C218,P069,Poetry Collection,Books,184.44,20.0,5.0,0,0.0
C207,P036,Water Bottle,Home,3043.7,11.0,2.0,3,6.0
C087,P038,LED Strip,Home,7265.65,11.0,6.0,2,7.0
C122,P040,Moisturizer,Beauty,1706.55,12.0,2.0,0,6.0
C147,P037,Desk Organizer,Home,2165.34,11.0,2.0,0,2.0
C143,P034,Storage Box,Home,5713.28,10.0,,3,16.0
C126,P003,Laptop,Electronics,77385.93,,2.0,0,9.0
C133,P008,Webcam,Electronics,70915.94,14.0,1.0,0,
C108,P049,Yoga Mat,Sports,,8.0,2.0,2,12.0
C057,P041,Lipstick,Beauty,1148.16,16.0,0.0,0,11.0
C152,P067,Kids Picture Book,Books,792.09,15.0,4.0,0,8.0
C152,P018,Sneakers,Clothing,505.32,9.0,4.0,0,8.0
C147,P003,Laptop,Electronics,77385.93,,1.0,0,2.0
C116,P036,Water Bottle,Home,3043.7,1.0,1.0,2,12.0
C113,P053,Skipping Rope,Sports,6326.36,14.0,1.0,3,1.0
C132,P040,Moisturizer,Beauty,1706.55,11.0,1.0,0,2.0
C174,P013,Headphones,Electronics,58231.77,5.0,1.0,0,14.0
C195,P017,Hoodie,Clothing,2861.01,10.0,1.0,0,6.0
C002,P046,Face Mask,Beauty,2030.43,6.0,0.0,0,11.0
C084,P059,Python Basics,Books,309.77,1.0,1.0,0,1.0
C076,P060,Data Science Intro,Books,280.71,12.0,5.0,2,13.0
C015,P015,Cotton T-Shirt,Clothing,2327.39,10.0,4.0,2,17.0
C159,P040,Moisturizer,Beauty,1706.55,14.0,3.0,0,11.0
C078,P028,Bedsheet Set,,895.11,12.0,1.0,0,8.0
C021,P005,Bluetooth Speaker,Electronics,9199.62,9.0,0.0,0,10.0
C077,P026,Raincoat,Clothing,1133.27,9.0,2.0,0,9.0
C062,P020,Casual Shirt,Clothing,3230.99,5.0,0.0,0,15.0
C092,P061,Mystery Novel,Books,917.66,5.0,1.0,0,7.0
C091,P043,Hair Serum,Beauty,1779.64,13.0,2.0,3,14.0
C161,P048,Body Lotion,Beauty,790.99,13.0,0.0,0,14.0
C042,P070,Science Comics,Books,651.22,20.0,4.0,3,2.0
C027,P036,Water Bottle,Home,3043.7,16.0,3.0,3,4.0
C114,P010,Gaming Mouse,Electronics,40973.43,1.0,0.0,0,15.0
C161,P013,Headphones,Electronics,58231.77,6.0,4.0,0,14.0
C104,P040,Moisturizer,Beauty,1706.55,11.0,2.0,1,2.0
C050,P047,Nail Kit,Beauty,1028.95,6.0,1.0,2,13.0
C204,P068,Business Strategy,Books,498.54,10.0,2.0,0,9.0
C006,P021,Sports Shorts,Clothing,3837.82,15.0,2.0,1,12.0
C007,P045,Shampoo,Beauty,2096.42,9.0,,2,5.0
C057,P016,Denim Jeans,Clothing,1289.75,15.0,7.0,3,11.0
C133,P020,Casual Shirt,Clothing,3230.99,7.0,1.0,1,11.0
C083,P004,Power Bank,Electronics,63004.23,13.0,1.0,1,15.0
C219,P051,Football,Sports,1718.28,9.0,1.0,0,6.0
C099,P052,Tennis Racket,Sports,206.79,4.0,1.0,2,4.0
C099,P035,Air Fryer,Home,7174.95,14.0,4.0,0,4.0
C128,P067,Kids Picture Book,Books,792.09,13.0,1.0,0,16.0
C049,P033,Wall Clock,Home,5054.92,7.0,2.0,0,11.0
C115,P056,Cycling Helmet,Sports,6277.72,,0.0,0,16.0
C008,P025,Belt,Clothing,3935.24,17.0,9.0,2,11.0
C090,P069,Poetry Collection,Books,184.44,17.0,2.0,1,14.0
C039,P006,Smartwatch,Electronics,87824.51,,1.0,0,16.0
C142,P048,Body Lotion,Beauty,790.99,9.0,2.0,3,5.0
C114,P010,Gaming Mouse,Electronics,40973.43,1.0,0.0,0,15.0
C078,P068,Business Strategy,Books,498.54,7.0,2.0,2,8.0
C207,P013,Headphones,Electronics,58231.77,10.0,0.0,3,6.0
C047,P022,Wool Sweater,Clothing,1900.72,13.0,2.0,0,14.0
C206,P027,Table Lamp,Home,7133.13,21.0,9.0,3,8.0
C079,P034,Storage Box,Home,5713.28,6.0,1.0,0,9.0
C149,P012,Monitor,Electronics,83466.44,,3.0,0,9.0
C132,P011,Keyboard,Electronics,33874.18,1.0,0.0,0,2.0
C126,P007,USB-C Hub,Electronics,68692.66,6.0,1.0,0,9.0
C030,P050,Dumbbells,,1246.06,19.0,2.0,0,7.0
C022,P037,Desk Organizer,Home,2165.34,8.0,1.0,0,16.0
C037,P037,Desk Organizer,Home,2165.34,4.0,0.0,0,15.0
C076,P035,Air Fryer,Home,7174.95,2.0,0.0,0,13.0
C065,P025,Belt,Clothing,3935.24,13.0,0.0,2,2.0
C029,P024,Socks Pack,Clothing,4485.98,12.0,1.0,0,2.0
C106,P012,Monitor,Electronics,83466.44,13.0,0.0,0,4.0
C022,P039,Face Wash,Beauty,643.58,12.0,1.0,0,16.0
C039,P028,Bedsheet Set,Home,895.11,15.0,1.0,2,16.0
C150,P052,Tennis Racket,Sports,206.79,1.0,0.0,0,17.0
C055,P013,Headphones,Electronics,58231.77,12.0,0.0,3,12.0
C187,P043,Hair Serum,Beauty,1779.64,3.0,0.0,0,9.0
C115,P057,Running Shoes,Sports,3751.49,8.0,0.0,0,16.0
C017,P025,Belt,Clothing,3935.24,8.0,1.0,0,5.0
C118,P060,Data Science Intro,Books,280.71,17.0,3.0,2,8.0
C138,P063,Cookbook,Books,799.02,9.0,0.0,0,14.0
C144,P069,Poetry Collection,Books,184.44,16.0,5.0,3,8.0
C052,P064,History of AI,Books,1028.75,1.0,0.0,0,13.0
C094,P008,Webcam,Electronics,70915.94,9.0,0.0,0,12.0
C210,P059,Python Basics,Books,309.77,2.0,1.0,0,16.0
C168,P046,Face Mask,Beauty,2030.43,13.0,0.0,0,0.0
C025,P037,Desk Organizer,Home,2165.34,16.0,2.0,0,1.0
C007,P006,Smartwatch,Electronics,87824.51,14.0,1.0,0,5.0
C101,P011,Keyboard,Electronics,33874.18,1.0,0.0,0,17.0
C173,P019,Winter Jacket,,4171.63,21.0,7.0,0,2.0
C078,P001,Wireless Earbuds,Electronics,69835.88,8.0,2.0,0,8.0
C070,P058,Water Bladder,Sports,4613.62,1.0,0.0,0,8.0
C055,P064,History of AI,Books,1028.75,10.0,2.0,2,12.0
C027,P050,Dumbbells,Sports,1246.06,8.0,0.0,0,4.0
C164,P021,Sports Shorts,Clothing,3837.82,16.0,2.0,2,3.0
C119,P045,Shampoo,Beauty,2096.42,6.0,0.0,3,13.0
C110,P021,Sports Shorts,Clothing,3837.82,4.0,0.0,0,12.0
C121,P006,Smartwatch,Electronics,,1.0,0.0,0,2.0
C123,P047,Nail Kit,Beauty,1028.95,3.0,0.0,3,16.0
C178,P060,Data Science Intro,Books,,2.0,0.0,0,9.0
C150,P011,Keyboard,Electronics,33874.18,19.0,2.0,1,17.0
C023,P043,Hair Serum,Beauty,1779.64,11.0,1.0,0,16.0
C092,P025,Belt,Clothing,3935.24,13.0,2.0,0,7.0
C116,P006,Smartwatch,Electronics,87824.51,15.0,0.0,0,12.0
C051,P070,Science Comics,Books,651.22,12.0,2.0,0,10.0
C036,P045,Shampoo,Beauty,2096.42,6.0,0.0,0,12.0
C091,P014,Portable SSD,Electronics,74189.34,2.0,0.0,0,14.0
C032,P011,Keyboard,Electronics,33874.18,5.0,1.0,1,1.0
C173,P024,Socks Pack,Clothing,4485.98,7.0,5.0,0,2.0
C094,P050,Dumbbells,Sports,1246.06,2.0,0.0,0,12.0
C083,P013,Headphones,Electronics,58231.77,16.0,2.0,0,15.0
C078,P066,Short Stories,Books,785.62,11.0,7.0,3,8.0
C090,P016,Denim Jeans,Clothing,1289.75,17.0,3.0,1,
C175,P046,Face Mask,Beauty,2030.43,1.0,0.0,0,16.0
C174,P061,Mystery Novel,Books,917.66,9.0,3.0,2,14.0
C076,P070,Science Comics,Books,651.22,16.0,7.0,0,13.0
C140,P009,Tablet,Electronics,12226.74,8.0,0.0,0,10.0
C182,P016,Denim Jeans,Clothing,1289.75,14.0,4.0,2,12.0
C059,P035,Air Fryer,Home,7174.95,9.0,4.0,0,7.0
C194,P023,Cap,Clothing,4858.35,16.0,5.0,0,9.0
C116,P062,Self Help Guide,Books,690.76,3.0,0.0,3,12.0
C049,P014,Portable SSD,Electronics,74189.34,14.0,7.0,1,11.0
C132,P019,Winter Jacket,Clothing,4171.63,14.0,3.0,0,2.0
C149,P050,Dumbbells,Sports,1246.06,1.0,0.0,0,9.0
C008,P052,Tennis Racket,Sports,206.79,17.0,2.0,0,11.0
C210,P059,Python Basics,Books,309.77,4.0,1.0,0,16.0
C050,P052,Tennis Racket,Sports,206.79,16.0,0.0,0,13.0
C050,P003,Laptop,Electronics,,17.0,,0,13.0
C187,P030,Vacuum Cleaner,Home,10323.97,3.0,0.0,0,9.0
C035,P045,Shampoo,Beauty,2096.42,14.0,0.0,0,8.0
C163,P046,Face Mask,Beauty,2030.43,13.0,2.0,2,16.0
C021,P003,Laptop,Electronics,77385.93,12.0,0.0,0,10.0
C153,P044,Perfume,Beauty,848.68,8.0,1.0,0,1.0
C005,P026,Raincoat,Clothing,1133.27,3.0,0.0,2,2.0
C116,P002,Smartphone,Electronics,39946.96,7.0,2.0,0,12.0
C128,P060,Data Science Intro,Books,,11.0,0.0,2,16.0
C130,P058,Water Bladder,Sports,4613.62,10.0,2.0,3,14.0
C055,P069,Poetry Collection,Books,184.44,11.0,2.0,0,12.0
C040,P032,Cushion Cover,Home,14519.77,2.0,0.0,0,17.0
C015,P070,Science Comics,Books,,4.0,1.0,0,17.0
C071,P047,Nail Kit,Beauty,1028.95,20.0,9.0,2,11.0
C173,P063,Cookbook,Books,799.02,8.0,2.0,0,2.0
C191,P030,Vacuum Cleaner,Home,10323.97,3.0,0.0,0,1.0
C178,P057,Running Shoes,Sports,3751.49,13.0,4.0,0,9.0
C132,P068,Business Strategy,Books,498.54,15.0,2.0,0,2.0
C143,P025,Belt,Clothing,3935.24,9.0,1.0,0,16.0
C014,P066,Short Stories,Books,785.62,9.0,2.0,1,4.0
C026,P050,Dumbbells,Sports,1246.06,10.0,5.0,0,10.0
C062,P022,Wool Sweater,Clothing,1900.72,7.0,1.0,2,15.0
C022,P059,Python Basics,Books,309.77,13.0,3.0,2,16.0
C018,P036,Water Bottle,Home,3043.7,6.0,0.0,0,16.0
C166,P053,Skipping Rope,Sports,6326.36,5.0,0.0,0,10.0
C182,P030,Vacuum Cleaner,Home,10323.97,7.0,0.0,0,12.0
C155,P018,Sneakers,Clothing,505.32,16.0,1.0,0,1.0
C154,P039,Face Wash,Beauty,643.58,17.0,0.0,1,14.0
C092,P064,History of AI,Books,1028.75,11.0,1.0,0,7.0
C195,P069,Poetry Collection,Books,184.44,10.0,2.0,0,6.0
C045,P021,Sports Shorts,Clothing,3837.82,13.0,4.0,0,14.0
C167,P048,Body Lotion,Beauty,790.99,9.0,0.0,0,11.0
C164,P005,Bluetooth Speaker,Electronics,9199.62,11.0,4.0,0,3.0
C029,P014,Portable SSD,Electronics,74189.34,16.0,1.0,0,2.0
C116,P010,Gaming Mouse,Electronics,40973.43,10.0,0.0,0,12.0
C033,P046,Face Mask,Beauty,2030.43,1.0,0.0,0,17.0
C106,P031,Cookware Set,Home,11234.24,17.0,0.0,0,4.0
C120,P020,Casual Shirt,Clothing,3230.99,7.0,0.0,0,2.0
C093,P052,Tennis Racket,Sports,206.79,2.0,1.0,0,8.0
C114,P066,Short Stories,Books,785.62,19.0,4.0,0,15.0
C060,P032,Cushion Cover,Home,14519.77,,1.0,0,4.0
C151,P001,Wireless Earbuds,Electronics,69835.88,8.0,5.0,0,14.0
C054,P047,Nail Kit,Beauty,1028.95,14.0,4.0,0,12.0
C188,P048,Body Lotion,Beauty,790.99,3.0,0.0,0,5.0
C049,P005,Bluetooth Speaker,Electronics,9199.62,17.0,8.0,0,11.0
C132,P042,Sunscreen,Beauty,2097.43,17.0,4.0,0,2.0
C029,P018,Sneakers,Clothing,505.32,8.0,1.0,0,2.0
C152,P008,Webcam,Electronics,70915.94,9.0,1.0,0,8.0
C072,P015,Cotton T-Shirt,Clothing,2327.39,9.0,0.0,0,15.0
C012,P025,Belt,Clothing,3935.24,12.0,0.0,0,9.0
C199,P039,Face Wash,Beauty,643.58,15.0,,0,11.0
C139,P057,Running Shoes,Sports,3751.49,10.0,2.0,0,5.0
C197,P033,Wall Clock,Home,5054.92,,0.0,0,12.0
C076,P001,Wireless Earbuds,Electronics,69835.88,1.0,0.0,2,13.0
C211,P066,Short Stories,Books,785.62,12.0,3.0,0,7.0
C117,P034,Storage Box,Home,5713.28,6.0,1.0,2,5.0
C030,P046,Face Mask,Beauty,2030.43,16.0,4.0,0,7.0
C170,P003,Laptop,Electronics,77385.93,13.0,1.0,0,3.0
C025,P030,Vacuum Cleaner,Home,10323.97,12.0,2.0,0,1.0
C059,P065,Travel Diary,Books,878.93,3.0,0.0,0,7.0
C125,P022,Wool Sweater,Clothing,1900.72,5.0,2.0,0,4.0
C174,P035,Air Fryer,Home,7174.95,17.0,3.0,0,14.0
C031,P003,Laptop,Electronics,77385.93,7.0,0.0,0,4.0
C009,P001,Wireless Earbuds,Electronics,69835.88,2.0,1.0,0,5.0
C010,P046,Face Mask,Beauty,2030.43,5.0,0.0,0,6.0
C104,P008,Webcam,Electronics,70915.94,12.0,2.0,0,2.0
C206,P024,Socks Pack,Clothing,4485.98,10.0,1.0,0,8.0
C044,P021,Sports Shorts,Clothing,3837.82,2.0,0.0,0,2.0
C189,P066,Short Stories,Books,785.62,11.0,3.0,0,14.0
C169,P043,Hair Serum,Beauty,1779.64,4.0,0.0,0,17.0
C160,P013,Headphones,Electronics,58231.77,1.0,1.0,0,0.0
C204,P012,Monitor,Electronics,83466.44,5.0,0.0,0,9.0
C077,P032,Cushion Cover,Home,14519.77,2.0,1.0,0,9.0
C028,P025,Belt,Clothing,3935.24,7.0,6.0,1,14.0
C010,P064,History of AI,Books,1028.75,14.0,0.0,0,6.0
C077,P015,Cotton T-Shirt,Clothing,2327.39,14.0,2.0,3,9.0
C098,P012,Monitor,Electronics,83466.44,15.0,1.0,0,2.0
C063,P067,Kids Picture Book,Books,792.09,5.0,1.0,1,8.0
C074,P048,Body Lotion,Beauty,790.99,17.0,4.0,0,6.0
C184,P044,Perfume,Beauty,848.68,15.0,3.0,0,17.0
C018,P030,Vacuum Cleaner,Home,10323.97,13.0,1.0,3,
C146,P067,Kids Picture Book,Books,792.09,15.0,3.0,0,15.0
C117,P057,Running Shoes,Sports,3751.49,12.0,6.0,0,5.0
C060,P044,Perfume,Beauty,848.68,16.0,3.0,0,4.0
C157,P053,Skipping Rope,Sports,6326.36,7.0,0.0,2,3.0
C212,P004,Power Bank,Electronics,63004.23,19.0,4.0,0,15.0
C218,P051,Football,Sports,1718.28,16.0,1.0,1,0.0
C047,P010,Gaming Mouse,Electronics,40973.43,8.0,0.0,2,
C067,P068,Business Strategy,Books,498.54,15.0,0.0,0,9.0
C091,P001,Wireless Earbuds,Electronics,69835.88,4.0,3.0,0,14.0
C206,P038,LED Strip,Home,7265.65,15.0,7.0,3,8.0
C140,P001,Wireless Earbuds,Electronics,69835.88,5.0,1.0,0,10.0
C203,P046,Face Mask,Beauty,2030.43,14.0,1.0,0,11.0
C041,P018,Sneakers,Clothing,505.32,2.0,0.0,0,8.0
C019,P063,Cookbook,Books,799.02,15.0,2.0,0,15.0
C023,P019,Winter Jacket,Clothing,4171.63,3.0,1.0,0,16.0
C154,P012,Monitor,Electronics,83466.44,7.0,0.0,0,14.0
C086,P033,Wall Clock,Home,5054.92,6.0,0.0,0,6.0
C093,P043,Hair Serum,Beauty,1779.64,14.0,2.0,0,8.0
C189,P043,Hair Serum,Beauty,1779.64,7.0,4.0,3,14.0
C049,P020,Casual Shirt,Clothing,3230.99,10.0,5.0,0,11.0
C046,P022,Wool Sweater,Clothing,1900.72,8.0,3.0,1,15.0
C082,P012,Monitor,Electronics,83466.44,17.0,4.0,0,0.0
C121,P007,USB-C Hub,Electronics,68692.66,9.0,0.0,0,2.0
C183,P055,Resistance Bands,Sports,5684.55,12.0,2.0,0,2.0
C013,P043,Hair Serum,Beauty,1779.64,16.0,4.0,0,1.0
C160,P035,Air Fryer,Home,7174.95,15.0,6.0,0,0.0
C107,P015,Cotton T-Shirt,Clothing,2327.39,14.0,1.0,2,10.0
C072,P044,Perfume,Beauty,848.68,8.0,2.0,1,15.0
C186,P056,Cycling Helmet,Sports,6277.72,11.0,0.0,0,16.0
C181,P013,Headphones,Electronics,58231.77,15.0,,0,5.0
C166,P042,Sunscreen,Beauty,2097.43,15.0,1.0,0,10.0
C148,P035,Air Fryer,Home,7174.95,10.0,2.0,0,15.0
C017,P064,History of AI,Books,1028.75,6.0,1.0,0,
C190,P034,Storage Box,Home,5713.28,20.0,8.0,3,9.0
C105,P030,Vacuum Cleaner,Home,10323.97,7.0,1.0,0,17.0
C216,P002,Smartphone,Electronics,39946.96,3.0,2.0,0,4.0
C035,P060,Data Science Intro,Books,280.71,14.0,2.0,0,8.0
C001,P005,Bluetooth Speaker,Electronics,9199.62,17.0,1.0,3,3.0
C043,P045,Shampoo,Beauty,2096.42,15.0,5.0,0,6.0
C184,P058,Water Bladder,Sports,4613.62,15.0,2.0,0,17.0
C077,P010,Gaming Mouse,Electronics,40973.43,17.0,4.0,0,9.0
C188,P034,Storage Box,Home,5713.28,16.0,,0,5.0
C146,P045,Shampoo,Beauty,2096.42,11.0,0.0,0,15.0
C191,P030,Vacuum Cleaner,Home,10323.97,3.0,0.0,0,1.0
C182,P058,Water Bladder,Sports,4613.62,10.0,,0,12.0
C170,P002,Smartphone,Electronics,39946.96,1.0,0.0,0,3.0
C038,P059,Python Basics,Books,309.77,3.0,0.0,0,3.0
C217,P028,Bedsheet Set,Home,895.11,1.0,0.0,0,13.0
C146,P039,Face Wash,Beauty,643.58,1.0,0.0,0,15.0
C066,P039,Face Wash,Beauty,643.58,9.0,3.0,0,5.0
C010,P009,Tablet,Electronics,12226.74,1.0,0.0,0,6.0
C104,P016,Denim Jeans,Clothing,1289.75,,1.0,0,2.0
C051,P008,Webcam,Electronics,70915.94,1.0,0.0,0,10.0
C075,P031,Cookware Set,Home,11234.24,1.0,0.0,0,0.0
C145,P006,Smartwatch,Electronics,,5.0,0.0,0,3.0
C117,P021,Sports Shorts,Clothing,3837.82,6.0,1.0,0,5.0
C207,P065,Travel Diary,Books,878.93,17.0,0.0,0,6.0
C080,P024,Socks Pack,Clothing,4485.98,9.0,2.0,0,1.0
C168,P030,Vacuum Cleaner,Home,10323.97,12.0,1.0,0,0.0
C030,P066,Short Stories,Books,785.62,10.0,3.0,0,7.0
C125,P024,Socks Pack,Clothing,4485.98,6.0,,3,4.0
C063,P037,Desk Organizer,Home,2165.34,14.0,3.0,0,8.0
C009,P057,Running Shoes,Sports,3751.49,8.0,2.0,0,5.0
C170,P015,Cotton T-Shirt,Clothing,2327.39,13.0,3.0,3,3.0
C186,P034,Storage Box,Home,5713.28,14.0,1.0,0,16.0
C088,P046,Face Mask,Beauty,2030.43,6.0,2.0,3,5.0
C136,P040,Moisturizer,Beauty,1706.55,14.0,1.0,0,16.0
C183,P009,Tablet,Electronics,12226.74,10.0,0.0,0,2.0
C004,P045,Shampoo,Beauty,2096.42,11.0,1.0,0,12.0
C069,P030,Vacuum Cleaner,Home,10323.97,14.0,4.0,2,8.0
C015,P032,Cushion Cover,Home,14519.77,6.0,4.0,0,17.0
C107,P050,Dumbbells,Sports,1246.06,,2.0,0,10.0
C162,P042,Sunscreen,Beauty,2097.43,11.0,3.0,2,12.0
C114,P068,Business Strategy,Books,498.54,6.0,2.0,2,15.0
C113,P070,Science Comics,Books,651.22,11.0,5.0,0,1.0
C078,P010,Gaming Mouse,Electronics,40973.43,4.0,1.0,2,8.0
C119,P040,Moisturizer,Beauty,1706.55,5.0,0.0,0,13.0
C120,P004,Power Bank,Electronics,63004.23,12.0,0.0,0,2.0
C167,P008,Webcam,Electronics,70915.94,8.0,2.0,0,11.0
C206,P070,Science Comics,Books,651.22,12.0,2.0,0,8.0
C069,P044,Perfume,Beauty,848.68,15.0,0.0,0,8.0
C141,P033,Wall Clock,Home,5054.92,7.0,2.0,0,0.0
C207,P018,Sneakers,,505.32,1.0,0.0,0,6.0
C110,P062,Self Help Guide,Books,690.76,16.0,1.0,0,12.0
C086,P070,Science Comics,Books,651.22,15.0,1.0,0,6.0
C174,P047,Nail Kit,Beauty,1028.95,10.0,3.0,2,
C067,P007,USB-C Hub,Electronics,68692.66,5.0,1.0,0,9.0
C152,P032,Cushion Cover,Home,14519.77,3.0,0.0,0,8.0
C006,P017,Hoodie,Clothing,2861.01,17.0,5.0,2,12.0
C018,P045,Shampoo,Beauty,2096.42,2.0,0.0,0,16.0
C028,P021,Sports Shorts,Clothing,3837.82,5.0,1.0,0,14.0
C111,P050,Dumbbells,Sports,1246.06,6.0,1.0,0,3.0
C055,P053,Skipping Rope,Sports,6326.36,12.0,0.0,3,12.0
C146,P070,Science Comics,Books,651.22,14.0,3.0,0,15.0
C097,P010,Gaming Mouse,Electronics,40973.43,11.0,2.0,0,5.0
C181,P045,Shampoo,Beauty,2096.42,16.0,4.0,0,5.0
C022,P060,Data Science Intro,Books,280.71,11.0,,0,16.0
C058,P067,Kids Picture Book,Books,792.09,8.0,1.0,0,2.0
C128,P061,Mystery Novel,Books,917.66,15.0,0.0,0,16.0
C215,P051,Football,Sports,1718.28,17.0,1.0,3,14.0
C108,P069,Poetry Collection,Books,184.44,15.0,1.0,0,12.0
C064,P026,Raincoat,Clothing,1133.27,15.0,3.0,0,3.0
C216,P057,Running Shoes,Sports,3751.49,2.0,0.0,0,4.0
C050,P009,Tablet,Electronics,12226.74,2.0,1.0,0,13.0
C124,P020,Casual Shirt,Clothing,3230.99,20.0,12.0,3,4.0
C020,P012,Monitor,Electronics,83466.44,10.0,1.0,0,0.0
C091,P031,Cookware Set,Home,11234.24,10.0,0.0,0,14.0
C090,P041,Lipstick,Beauty,1148.16,13.0,7.0,2,14.0
C196,P032,Cushion Cover,Home,14519.77,5.0,0.0,0,9.0
C088,P044,Perfume,Beauty,848.68,7.0,3.0,0,5.0
C220,P023,Cap,Clothing,4858.35,9.0,3.0,0,
C063,P025,Belt,Clothing,3935.24,14.0,4.0,1,8.0
C097,P059,Python Basics,Books,309.77,,2.0,2,5.0
C085,P056,Cycling Helmet,Sports,6277.72,13.0,2.0,3,2.0
C197,P036,Water Bottle,Home,3043.7,9.0,0.0,0,12.0
C098,P045,Shampoo,Beauty,2096.42,11.0,2.0,0,2.0
C115,P035,Air Fryer,,7174.95,2.0,0.0,0,16.0
C002,P055,Resistance Bands,Sports,5684.55,2.0,0.0,0,11.0
C120,P023,Cap,Clothing,4858.35,5.0,1.0,0,2.0
C144,P058,Water Bladder,Sports,4613.62,9.0,1.0,0,8.0
C081,P026,Raincoat,Clothing,1133.27,10.0,2.0,0,0.0
C073,P024,Socks Pack,Clothing,4485.98,1.0,0.0,0,15.0
C172,P016,Denim Jeans,Clothing,1289.75,1.0,0.0,2,8.0
C003,P001,Wireless Earbuds,Electronics,69835.88,4.0,,0,0.0
C001,P050,Dumbbells,Sports,1246.06,6.0,,0,3.0
C003,P009,Tablet,Electronics,12226.74,14.0,3.0,0,
C209,P020,Casual Shirt,Clothing,3230.99,16.0,2.0,3,16.0
C052,P005,Bluetooth Speaker,Electronics,9199.62,8.0,1.0,0,13.0
C130,P014,Portable SSD,Electronics,74189.34,7.0,2.0,0,14.0
C074,P057,Running Shoes,Sports,3751.49,6.0,0.0,0,6.0
C009,P060,Data Science Intro,Books,280.71,7.0,0.0,0,5.0
C051,P053,Skipping Rope,Sports,6326.36,18.0,10.0,0,10.0
C155,P003,Laptop,Electronics,77385.93,11.0,2.0,0,1.0
C080,P069,Poetry Collection,Books,184.44,9.0,5.0,0,1.0
C075,P028,Bedsheet Set,Home,895.11,3.0,0.0,0,0.0
C070,P068,Business Strategy,Books,498.54,4.0,0.0,0,8.0
C177,P028,Bedsheet Set,Home,895.11,17.0,6.0,2,15.0
C052,P068,Business Strategy,Books,498.54,9.0,0.0,0,13.0
C104,P040,Moisturizer,Beauty,1706.55,11.0,3.0,0,2.0
C042,P054,Gym Bag,Sports,5368.08,10.0,2.0,0,2.0
C050,P051,Football,Sports,1718.28,14.0,6.0,2,13.0
C078,P029,Coffee Maker,Home,2524.77,12.0,4.0,2,8.0
C155,P064,History of AI,Books,1028.75,2.0,0.0,0,1.0
C149,P003,Laptop,Electronics,77385.93,14.0,4.0,3,9.0
C072,P002,Smartphone,Electronics,39946.96,8.0,0.0,0,15.0
C087,P065,Travel Diary,Books,878.93,8.0,1.0,0,7.0
C190,P001,Wireless Earbuds,Electronics,69835.88,4.0,0.0,0,9.0
C015,P020,Casual Shirt,Clothing,3230.99,19.0,4.0,2,17.0
C155,P030,Vacuum Cleaner,Home,10323.97,6.0,2.0,1,1.0
C062,P050,Dumbbells,Sports,,1.0,0.0,0,15.0
C083,P069,Poetry Collection,Books,184.44,10.0,2.0,0,15.0
C140,P055,Resistance Bands,Sports,5684.55,10.0,0.0,0,10.0
C010,P029,Coffee Maker,Home,2524.77,13.0,10.0,3,6.0
C001,P066,Short Stories,Books,785.62,16.0,1.0,3,3.0
C188,P065,Travel Diary,Books,878.93,16.0,,0,5.0
C148,P036,Water Bottle,Home,3043.7,13.0,8.0,0,15.0
C177,P005,Bluetooth Speaker,Electronics,9199.62,8.0,1.0,0,15.0
C177,P046,Face Mask,Beauty,2030.43,8.0,3.0,0,15.0
C204,P050,Dumbbells,Sports,1246.06,6.0,1.0,0,9.0
C094,P015,Cotton T-Shirt,Clothing,2327.39,3.0,1.0,0,12.0
C021,P061,Mystery Novel,Books,917.66,11.0,0.0,0,10.0
C160,P063,Cookbook,Books,799.02,11.0,1.0,0,0.0
C137,P019,Winter Jacket,Clothing,4171.63,6.0,3.0,0,1.0
C050,P070,Science Comics,Books,651.22,18.0,7.0,0,13.0
C193,P061,Mystery Novel,Books,917.66,16.0,2.0,3,4.0
C119,P007,USB-C Hub,Electronics,68692.66,11.0,1.0,0,13.0
C029,P049,Yoga Mat,Sports,5506.59,11.0,1.0,3,2.0
C202,P003,Laptop,Electronics,77385.93,3.0,0.0,0,9.0
C082,P045,Shampoo,Beauty,2096.42,21.0,6.0,2,
C016,P004,Power Bank,Electronics,63004.23,8.0,2.0,0,7.0
C163,P005,Bluetooth Speaker,Electronics,9199.62,5.0,4.0,0,16.0
C012,P014,Portable SSD,Electronics,74189.34,11.0,1.0,0,9.0
C022,P029,Coffee Maker,Home,2524.77,17.0,4.0,1,16.0
C061,P053,Skipping Rope,Sports,6326.36,3.0,1.0,0,
C089,P044,Perfume,Beauty,848.68,8.0,3.0,2,4.0
C082,P025,Belt,Clothing,3935.24,5.0,0.0,0,0.0
C018,P055,Resistance Bands,Sports,5684.55,16.0,4.0,0,16.0
C116,P017,Hoodie,Clothing,2861.01,,1.0,1,12.0
C111,P064,History of AI,Books,1028.75,4.0,2.0,0,3.0
C037,P040,Moisturizer,Beauty,1706.55,5.0,0.0,0,15.0
C128,P008,Webcam,Electronics,70915.94,14.0,3.0,0,16.0
C143,P070,Science Comics,Books,651.22,21.0,12.0,1,16.0
C123,P064,History of AI,Books,1028.75,16.0,2.0,1,16.0
C197,P050,Dumbbells,Sports,1246.06,9.0,,0,12.0
C213,P002,Smartphone,Electronics,39946.96,12.0,4.0,0,10.0
C067,P018,Sneakers,Clothing,505.32,12.0,1.0,3,9.0
C049,P040,Moisturizer,Beauty,1706.55,8.0,,3,11.0
C199,P021,Sports Shorts,Clothing,3837.82,13.0,0.0,3,11.0
C056,P041,Lipstick,Beauty,1148.16,7.0,3.0,3,11.0
C202,P025,Belt,Clothing,,1.0,1.0,3,9.0
C204,P016,Denim Jeans,,1289.75,21.0,10.0,1,9.0
C153,P065,Travel Diary,Books,878.93,4.0,0.0,0,1.0
C157,P042,Sunscreen,Beauty,2097.43,14.0,2.0,0,3.0
C164,P003,Laptop,Electronics,77385.93,8.0,0.0,0,3.0
C112,P002,Smartphone,,39946.96,14.0,2.0,3,13.0
C176,P058,Water Bladder,,4613.62,4.0,1.0,0,13.0
C214,P043,Hair Serum,Beauty,1779.64,5.0,1.0,0,1.0
C122,P024,Socks Pack,Clothing,4485.98,17.0,3.0,0,6.0
C141,P044,Perfume,Beauty,848.68,20.0,4.0,0,0.0
C126,P025,Belt,Clothing,3935.24,8.0,2.0,0,9.0
C016,P042,Sunscreen,Beauty,2097.43,17.0,,0,7.0
C004,P054,Gym Bag,Sports,5368.08,10.0,0.0,0,12.0
C149,P013,Headphones,Electronics,,10.0,,2,9.0
C113,P006,Smartwatch,Electronics,87824.51,10.0,1.0,0,1.0
C192,P045,Shampoo,Beauty,2096.42,11.0,2.0,0,2.0
C030,P055,Resistance Bands,Sports,5684.55,14.0,4.0,0,7.0
C179,P044,Perfume,Beauty,848.68,5.0,0.0,0,6.0
C022,P008,Webcam,Electronics,70915.94,15.0,1.0,3,16.0
C099,P036,Water Bottle,Home,3043.7,17.0,,2,4.0
C162,P063,Cookbook,Books,799.02,8.0,0.0,0,12.0
C146,P010,Gaming Mouse,Electronics,40973.43,17.0,5.0,3,15.0
C006,P010,Gaming Mouse,Electronics,40973.43,6.0,0.0,0,12.0
C034,P069,Poetry Collection,Books,184.44,4.0,0.0,0,9.0
C217,P044,Perfume,Beauty,848.68,19.0,5.0,3,13.0
C164,P061,Mystery Novel,Books,917.66,6.0,0.0,0,3.0
C129,P004,Power Bank,Electronics,63004.23,9.0,3.0,0,17.0
C091,P010,Gaming Mouse,Electronics,40973.43,3.0,0.0,0,14.0
C077,P037,Desk Organizer,Home,2165.34,5.0,0.0,0,9.0
C186,P062,Self Help Guide,Books,690.76,13.0,1.0,1,16.0
C065,P065,Travel Diary,Books,878.93,8.0,2.0,1,2.0
C104,P019,Winter Jacket,Clothing,4171.63,5.0,1.0,0,2.0
C195,P048,Body Lotion,Beauty,790.99,11.0,1.0,0,6.0
C127,P012,Monitor,,83466.44,7.0,0.0,0,17.0
C159,P002,Smartphone,Electronics,39946.96,2.0,0.0,0,11.0
C203,P024,Socks Pack,Clothing,4485.98,13.0,2.0,2,11.0
C071,P036,Water Bottle,Home,3043.7,15.0,3.0,0,11.0
C059,P025,Belt,Clothing,3935.24,17.0,1.0,3,7.0
C158,P040,Moisturizer,Beauty,1706.55,5.0,0.0,0,8.0
C122,P054,Gym Bag,Sports,5368.08,10.0,1.0,0,6.0
C076,P067,Kids Picture Book,Books,792.09,10.0,8.0,1,13.0
C058,P039,Face Wash,Beauty,,15.0,1.0,0,2.0
C204,P058,Water Bladder,Sports,4613.62,6.0,1.0,0,9.0
C015,P035,Air Fryer,Home,7174.95,14.0,0.0,0,17.0
C079,P049,Yoga Mat,Sports,5506.59,12.0,3.0,0,9.0
C103,P033,Wall Clock,Home,5054.92,15.0,2.0,3,13.0
C023,P057,Running Shoes,Sports,3751.49,,1.0,1,16.0
C140,P043,Hair Serum,Beauty,1779.64,18.0,3.0,0,10.0
C041,P044,Perfume,Beauty,848.68,14.0,2.0,0,8.0
C161,P022,Wool Sweater,Clothing,,15.0,0.0,0,14.0
C129,P001,Wireless Earbuds,Electronics,69835.88,15.0,4.0,0,17.0
C053,P053,Skipping Rope,Sports,6326.36,17.0,1.0,2,13.0
C049,P059,Python Basics,Books,309.77,7.0,1.0,0,11.0
C019,P036,Water Bottle,Home,3043.7,3.0,1.0,0,15.0
C214,P041,Lipstick,Beauty,1148.16,,2.0,0,1.0
C055,P052,Tennis Racket,Sports,206.79,6.0,0.0,0,12.0
C089,P017,Hoodie,Clothing,2861.01,3.0,1.0,0,4.0
C102,P019,Winter Jacket,Clothing,4171.63,16.0,4.0,0,7.0
C125,P026,Raincoat,Clothing,1133.27,9.0,1.0,0,4.0
C131,P054,Gym Bag,Sports,5368.08,17.0,0.0,0,11.0
C038,P028,Bedsheet Set,Home,895.11,3.0,1.0,0,3.0
C018,P003,Laptop,Electronics,77385.93,10.0,0.0,0,16.0
C128,P013,Headphones,Electronics,58231.77,5.0,2.0,3,16.0
C046,P004,Power Bank,Electronics,63004.23,10.0,0.0,3,15.0
C094,P007,USB-C Hub,Electronics,68692.66,2.0,0.0,0,12.0
C098,P043,Hair Serum,Beauty,1779.64,5.0,1.0,0,2.0
C071,P060,Data Science Intro,Books,280.71,3.0,1.0,0,11.0
C059,P041,Lipstick,Beauty,1148.16,3.0,0.0,0,7.0
C112,P057,Running Shoes,Sports,3751.49,4.0,1.0,0,13.0
C138,P056,Cycling Helmet,Sports,6277.72,11.0,4.0,0,
C108,P055,Resistance Bands,Sports,5684.55,9.0,1.0,0,12.0
C137,P017,Hoodie,Clothing,2861.01,2.0,0.0,0,1.0
C123,P014,Portable SSD,Electronics,74189.34,9.0,4.0,1,16.0
C184,P042,Sunscreen,Beauty,2097.43,13.0,0.0,0,17.0
C031,P027,Table Lamp,Home,7133.13,8.0,0.0,0,4.0
C044,P019,Winter Jacket,Clothing,4171.63,5.0,3.0,0,2.0
C082,P061,Mystery Novel,Books,917.66,13.0,4.0,0,0.0
C004,P025,Belt,Clothing,3935.24,5.0,0.0,0,12.0
C207,P021,Sports Shorts,Clothing,3837.82,10.0,1.0,0,6.0
C069,P058,Water Bladder,Sports,4613.62,11.0,1.0,0,8.0
C150,P064,History of AI,Books,1028.75,8.0,0.0,0,17.0
C004,P032,Cushion Cover,Home,14519.77,11.0,8.0,1,12.0
C174,P032,Cushion Cover,Home,14519.77,6.0,2.0,1,14.0
C066,P044,Perfume,Beauty,848.68,16.0,3.0,0,5.0
C113,P009,Tablet,Electronics,12226.74,10.0,1.0,3,1.0
C195,P063,Cookbook,Books,799.02,16.0,1.0,0,6.0
C073,P048,Body Lotion,Beauty,790.99,,0.0,0,15.0
C127,P046,Face Mask,Beauty,2030.43,14.0,1.0,2,17.0
C177,P037,Desk Organizer,Home,2165.34,14.0,2.0,3,15.0
C136,P008,Webcam,Electronics,70915.94,17.0,4.0,0,16.0
C149,P003,Laptop,Electronics,77385.93,4.0,1.0,0,9.0
C098,P023,Cap,Clothing,4858.35,21.0,6.0,3,2.0
C075,P057,Running Shoes,Sports,3751.49,2.0,0.0,0,0.0
C202,P028,Bedsheet Set,Home,895.11,17.0,5.0,2,9.0
C179,P056,Cycling Helmet,Sports,6277.72,,0.0,0,6.0
C132,P066,Short Stories,Books,785.62,12.0,3.0,3,2.0
C001,P034,Storage Box,Home,5713.28,10.0,1.0,0,3.0
C181,P061,Mystery Novel,Books,917.66,3.0,0.0,0,5.0
C172,P041,Lipstick,Beauty,,17.0,4.0,2,8.0
C115,P055,Resistance Bands,Sports,5684.55,10.0,2.0,0,16.0
C213,P040,Moisturizer,Beauty,1706.55,3.0,1.0,0,10.0
C011,P007,USB-C Hub,Electronics,68692.66,14.0,1.0,0,8.0
C019,P053,Skipping Rope,Sports,6326.36,7.0,3.0,0,15.0
C007,P049,Yoga Mat,Sports,5506.59,8.0,3.0,0,5.0
C097,P070,Science Comics,Books,651.22,6.0,3.0,1,5.0
C035,P005,Bluetooth Speaker,,9199.62,16.0,4.0,1,8.0
C100,P034,Storage Box,Home,5713.28,15.0,3.0,0,2.0
C120,P027,Table Lamp,Home,7133.13,,2.0,0,2.0
C130,P027,Table Lamp,Home,7133.13,17.0,1.0,0,14.0
C179,P064,History of AI,Books,1028.75,,0.0,0,6.0
C105,P044,Perfume,Beauty,848.68,9.0,2.0,3,
C208,P024,Socks Pack,Clothing,4485.98,,4.0,0,4.0
C145,P031,Cookware Set,Home,11234.24,9.0,1.0,0,3.0
C007,P009,Tablet,Electronics,12226.74,11.0,1.0,3,5.0
C178,P035,Air Fryer,Home,7174.95,16.0,2.0,0,9.0
C136,P012,Monitor,Electronics,83466.44,3.0,0.0,0,16.0
C069,P022,Wool Sweater,Clothing,1900.72,1.0,0.0,3,8.0
C082,P012,Monitor,Electronics,83466.44,3.0,0.0,0,0.0
C122,P003,Laptop,Electronics,77385.93,,0.0,0,6.0
C060,P049,Yoga Mat,Sports,5506.59,15.0,1.0,0,4.0
C119,P050,Dumbbells,Sports,1246.06,5.0,1.0,0,13.0
C094,P010,Gaming Mouse,Electronics,40973.43,8.0,2.0,0,12.0
C177,P007,USB-C Hub,Electronics,68692.66,2.0,0.0,0,15.0
C118,P059,Python Basics,Books,309.77,2.0,2.0,0,8.0
C065,P020,Casual Shirt,Clothing,3230.99,12.0,1.0,0,2.0
C200,P010,Gaming Mouse,Electronics,40973.43,5.0,1.0,0,14.0
C061,P068,Business Strategy,Books,498.54,3.0,1.0,0,14.0
C069,P002,Smartphone,Electronics,39946.96,17.0,2.0,1,8.0
C114,P036,Water Bottle,Home,3043.7,16.0,2.0,0,15.0
C060,P028,Bedsheet Set,Home,895.11,11.0,1.0,0,4.0
C175,P055,Resistance Bands,Sports,5684.55,8.0,3.0,0,16.0
C119,P031,Cookware Set,,11234.24,7.0,0.0,0,13.0
C081,P007,USB-C Hub,Electronics,68692.66,9.0,0.0,0,0.0
C189,P049,Yoga Mat,Sports,5506.59,14.0,3.0,0,14.0
C137,P058,Water Bladder,Sports,4613.62,6.0,1.0,0,1.0
C110,P025,Belt,Clothing,3935.24,6.0,1.0,0,12.0
C144,P020,Casual Shirt,Clothing,3230.99,17.0,2.0,2,8.0
C086,P016,Denim Jeans,Clothing,1289.75,12.0,0.0,3,6.0
C030,P043,Hair Serum,Beauty,1779.64,3.0,0.0,3,7.0
C176,P032,Cushion Cover,Home,14519.77,5.0,3.0,0,13.0
C107,P014,Portable SSD,Electronics,74189.34,15.0,6.0,0,10.0
C145,P067,Kids Picture Book,Books,792.09,4.0,1.0,2,3.0
C016,P070,Science Comics,Books,651.22,5.0,1.0,0,7.0
C061,P046,Face Mask,Beauty,2030.43,5.0,0.0,0,14.0
C097,P023,Cap,Clothing,4858.35,14.0,3.0,0,5.0
C173,P070,Science Comics,Books,651.22,1.0,0.0,0,2.0
C026,P023,Cap,Clothing,4858.35,4.0,0.0,0,10.0
C116,P057,Running Shoes,Sports,3751.49,8.0,1.0,0,12.0
C035,P044,Perfume,Beauty,848.68,17.0,2.0,0,8.0
C118,P001,Wireless Earbuds,Electronics,69835.88,20.0,6.0,0,8.0
C181,P065,Travel Diary,Books,878.93,5.0,2.0,3,5.0
C214,P039,Face Wash,Beauty,643.58,12.0,,0,1.0
C013,P032,Cushion Cover,Home,14519.77,6.0,1.0,0,1.0
C116,P067,Kids Picture Book,Books,792.09,6.0,1.0,3,12.0
C142,P002,Smartphone,Electronics,39946.96,17.0,1.0,1,5.0
C184,P025,Belt,Clothing,3935.24,,,0,17.0
C207,P066,Short Stories,Books,785.62,12.0,2.0,0,6.0
C199,P020,Casual Shirt,Clothing,3230.99,12.0,4.0,0,11.0
C100,P065,Travel Diary,Books,878.93,15.0,8.0,3,2.0
C040,P060,Data Science Intro,Books,280.71,,,3,
C088,P036,Water Bottle,Home,3043.7,9.0,3.0,0,
C194,P024,Socks Pack,Clothing,4485.98,9.0,0.0,2,9.0
C037,P042,Sunscreen,Beauty,2097.43,6.0,0.0,2,15.0
C160,P022,Wool Sweater,Clothing,1900.72,13.0,1.0,0,0.0
C152,P033,Wall Clock,Home,5054.92,12.0,3.0,2,8.0
C200,P033,Wall Clock,Home,5054.92,9.0,1.0,2,14.0
C006,P009,Tablet,Electronics,12226.74,3.0,0.0,0,12.0
C050,P016,Denim Jeans,Clothing,1289.75,8.0,0.0,2,13.0
C104,P014,Portable SSD,Electronics,74189.34,14.0,3.0,2,2.0
C142,P013,Headphones,Electronics,,16.0,5.0,0,5.0
C085,P059,Python Basics,Books,309.77,6.0,0.0,0,2.0
C053,P017,Hoodie,Clothing,2861.01,3.0,0.0,0,13.0
C084,P048,Body Lotion,Beauty,790.99,16.0,2.0,0,1.0
C166,P064,History of AI,Books,1028.75,21.0,7.0,1,10.0
C192,P033,Wall Clock,Home,5054.92,7.0,1.0,0,2.0
C210,P066,Short Stories,Books,785.62,12.0,4.0,3,16.0
C034,P031,Cookware Set,Home,11234.24,13.0,1.0,0,9.0
C023,P024,Socks Pack,Clothing,4485.98,11.0,0.0,0,16.0
C045,P037,Desk Organizer,Home,2165.34,8.0,1.0,3,14.0
C050,P039,Face Wash,Beauty,643.58,7.0,2.0,0,
C126,P052,Tennis Racket,Sports,206.79,14.0,1.0,0,9.0
C014,P045,Shampoo,Beauty,2096.42,,,0,4.0
C079,P029,Coffee Maker,Home,2524.77,6.0,2.0,0,9.0
C175,P010,Gaming Mouse,Electronics,40973.43,7.0,0.0,0,16.0
C185,P053,Skipping Rope,Sports,6326.36,10.0,0.0,0,0.0
C145,P020,Casual Shirt,Clothing,3230.99,17.0,6.0,3,3.0
C123,P037,Desk Organizer,Home,2165.34,14.0,1.0,2,16.0
C160,P017,Hoodie,Clothing,2861.01,1.0,0.0,0,0.0
C016,P015,Cotton T-Shirt,Clothing,2327.39,11.0,4.0,3,7.0
C151,P029,Coffee Maker,Home,2524.77,1.0,0.0,0,14.0
C218,P008,Webcam,Electronics,70915.94,1.0,0.0,0,0.0
C208,P059,Python Basics,Books,309.77,1.0,0.0,0,4.0
C046,P020,Casual Shirt,Clothing,3230.99,18.0,6.0,0,15.0
C063,P034,Storage Box,Home,5713.28,14.0,2.0,0,8.0
C210,P034,Storage Box,Home,5713.28,13.0,1.0,0,16.0
C180,P059,Python Basics,Books,309.77,15.0,1.0,0,7.0
C183,P014,Portable SSD,Electronics,74189.34,3.0,0.0,0,2.0
C081,P068,Business Strategy,Books,498.54,5.0,1.0,0,0.0
C046,P070,Science Comics,Books,651.22,14.0,1.0,0,15.0
C183,P035,Air Fryer,Home,7174.95,14.0,2.0,0,2.0
C108,P070,Science Comics,Books,651.22,14.0,3.0,0,12.0
C115,P067,Kids Picture Book,Books,792.09,14.0,2.0,2,16.0
C005,P022,Wool Sweater,Clothing,1900.72,16.0,5.0,3,2.0
C192,P012,Monitor,,83466.44,14.0,2.0,0,2.0
C036,P045,Shampoo,Beauty,2096.42,6.0,0.0,0,12.0
C003,P067,Kids Picture Book,Books,792.09,14.0,0.0,2,0.0
C216,P069,Poetry Collection,Books,184.44,8.0,3.0,2,4.0
C208,P003,Laptop,Electronics,77385.93,3.0,1.0,0,4.0
C028,P001,Wireless Earbuds,Electronics,69835.88,5.0,0.0,0,14.0
C070,P047,Nail Kit,Beauty,1028.95,9.0,0.0,0,8.0
C154,P050,Dumbbells,Sports,1246.06,13.0,6.0,3,14.0
C185,P045,Shampoo,Beauty,2096.42,1.0,0.0,0,0.0
C183,P058,Water Bladder,Sports,4613.62,,0.0,0,2.0
C200,P070,Science Comics,Books,651.22,1.0,0.0,0,14.0
C144,P023,Cap,Clothing,4858.35,7.0,1.0,0,8.0
C003,P066,Short Stories,Books,785.62,5.0,0.0,0,0.0
C128,P068,Business Strategy,Books,498.54,15.0,3.0,0,16.0
C129,P009,Tablet,Electronics,12226.74,8.0,3.0,0,17.0
C134,P007,USB-C Hub,Electronics,68692.66,9.0,4.0,1,15.0
C118,P057,Running Shoes,Sports,3751.49,4.0,0.0,0,8.0
C091,P022,Wool Sweater,Clothing,1900.72,6.0,2.0,0,14.0
C149,P001,Wireless Earbuds,,69835.88,11.0,1.0,0,9.0
C109,P062,Self Help Guide,Books,690.76,,4.0,3,0.0
C098,P004,Power Bank,Electronics,63004.23,5.0,3.0,1,2.0
C176,P031,Cookware Set,Home,11234.24,20.0,2.0,0,13.0
C098,P003,Laptop,Electronics,77385.93,14.0,5.0,0,2.0
C177,P047,Nail Kit,Beauty,1028.95,16.0,4.0,2,15.0
C068,P070,Science Comics,Books,651.22,,1.0,2,17.0
C067,P056,Cycling Helmet,Sports,6277.72,14.0,4.0,0,9.0
C028,P031,Cookware Set,Home,11234.24,4.0,0.0,0,14.0
C183,P056,Cycling Helmet,Sports,6277.72,3.0,1.0,2,2.0
C006,P056,Cycling Helmet,Sports,6277.72,7.0,5.0,0,12.0
C092,P029,Coffee Maker,Home,2524.77,4.0,1.0,0,7.0
C091,P052,Tennis Racket,Sports,206.79,5.0,0.0,0,14.0
C074,P022,Wool Sweater,Clothing,1900.72,16.0,1.0,2,6.0
C005,P014,Portable SSD,Electronics,74189.34,13.0,4.0,0,2.0
C011,P041,Lipstick,Beauty,1148.16,17.0,6.0,0,8.0
C084,P058,Water Bladder,Sports,4613.62,18.0,4.0,0,1.0
C179,P020,Casual Shirt,Clothing,3230.99,16.0,1.0,0,6.0
C215,P065,Travel Diary,Books,878.93,9.0,1.0,0,14.0
C032,P060,Data Science Intro,Books,280.71,12.0,5.0,0,1.0
C175,P034,Storage Box,Home,5713.28,6.0,2.0,0,16.0
C007,P040,Moisturizer,Beauty,1706.55,13.0,0.0,0,5.0
C158,P049,Yoga Mat,Sports,5506.59,5.0,1.0,0,8.0
C103,P003,Laptop,Electronics,77385.93,4.0,1.0,0,13.0
C025,P061,Mystery Novel,Books,917.66,11.0,0.0,0,1.0
C063,P048,Body Lotion,Beauty,790.99,7.0,0.0,0,8.0
C069,P033,Wall Clock,Home,5054.92,20.0,4.0,3,8.0
C005,P023,Cap,Clothing,4858.35,3.0,2.0,0,2.0
C114,P019,Winter Jacket,Clothing,4171.63,10.0,1.0,0,15.0
C209,P007,USB-C Hub,Electronics,68692.66,15.0,4.0,0,16.0
C066,P007,USB-C Hub,Electronics,68692.66,15.0,2.0,0,5.0
C127,P017,Hoodie,Clothing,2861.01,16.0,2.0,3,17.0
C206,P036,Water Bottle,Home,3043.7,,5.0,0,8.0
C010,P066,Short Stories,Books,785.62,14.0,1.0,0,6.0
C211,P009,Tablet,Electronics,12226.74,10.0,0.0,0,7.0
C125,P035,Air Fryer,Home,7174.95,10.0,0.0,0,4.0
C107,P025,Belt,Clothing,3935.24,1.0,0.0,0,
C035,P023,Cap,Clothing,4858.35,7.0,1.0,0,
C056,P004,Power Bank,Electronics,63004.23,15.0,0.0,2,11.0
C037,P059,Python Basics,Books,309.77,,4.0,3,15.0
C044,P026,Raincoat,Clothing,1133.27,17.0,1.0,0,2.0
C194,P070,Science Comics,Books,651.22,6.0,1.0,0,9.0
C038,P045,Shampoo,Beauty,2096.42,14.0,4.0,0,3.0
C002,P060,Data Science Intro,Books,280.71,8.0,0.0,0,11.0
C134,P037,Desk Organizer,Home,2165.34,1.0,0.0,0,15.0
C050,P053,Skipping Rope,Sports,6326.36,13.0,0.0,1,13.0
C203,P029,Coffee Maker,Home,2524.77,6.0,3.0,0,11.0
C054,P061,Mystery Novel,Books,917.66,4.0,1.0,0,12.0
C028,P040,Moisturizer,Beauty,1706.55,5.0,0.0,1,14.0
C094,P034,Storage Box,Home,5713.28,6.0,0.0,1,12.0
C154,P045,Shampoo,Beauty,2096.42,14.0,0.0,0,14.0
C151,P006,Smartwatch,Electronics,87824.51,3.0,0.0,0,14.0
C203,P018,Sneakers,Clothing,505.32,11.0,2.0,0,11.0
C155,P061,Mystery Novel,Books,917.66,3.0,0.0,0,1.0
C027,P006,Smartwatch,Electronics,87824.51,13.0,3.0,0,4.0
C061,P006,Smartwatch,Electronics,87824.51,9.0,0.0,0,14.0
C103,P059,Python Basics,Books,309.77,17.0,2.0,0,13.0
C171,P004,Power Bank,Electronics,63004.23,7.0,3.0,0,11.0
C119,P041,Lipstick,Beauty,1148.16,13.0,2.0,2,13.0
C033,P056,Cycling Helmet,Sports,6277.72,11.0,4.0,0,17.0
C155,P016,Denim Jeans,Clothing,1289.75,1.0,0.0,0,1.0
C049,P047,Nail Kit,Beauty,1028.95,3.0,1.0,2,11.0
C133,P024,Socks Pack,Clothing,4485.98,14.0,5.0,2,11.0
C073,P049,Yoga Mat,Sports,5506.59,17.0,3.0,2,15.0
C098,P004,Power Bank,Electronics,63004.23,3.0,0.0,0,2.0
C200,P039,Face Wash,Beauty,643.58,11.0,3.0,0,14.0
C034,P070,Science Comics,Books,,6.0,2.0,0,9.0
C119,P035,Air Fryer,Home,7174.95,4.0,1.0,0,13.0
C017,P036,Water Bottle,Home,3043.7,,12.0,0,5.0
C016,P039,Face Wash,Beauty,643.58,14.0,3.0,0,7.0
C177,P029,Coffee Maker,Home,2524.77,15.0,3.0,2,15.0
C146,P057,Running Shoes,Sports,3751.49,2.0,0.0,1,
C117,P010,Gaming Mouse,Electronics,40973.43,12.0,0.0,0,5.0
C078,P036,Water Bottle,Home,3043.7,4.0,0.0,0,8.0
C064,P048,Body Lotion,Beauty,790.99,14.0,1.0,0,3.0
C058,P063,Cookbook,Books,799.02,14.0,5.0,3,2.0
C040,P014,Portable SSD,Electronics,74189.34,11.0,1.0,0,
C160,P012,Monitor,Electronics,83466.44,9.0,1.0,0,0.0
C065,P058,Water Bladder,Sports,4613.62,9.0,7.0,0,2.0
C034,P047,Nail Kit,Beauty,1028.95,5.0,2.0,0,9.0
C180,P061,Mystery Novel,Books,917.66,9.0,4.0,0,7.0
C044,P055,Resistance Bands,Sports,5684.55,11.0,2.0,0,2.0
C207,P039,Face Wash,Beauty,643.58,3.0,1.0,0,6.0
C114,P005,Bluetooth Speaker,Electronics,9199.62,,0.0,3,15.0
C079,P008,Webcam,Electronics,70915.94,8.0,2.0,0,9.0
C220,P045,Shampoo,Beauty,2096.42,12.0,2.0,0,12.0
C089,P041,Lipstick,Beauty,1148.16,14.0,2.0,0,4.0
C041,P047,Nail Kit,Beauty,1028.95,4.0,1.0,3,8.0
C064,P001,Wireless Earbuds,Electronics,69835.88,2.0,0.0,0,3.0
C193,P065,Travel Diary,Books,878.93,1.0,0.0,0,4.0
C201,P030,Vacuum Cleaner,Home,10323.97,9.0,2.0,0,6.0
C220,P042,Sunscreen,Beauty,2097.43,15.0,5.0,0,12.0
C201,P065,Travel Diary,Books,878.93,8.0,0.0,0,6.0
C075,P023,Cap,Clothing,4858.35,3.0,0.0,0,0.0
C074,P039,Face Wash,Beauty,643.58,4.0,1.0,3,6.0
C208,P028,Bedsheet Set,Home,895.11,3.0,0.0,0,4.0
C091,P020,Casual Shirt,Clothing,3230.99,13.0,1.0,0,14.0
C080,P028,Bedsheet Set,Home,895.11,8.0,3.0,2,1.0
C106,P068,Business Strategy,Books,498.54,2.0,0.0,0,4.0
C018,P026,Raincoat,Clothing,1133.27,15.0,2.0,1,16.0
C091,P048,Body Lotion,Beauty,790.99,15.0,0.0,2,14.0
C185,P037,Desk Organizer,Home,2165.34,12.0,3.0,0,0.0
C174,P006,Smartwatch,Electronics,87824.51,6.0,0.0,0,14.0
C113,P050,Dumbbells,Sports,1246.06,13.0,0.0,2,1.0
C016,P011,Keyboard,Electronics,33874.18,10.0,0.0,3,
C179,P006,Smartwatch,Electronics,87824.51,4.0,0.0,0,6.0
C056,P063,Cookbook,Books,799.02,13.0,3.0,0,11.0
C115,P027,Table Lamp,Home,7133.13,15.0,5.0,3,16.0
C079,P019,Winter Jacket,Clothing,4171.63,19.0,8.0,3,9.0
C202,P052,Tennis Racket,Sports,206.79,17.0,1.0,0,9.0
C090,P062,Self Help Guide,,690.76,14.0,0.0,0,14.0
C119,P001,Wireless Earbuds,Electronics,69835.88,11.0,3.0,0,13.0
C154,P043,Hair Serum,Beauty,1779.64,9.0,0.0,0,14.0
C009,P032,Cushion Cover,Home,14519.77,17.0,,0,5.0
C044,P067,Kids Picture Book,Books,792.09,16.0,8.0,0,2.0
C175,P056,Cycling Helmet,Sports,6277.72,2.0,0.0,0,16.0
C060,P012,Monitor,Electronics,83466.44,16.0,9.0,2,4.0
C009,P049,Yoga Mat,Sports,5506.59,9.0,1.0,0,5.0
C145,P047,Nail Kit,Beauty,1028.95,14.0,3.0,1,3.0
C016,P070,Science Comics,Books,651.22,2.0,0.0,0,7.0
C154,P064,History of AI,Books,1028.75,16.0,0.0,3,14.0
C151,P030,Vacuum Cleaner,Home,,2.0,0.0,0,14.0
C038,P018,Sneakers,Clothing,505.32,4.0,1.0,0,3.0
C074,P035,Air Fryer,Home,7174.95,3.0,0.0,0,6.0
C087,P060,Data Science Intro,Books,280.71,9.0,2.0,0,7.0
C207,P035,Air Fryer,Home,7174.95,13.0,5.0,0,6.0
C105,P045,Shampoo,Beauty,2096.42,11.0,4.0,0,17.0
C191,P026,Raincoat,Clothing,1133.27,13.0,2.0,0,1.0
C035,P001,Wireless Earbuds,Electronics,69835.88,10.0,0.0,0,8.0
C074,P063,Cookbook,Books,799.02,7.0,0.0,0,6.0
C195,P064,History of AI,Books,1028.75,1.0,0.0,0,6.0
C024,P001,Wireless Earbuds,Electronics,69835.88,16.0,5.0,1,17.0
C166,P016,Denim Jeans,Clothing,1289.75,8.0,1.0,0,10.0
C155,P029,Coffee Maker,Home,2524.77,13.0,1.0,0,1.0
C144,P027,Table Lamp,Home,7133.13,4.0,1.0,0,8.0
C052,P051,Football,Sports,1718.28,13.0,3.0,3,13.0
C027,P067,Kids Picture Book,Books,792.09,11.0,1.0,0,4.0
C028,P036,Water Bottle,Home,3043.7,8.0,2.0,0,14.0
C140,P008,Webcam,Electronics,70915.94,16.0,,3,10.0
C193,P031,Cookware Set,Home,11234.24,10.0,0.0,0,4.0
C146,P013,Headphones,Electronics,58231.77,10.0,2.0,0,15.0
C124,P032,Cushion Cover,Home,14519.77,3.0,0.0,0,4.0
C172,P020,Casual Shirt,Clothing,3230.99,5.0,1.0,0,8.0
C030,P010,Gaming Mouse,Electronics,40973.43,7.0,2.0,0,7.0
C089,P001,Wireless Earbuds,Electronics,69835.88,6.0,0.0,0,4.0
C022,P044,Perfume,Beauty,848.68,19.0,2.0,0,16.0
C005,P052,Tennis Racket,Sports,206.79,4.0,2.0,0,2.0
C169,P042,Sunscreen,Beauty,2097.43,1.0,0.0,0,17.0
C189,P062,Self Help Guide,Books,690.76,3.0,,3,14.0
C066,P040,Moisturizer,Beauty,1706.55,9.0,0.0,0,5.0
C216,P070,Science Comics,Books,651.22,19.0,9.0,2,4.0
C071,P066,Short Stories,Books,785.62,7.0,0.0,0,11.0
C115,P003,Laptop,Electronics,77385.93,9.0,1.0,0,16.0
C194,P049,Yoga Mat,Sports,5506.59,12.0,1.0,0,9.0
C029,P034,Storage Box,Home,5713.28,18.0,2.0,3,2.0
C121,P029,Coffee Maker,Home,2524.77,,1.0,1,2.0
C078,P007,USB-C Hub,Electronics,68692.66,14.0,8.0,0,8.0
C071,P051,Football,Sports,1718.28,2.0,0.0,0,11.0
C055,P013,Headphones,Electronics,58231.77,9.0,2.0,0,12.0
C088,P017,Hoodie,Clothing,2861.01,4.0,1.0,0,5.0
C017,P015,Cotton T-Shirt,Clothing,2327.39,17.0,2.0,0,5.0
C163,P039,Face Wash,Beauty,643.58,9.0,1.0,3,16.0
C148,P030,Vacuum Cleaner,Home,10323.97,20.0,8.0,0,15.0
C003,P028,Bedsheet Set,Home,895.11,14.0,1.0,0,0.0
C111,P026,Raincoat,Clothing,1133.27,17.0,0.0,0,3.0
C132,P028,Bedsheet Set,Home,895.11,7.0,2.0,0,2.0
C093,P029,Coffee Maker,Home,2524.77,2.0,0.0,1,8.0
C130,P051,Football,Sports,1718.28,5.0,0.0,3,14.0
C152,P049,Yoga Mat,Sports,5506.59,9.0,3.0,0,8.0
C206,P054,Gym Bag,Sports,5368.08,17.0,4.0,0,8.0
C125,P002,Smartphone,Electronics,39946.96,7.0,0.0,1,4.0
C214,P057,Running Shoes,Sports,3751.49,16.0,3.0,0,1.0
C194,P022,Wool Sweater,Clothing,1900.72,10.0,6.0,1,9.0
C177,P024,Socks Pack,Clothing,4485.98,2.0,0.0,0,15.0
C078,P054,Gym Bag,Sports,5368.08,14.0,0.0,0,8.0
C141,P001,Wireless Earbuds,Electronics,69835.88,3.0,0.0,0,0.0
C211,P067,Kids Picture Book,Books,792.09,16.0,2.0,0,7.0
C075,P069,Poetry Collection,Books,184.44,10.0,0.0,0,0.0
C047,P033,Wall Clock,Home,5054.92,,1.0,0,14.0
C031,P057,Running Shoes,Sports,3751.49,15.0,2.0,0,4.0
C163,P047,Nail Kit,Beauty,1028.95,9.0,2.0,0,16.0
C169,P049,Yoga Mat,Sports,5506.59,15.0,4.0,1,17.0
C056,P070,Science Comics,Books,651.22,8.0,0.0,0,11.0
C153,P020,Casual Shirt,Clothing,3230.99,20.0,3.0,0,1.0
C093,P063,Cookbook,Books,799.02,18.0,,0,8.0
C060,P045,Shampoo,Beauty,2096.42,10.0,1.0,0,4.0
C117,P032,Cushion Cover,Home,14519.77,20.0,3.0,3,5.0
C047,P043,Hair Serum,Beauty,1779.64,8.0,2.0,1,14.0
C129,P036,Water Bottle,Home,,7.0,1.0,0,17.0
C212,P069,Poetry Collection,Books,184.44,10.0,2.0,0,15.0
C005,P031,Cookware Set,Home,11234.24,10.0,1.0,0,2.0
C195,P026,Raincoat,Clothing,1133.27,10.0,2.0,2,6.0
C187,P008,Webcam,Electronics,70915.94,6.0,1.0,0,9.0
C106,P055,Resistance Bands,Sports,5684.55,14.0,1.0,0,4.0
C157,P008,Webcam,Electronics,70915.94,9.0,2.0,0,3.0
C013,P057,Running Shoes,Sports,3751.49,8.0,0.0,0,1.0
C116,P018,Sneakers,Clothing,505.32,6.0,2.0,0,12.0
C175,P033,Wall Clock,Home,5054.92,10.0,0.0,2,16.0
C034,P059,Python Basics,Books,309.77,9.0,4.0,0,9.0
C006,P030,Vacuum Cleaner,Home,10323.97,10.0,1.0,0,12.0
C116,P002,Smartphone,Electronics,39946.96,1.0,0.0,0,12.0
C040,P008,Webcam,Electronics,70915.94,14.0,4.0,1,17.0
C168,P007,USB-C Hub,,68692.66,2.0,0.0,0,0.0
C168,P013,Headphones,Electronics,58231.77,9.0,1.0,0,0.0
C059,P027,Table Lamp,Home,7133.13,9.0,1.0,3,7.0
C195,P023,Cap,Clothing,4858.35,7.0,0.0,0,6.0
C130,P021,Sports Shorts,Clothing,3837.82,6.0,3.0,3,14.0
C011,P018,Sneakers,,505.32,8.0,0.0,0,8.0
C137,P049,Yoga Mat,Sports,5506.59,6.0,1.0,0,1.0
C048,P038,LED Strip,Home,7265.65,7.0,2.0,2,1.0
C214,P029,Coffee Maker,Home,2524.77,1.0,0.0,0,1.0
C133,P030,Vacuum Cleaner,Home,10323.97,10.0,0.0,3,11.0
C046,P038,LED Strip,Home,7265.65,7.0,2.0,0,15.0
C186,P039,Face Wash,Beauty,643.58,7.0,1.0,0,16.0
C033,P046,Face Mask,Beauty,2030.43,1.0,0.0,0,17.0
C163,P053,Skipping Rope,Sports,6326.36,7.0,2.0,0,16.0
C076,P014,Portable SSD,Electronics,74189.34,13.0,0.0,0,13.0
C203,P036,Water Bottle,Home,3043.7,,3.0,0,11.0
C110,P044,Perfume,Beauty,848.68,17.0,2.0,0,12.0
C129,P036,Water Bottle,Home,3043.7,5.0,1.0,0,17.0
C209,P027,Table Lamp,Home,7133.13,2.0,0.0,0,16.0
C197,P065,Travel Diary,Books,878.93,15.0,1.0,0,12.0
C135,P048,Body Lotion,Beauty,790.99,8.0,6.0,1,17.0
C037,P044,Perfume,Beauty,848.68,14.0,6.0,0,15.0
C071,P061,Mystery Novel,Books,917.66,10.0,2.0,0,11.0
C152,P054,Gym Bag,Sports,5368.08,7.0,0.0,0,8.0
C069,P011,Keyboard,Electronics,33874.18,15.0,0.0,0,8.0
C114,P012,Monitor,Electronics,83466.44,9.0,2.0,0,15.0
C067,P039,Face Wash,Beauty,643.58,17.0,2.0,2,9.0
C181,P048,Body Lotion,Beauty,790.99,10.0,1.0,0,5.0
C085,P049,Yoga Mat,Sports,5506.59,7.0,0.0,0,2.0
C175,P056,Cycling Helmet,Sports,6277.72,14.0,0.0,0,16.0
C073,P024,Socks Pack,Clothing,,10.0,2.0,1,
C149,P006,Smartwatch,Electronics,87824.51,5.0,1.0,0,9.0
C075,P011,Keyboard,Electronics,33874.18,13.0,1.0,1,0.0
C047,P021,Sports Shorts,Clothing,3837.82,16.0,2.0,2,14.0
C083,P021,Sports Shorts,Clothing,3837.82,1.0,0.0,0,15.0
C208,P050,Dumbbells,Sports,1246.06,3.0,0.0,0,4.0
C148,P055,Resistance Bands,Sports,5684.55,3.0,0.0,0,15.0
C071,P033,Wall Clock,Home,5054.92,11.0,3.0,0,11.0
C052,P034,Storage Box,Home,5713.28,16.0,3.0,0,13.0
C100,P011,Keyboard,Electronics,33874.18,10.0,3.0,0,2.0
C177,P056,Cycling Helmet,,6277.72,12.0,2.0,0,15.0
C131,P002,Smartphone,Electronics,39946.96,14.0,0.0,0,11.0
C009,P066,Short Stories,Books,785.62,9.0,2.0,0,5.0
C070,P039,Face Wash,Beauty,643.58,7.0,0.0,0,8.0
C030,P060,Data Science Intro,Books,280.71,1.0,0.0,0,7.0
C084,P052,Tennis Racket,Sports,206.79,15.0,7.0,0,1.0
C199,P020,Casual Shirt,Clothing,3230.99,3.0,0.0,0,11.0
C048,P050,Dumbbells,Sports,,14.0,7.0,2,1.0
C146,P033,Wall Clock,Home,5054.92,6.0,0.0,0,15.0
C107,P044,Perfume,Beauty,848.68,8.0,0.0,0,10.0
C204,P015,Cotton T-Shirt,Clothing,2327.39,13.0,9.0,1,9.0
C043,P001,Wireless Earbuds,Electronics,69835.88,1.0,0.0,0,6.0
C108,P039,Face Wash,Beauty,643.58,1.0,0.0,0,12.0
C095,P066,Short Stories,Books,785.62,2.0,1.0,3,15.0
C072,P015,Cotton T-Shirt,Clothing,2327.39,7.0,2.0,3,15.0
C038,P003,Laptop,Electronics,77385.93,6.0,3.0,0,3.0
C119,P057,Running Shoes,Sports,3751.49,4.0,1.0,3,13.0
C130,P065,Travel Diary,Books,878.93,12.0,5.0,0,14.0
C169,P062,Self Help Guide,Books,690.76,14.0,1.0,0,17.0
C147,P033,Wall Clock,Home,5054.92,2.0,1.0,0,2.0
C047,P032,Cushion Cover,Home,14519.77,3.0,0.0,0,14.0
C186,P041,Lipstick,Beauty,1148.16,17.0,1.0,0,16.0
C196,P007,USB-C Hub,Electronics,68692.66,21.0,3.0,1,9.0
C015,P005,Bluetooth Speaker,Electronics,9199.62,3.0,1.0,0,17.0
C069,P005,Bluetooth Speaker,Electronics,9199.62,13.0,,0,8.0
C104,P065,Travel Diary,Books,878.93,9.0,1.0,0,2.0
C171,P012,Monitor,Electronics,83466.44,7.0,2.0,0,11.0
C002,P046,Face Mask,Beauty,2030.43,6.0,1.0,0,11.0
C186,P041,Lipstick,Beauty,1148.16,20.0,1.0,0,16.0
C009,P027,Table Lamp,Home,7133.13,17.0,5.0,0,5.0
C102,P070,Science Comics,Books,651.22,12.0,2.0,0,7.0
C065,P002,Smartphone,Electronics,39946.96,5.0,1.0,0,2.0
C073,P063,Cookbook,Books,799.02,4.0,0.0,3,15.0
C167,P022,Wool Sweater,Clothing,1900.72,3.0,0.0,1,11.0
C022,P057,Running Shoes,Sports,3751.49,8.0,2.0,0,16.0
C041,P011,Keyboard,Electronics,33874.18,17.0,1.0,0,
C101,P059,Python Basics,Books,309.77,16.0,8.0,1,17.0
C154,P062,Self Help Guide,Books,690.76,6.0,1.0,0,14.0
C025,P036,Water Bottle,Home,3043.7,1.0,0.0,0,1.0
C203,P009,Tablet,Electronics,12226.74,15.0,2.0,1,11.0
C019,P046,Face Mask,Beauty,2030.43,5.0,0.0,0,15.0
C212,P036,Water Bottle,Home,3043.7,12.0,3.0,3,15.0
C106,P068,Business Strategy,Books,498.54,17.0,1.0,2,4.0
C141,P024,Socks Pack,Clothing,4485.98,10.0,0.0,0,0.0
C037,P034,Storage Box,Home,5713.28,4.0,0.0,0,15.0
C196,P037,Desk Organizer,Home,2165.34,,0.0,0,9.0
C100,P004,Power Bank,Electronics,63004.23,6.0,2.0,0,2.0
C132,P012,Monitor,Electronics,83466.44,3.0,0.0,2,2.0
C217,P038,LED Strip,Home,7265.65,14.0,4.0,0,13.0
C095,P049,Yoga Mat,Sports,5506.59,14.0,1.0,0,15.0
C204,P070,Science Comics,Books,651.22,4.0,0.0,0,9.0
C092,P064,History of AI,Books,1028.75,18.0,0.0,3,7.0
C012,P024,Socks Pack,Clothing,4485.98,12.0,2.0,0,9.0
C190,P016,Denim Jeans,Clothing,1289.75,15.0,2.0,0,9.0
C008,P059,Python Basics,Books,309.77,2.0,0.0,0,11.0
C120,P047,Nail Kit,Beauty,1028.95,8.0,1.0,0,2.0
C049,P003,Laptop,Electronics,77385.93,15.0,3.0,3,11.0
C110,P012,Monitor,Electronics,83466.44,10.0,2.0,0,12.0
C083,P046,Face Mask,Beauty,2030.43,5.0,1.0,0,15.0
C167,P022,Wool Sweater,Clothing,1900.72,6.0,0.0,0,11.0
C066,P017,Hoodie,Clothing,2861.01,,3.0,0,5.0
C155,P034,Storage Box,Home,5713.28,6.0,1.0,3,1.0
C077,P058,Water Bladder,Sports,4613.62,17.0,4.0,0,9.0
C188,P002,Smartphone,Electronics,39946.96,9.0,1.0,0,5.0
C088,P024,Socks Pack,Clothing,4485.98,9.0,0.0,0,5.0
C077,P022,Wool Sweater,Clothing,1900.72,1.0,0.0,0,9.0
C031,P013,Headphones,Electronics,58231.77,4.0,0.0,0,4.0
C194,P059,Python Basics,Books,309.77,13.0,1.0,0,9.0
C156,P007,USB-C Hub,Electronics,68692.66,2.0,0.0,0,8.0
C213,P042,Sunscreen,Beauty,2097.43,10.0,2.0,0,10.0
C062,P008,Webcam,Electronics,70915.94,11.0,2.0,0,15.0
C207,P054,Gym Bag,Sports,5368.08,14.0,1.0,0,6.0
C191,P037,Desk Organizer,Home,2165.34,2.0,0.0,0,1.0
C070,P022,Wool Sweater,Clothing,1900.72,13.0,3.0,0,8.0
C149,P053,Skipping Rope,Sports,6326.36,2.0,0.0,0,9.0
C011,P022,Wool Sweater,Clothing,1900.72,10.0,0.0,3,8.0
C169,P007,USB-C Hub,Electronics,68692.66,4.0,0.0,0,17.0
C195,P042,Sunscreen,Beauty,2097.43,1.0,0.0,0,6.0
C078,P027,Table Lamp,Home,7133.13,5.0,0.0,0,
C027,P040,Moisturizer,Beauty,1706.55,13.0,3.0,0,4.0
C135,P061,Mystery Novel,Books,917.66,15.0,3.0,0,17.0
C163,P014,Portable SSD,Electronics,74189.34,9.0,2.0,0,16.0
C210,P033,Wall Clock,Home,5054.92,7.0,0.0,0,16.0
C089,P051,Football,Sports,1718.28,9.0,2.0,3,4.0
C069,P016,Denim Jeans,Clothing,1289.75,2.0,0.0,3,8.0
C176,P036,Water Bottle,Home,3043.7,10.0,8.0,0,13.0
C191,P069,Poetry Collection,Books,184.44,14.0,3.0,0,1.0
C051,P051,Football,Sports,1718.28,17.0,4.0,0,10.0
C117,P061,Mystery Novel,Books,917.66,8.0,0.0,0,5.0
C142,P012,Monitor,Electronics,83466.44,10.0,3.0,0,5.0
C166,P053,Skipping Rope,Sports,6326.36,13.0,0.0,1,10.0
C156,P062,Self Help Guide,Books,690.76,17.0,3.0,0,8.0
C098,P045,Shampoo,Beauty,2096.42,7.0,1.0,2,2.0
C037,P067,Kids Picture Book,Books,792.09,11.0,,0,15.0
C170,P021,Sports Shorts,Clothing,3837.82,9.0,1.0,0,3.0
C118,P019,Winter Jacket,Clothing,4171.63,5.0,2.0,1,8.0
C145,P067,Kids Picture Book,Books,792.09,9.0,1.0,3,3.0
C198,P025,Belt,Clothing,3935.24,1.0,0.0,0,9.0
C029,P008,Webcam,Electronics,70915.94,10.0,1.0,0,2.0
C198,P022,Wool Sweater,Clothing,1900.72,4.0,1.0,0,9.0
C020,P062,Self Help Guide,Books,690.76,,4.0,3,0.0
C191,P034,Storage Box,Home,5713.28,11.0,0.0,2,1.0
C142,P001,Wireless Earbuds,Electronics,69835.88,11.0,2.0,0,5.0
C154,P067,Kids Picture Book,Books,792.09,14.0,,1,14.0
C160,P024,Socks Pack,Clothing,4485.98,1.0,0.0,0,0.0
C129,P012,Monitor,Electronics,83466.44,17.0,4.0,0,17.0
C142,P065,Travel Diary,Books,878.93,2.0,1.0,2,5.0
C200,P018,Sneakers,Clothing,505.32,10.0,0.0,0,14.0
C161,P045,Shampoo,Beauty,2096.42,10.0,0.0,0,14.0
C156,P018,Sneakers,Clothing,505.32,5.0,0.0,0,8.0
C011,P067,Kids Picture Book,Books,792.09,13.0,2.0,0,8.0
C080,P006,Smartwatch,Electronics,,11.0,1.0,0,1.0
C099,P001,Wireless Earbuds,Electronics,69835.88,15.0,1.0,0,4.0
C148,P005,Bluetooth Speaker,Electronics,9199.62,5.0,0.0,0,15.0
C132,P006,Smartwatch,Electronics,87824.51,11.0,4.0,2,2.0
C037,P068,Business Strategy,Books,498.54,7.0,3.0,1,15.0
C031,P057,Running Shoes,Sports,3751.49,15.0,2.0,0,4.0
C177,P048,Body Lotion,Beauty,790.99,8.0,0.0,0,15.0
C166,P041,Lipstick,Beauty,1148.16,2.0,1.0,1,10.0
C016,P019,Winter Jacket,Clothing,4171.63,12.0,3.0,2,7.0
C202,P066,Short Stories,Books,785.62,1.0,0.0,0,9.0
C128,P062,Self Help Guide,Books,690.76,14.0,0.0,0,16.0
C087,P010,Gaming Mouse,Electronics,40973.43,10.0,2.0,2,7.0
C142,P037,Desk Organizer,Home,2165.34,10.0,2.0,0,5.0
C167,P050,Dumbbells,Sports,1246.06,16.0,0.0,0,11.0
C070,P025,Belt,Clothing,3935.24,11.0,6.0,2,
C136,P050,Dumbbells,Sports,1246.06,11.0,1.0,0,
C204,P046,Face Mask,Beauty,2030.43,2.0,0.0,0,
C132,P064,History of AI,Books,1028.75,9.0,0.0,0,2.0
C005,P064,History of AI,Books,1028.75,6.0,1.0,0,2.0
C051,P009,Tablet,Electronics,12226.74,12.0,1.0,2,10.0
C028,P066,Short Stories,Books,785.62,4.0,1.0,0,14.0
C154,P055,Resistance Bands,Sports,5684.55,13.0,0.0,0,14.0
C059,P038,LED Strip,Home,7265.65,15.0,5.0,0,7.0
C190,P007,USB-C Hub,Electronics,68692.66,17.0,0.0,0,9.0
C071,P018,Sneakers,Clothing,505.32,15.0,1.0,0,11.0
C099,P021,Sports Shorts,Clothing,3837.82,11.0,4.0,3,4.0
C070,P049,Yoga Mat,Sports,5506.59,9.0,1.0,0,8.0
C051,P050,Dumbbells,Sports,1246.06,8.0,4.0,0,10.0
C053,P060,Data Science Intro,Books,280.71,8.0,1.0,0,13.0
C169,P002,Smartphone,Electronics,,13.0,3.0,0,17.0
C157,P005,Bluetooth Speaker,Electronics,9199.62,13.0,1.0,0,3.0
C022,P009,Tablet,Electronics,12226.74,11.0,4.0,0,16.0
C162,P048,Body Lotion,Beauty,790.99,14.0,5.0,0,12.0
C103,P048,Body Lotion,Beauty,790.99,18.0,4.0,0,13.0
C186,P033,Wall Clock,Home,5054.92,15.0,,2,16.0
C010,P048,Body Lotion,Beauty,790.99,15.0,1.0,3,6.0
C051,P044,Perfume,Beauty,848.68,16.0,6.0,3,10.0
C002,P031,Cookware Set,Home,11234.24,11.0,2.0,3,11.0
C047,P008,Webcam,Electronics,70915.94,6.0,2.0,0,14.0
C030,P018,Sneakers,Clothing,505.32,1.0,0.0,3,7.0
C080,P070,Science Comics,Books,651.22,8.0,1.0,0,1.0
C145,P065,Travel Diary,Books,878.93,17.0,4.0,0,3.0
C194,P049,Yoga Mat,Sports,5506.59,10.0,1.0,0,9.0
C052,P053,Skipping Rope,Sports,6326.36,7.0,2.0,2,13.0
C047,P023,Cap,Clothing,4858.35,16.0,,0,14.0
C091,P018,Sneakers,Clothing,505.32,21.0,5.0,0,14.0
C131,P041,Lipstick,Beauty,1148.16,14.0,1.0,0,11.0
C177,P066,Short Stories,Books,785.62,15.0,4.0,2,15.0
C026,P070,Science Comics,Books,651.22,5.0,0.0,0,10.0
C027,P039,Face Wash,Beauty,643.58,11.0,1.0,0,4.0
C037,P020,Casual Shirt,Clothing,3230.99,7.0,0.0,0,
C192,P047,Nail Kit,Beauty,1028.95,10.0,0.0,0,2.0
C100,P070,Science Comics,Books,651.22,11.0,3.0,1,2.0
C056,P009,Tablet,Electronics,12226.74,5.0,1.0,0,11.0
C028,P054,Gym Bag,Sports,5368.08,4.0,0.0,0,14.0
C101,P007,USB-C Hub,Electronics,68692.66,15.0,2.0,3,17.0
C011,P017,Hoodie,Clothing,2861.01,8.0,4.0,1,8.0
C092,P023,Cap,Clothing,4858.35,11.0,0.0,3,7.0
C071,P058,Water Bladder,Sports,4613.62,2.0,0.0,0,11.0
C062,P046,Face Mask,Beauty,2030.43,12.0,6.0,0,15.0
C185,P017,Hoodie,Clothing,2861.01,6.0,0.0,0,0.0
C175,P003,Laptop,Electronics,77385.93,5.0,1.0,0,16.0
C163,P021,Sports Shorts,Clothing,3837.82,,2.0,2,16.0
C186,P062,Self Help Guide,Books,690.76,2.0,0.0,0,16.0
C198,P014,Portable SSD,Electronics,74189.34,18.0,5.0,0,9.0
C185,P029,Coffee Maker,Home,2524.77,10.0,2.0,0,0.0
C093,P040,Moisturizer,Beauty,1706.55,14.0,0.0,0,8.0
C040,P016,Denim Jeans,Clothing,1289.75,15.0,3.0,0,17.0
C145,P063,Cookbook,Books,799.02,13.0,2.0,0,3.0
C164,P063,Cookbook,Books,799.02,7.0,1.0,0,3.0
C125,P065,Travel Diary,Books,878.93,10.0,2.0,0,4.0
C162,P063,Cookbook,Books,799.02,8.0,0.0,0,12.0
C003,P005,Bluetooth Speaker,Electronics,9199.62,11.0,1.0,0,0.0
C005,P008,Webcam,Electronics,70915.94,7.0,1.0,0,2.0
C159,P013,Headphones,Electronics,58231.77,7.0,0.0,1,11.0
C056,P031,Cookware Set,Home,11234.24,16.0,3.0,0,11.0
C019,P004,Power Bank,Electronics,63004.23,8.0,0.0,0,15.0
C011,P011,Keyboard,Electronics,33874.18,3.0,1.0,0,8.0
C050,P008,Webcam,Electronics,70915.94,,2.0,0,13.0
C064,P034,Storage Box,Home,5713.28,6.0,1.0,0,3.0
C201,P018,Sneakers,Clothing,505.32,16.0,3.0,2,6.0
C150,P068,Business Strategy,Books,498.54,14.0,1.0,3,17.0
C095,P006,Smartwatch,Electronics,87824.51,2.0,0.0,0,15.0
C074,P021,Sports Shorts,Clothing,3837.82,2.0,0.0,0,6.0
C031,P065,Travel Diary,Books,878.93,6.0,1.0,0,4.0
C168,P004,Power Bank,Electronics,63004.23,13.0,2.0,0,0.0
C091,P026,Raincoat,Clothing,1133.27,19.0,4.0,0,14.0
C081,P043,Hair Serum,Beauty,1779.64,7.0,1.0,0,0.0
C197,P030,Vacuum Cleaner,Home,10323.97,13.0,1.0,0,12.0
C085,P030,Vacuum Cleaner,Home,10323.97,2.0,0.0,0,2.0
C197,P005,Bluetooth Speaker,Electronics,9199.62,10.0,0.0,1,12.0
C188,P039,Face Wash,Beauty,643.58,16.0,1.0,0,5.0
C149,P006,Smartwatch,Electronics,87824.51,4.0,,0,9.0
C196,P030,Vacuum Cleaner,Home,10323.97,8.0,0.0,0,9.0
C048,P006,Smartwatch,Electronics,87824.51,1.0,0.0,0,1.0
C031,P035,Air Fryer,Home,7174.95,3.0,0.0,0,4.0
C156,P047,Nail Kit,Beauty,1028.95,4.0,1.0,3,8.0
C107,P010,Gaming Mouse,Electronics,,12.0,3.0,0,10.0
C024,P022,Wool Sweater,Clothing,1900.72,14.0,2.0,3,17.0
C209,P024,Socks Pack,Clothing,4485.98,12.0,1.0,0,16.0
C046,P034,Storage Box,Home,5713.28,16.0,1.0,0,15.0
C189,P067,Kids Picture Book,Books,792.09,2.0,0.0,0,14.0
C154,P019,Winter Jacket,Clothing,4171.63,6.0,0.0,0,14.0
C114,P062,Self Help Guide,Books,690.76,9.0,1.0,0,15.0
C182,P038,LED Strip,Home,7265.65,2.0,1.0,0,12.0
C067,P063,Cookbook,Books,799.02,9.0,2.0,0,9.0
C141,P023,Cap,Clothing,,4.0,0.0,0,0.0
C180,P066,Short Stories,Books,785.62,18.0,4.0,2,7.0
C089,P054,Gym Bag,Sports,5368.08,8.0,0.0,0,4.0
C185,P059,Python Basics,Books,309.77,17.0,4.0,0,0.0
C207,P022,Wool Sweater,Clothing,,10.0,2.0,1,6.0
C180,P067,Kids Picture Book,Books,792.09,16.0,3.0,0,7.0
C154,P035,Air Fryer,Home,7174.95,2.0,0.0,2,14.0
C062,P064,History of AI,Books,1028.75,17.0,2.0,2,15.0
C050,P045,Shampoo,Beauty,2096.42,6.0,0.0,0,
C107,P023,Cap,Clothing,4858.35,2.0,1.0,0,10.0
C105,P055,Resistance Bands,Sports,5684.55,11.0,1.0,0,17.0
C043,P039,Face Wash,Beauty,643.58,10.0,0.0,0,6.0
C200,P032,Cushion Cover,Home,14519.77,11.0,0.0,0,14.0
C169,P070,Science Comics,Books,651.22,2.0,0.0,0,17.0
C111,P065,Travel Diary,Books,878.93,,,0,3.0
C088,P064,History of AI,Books,1028.75,2.0,0.0,0,5.0
C072,P060,Data Science Intro,Books,280.71,9.0,0.0,3,15.0
C204,P023,Cap,Clothing,4858.35,11.0,2.0,3,9.0
C163,P070,Science Comics,Books,651.22,10.0,3.0,2,16.0
C119,P016,Denim Jeans,Clothing,1289.75,6.0,1.0,0,13.0
C149,P031,Cookware Set,Home,11234.24,5.0,2.0,0,9.0
C036,P008,Webcam,Electronics,70915.94,4.0,1.0,0,12.0
C141,P059,Python Basics,Books,309.77,11.0,2.0,0,0.0
C124,P035,Air Fryer,Home,7174.95,,0.0,2,4.0
C003,P070,Science Comics,Books,651.22,12.0,1.0,0,0.0
C026,P054,Gym Bag,Sports,5368.08,10.0,,0,10.0
C021,P008,Webcam,Electronics,70915.94,8.0,0.0,0,10.0
C060,P024,Socks Pack,Clothing,,8.0,1.0,0,4.0
C048,P055,Resistance Bands,Sports,5684.55,16.0,3.0,0,1.0
C057,P056,Cycling Helmet,Sports,6277.72,8.0,1.0,0,11.0
C160,P070,Science Comics,Books,651.22,4.0,0.0,0,0.0
C044,P002,Smartphone,Electronics,39946.96,8.0,2.0,0,2.0
C176,P014,Portable SSD,Electronics,74189.34,9.0,3.0,2,13.0
C081,P065,Travel Diary,Books,878.93,2.0,0.0,3,0.0
C135,P019,Winter Jacket,Clothing,4171.63,1.0,0.0,0,17.0
C125,P006,Smartwatch,Electronics,87824.51,,2.0,3,4.0
C152,P026,Raincoat,Clothing,1133.27,7.0,1.0,0,8.0
C106,P040,Moisturizer,,,7.0,1.0,0,4.0
C083,P015,Cotton T-Shirt,Clothing,2327.39,14.0,1.0,0,15.0
C117,P006,Smartwatch,Electronics,87824.51,15.0,6.0,0,5.0
C194,P010,Gaming Mouse,Electronics,40973.43,15.0,5.0,0,9.0
C088,P020,Casual Shirt,Clothing,3230.99,9.0,2.0,0,5.0
C030,P017,Hoodie,Clothing,,2.0,1.0,0,7.0
C069,P040,Moisturizer,Beauty,1706.55,1.0,0.0,0,8.0
C187,P061,Mystery Novel,Books,917.66,1.0,0.0,0,9.0
C139,P053,Skipping Rope,Sports,6326.36,6.0,2.0,0,5.0
C098,P021,Sports Shorts,Clothing,3837.82,19.0,10.0,3,2.0
C199,P014,Portable SSD,Electronics,74189.34,3.0,0.0,0,11.0
C044,P050,Dumbbells,Sports,1246.06,3.0,0.0,0,2.0
C037,P065,Travel Diary,Books,878.93,,12.0,3,15.0
C122,P067,Kids Picture Book,Books,792.09,7.0,1.0,2,6.0
C098,P053,Skipping Rope,Sports,6326.36,2.0,0.0,0,2.0
C202,P051,Football,Sports,1718.28,15.0,2.0,0,9.0
C202,P048,Body Lotion,Beauty,790.99,,0.0,0,9.0
C013,P023,Cap,Clothing,4858.35,7.0,1.0,1,1.0
C062,P066,Short Stories,Books,785.62,3.0,2.0,0,15.0
C047,P016,Denim Jeans,Clothing,1289.75,3.0,,0,14.0
C071,P033,Wall Clock,Home,5054.92,8.0,1.0,0,11.0
C167,P028,Bedsheet Set,Home,895.11,9.0,3.0,0,11.0
C014,P070,Science Comics,Books,651.22,7.0,3.0,3,4.0
C045,P015,Cotton T-Shirt,Clothing,2327.39,,1.0,1,14.0
C207,P015,Cotton T-Shirt,Clothing,2327.39,6.0,1.0,0,6.0
C002,P014,Portable SSD,Electronics,74189.34,13.0,0.0,2,11.0
C129,P004,Power Bank,Electronics,63004.23,8.0,0.0,0,17.0
C033,P002,Smartphone,Electronics,39946.96,8.0,4.0,3,17.0
C033,P042,Sunscreen,Beauty,2097.43,14.0,0.0,0,17.0
C186,P063,Cookbook,Books,799.02,16.0,1.0,0,16.0
C177,P043,Hair Serum,Beauty,1779.64,9.0,0.0,0,15.0
C077,P033,Wall Clock,Home,5054.92,8.0,0.0,0,9.0
C145,P070,Science Comics,Books,651.22,4.0,1.0,0,3.0
C046,P054,Gym Bag,Sports,5368.08,4.0,1.0,0,15.0
C063,P009,Tablet,Electronics,12226.74,4.0,0.0,0,8.0
C176,P033,Wall Clock,Home,5054.92,11.0,5.0,0,13.0
C214,P069,Poetry Collection,Books,184.44,15.0,6.0,0,1.0
C213,P046,Face Mask,Beauty,2030.43,14.0,1.0,0,10.0
C188,P022,Wool Sweater,Clothing,1900.72,7.0,2.0,0,5.0
C161,P022,Wool Sweater,Clothing,1900.72,11.0,2.0,0,14.0
C024,P063,Cookbook,Books,799.02,13.0,1.0,0,17.0
C185,P068,Business Strategy,Books,498.54,9.0,0.0,1,0.0
C106,P054,Gym Bag,Sports,5368.08,5.0,,0,4.0
C126,P066,Short Stories,Books,785.62,10.0,4.0,3,9.0
C182,P063,Cookbook,Books,799.02,9.0,2.0,0,12.0
C201,P008,Webcam,Electronics,70915.94,6.0,1.0,0,
C202,P064,History of AI,Books,1028.75,9.0,1.0,0,9.0
C096,P050,Dumbbells,Sports,1246.06,,0.0,0,15.0
C141,P045,Shampoo,Beauty,2096.42,6.0,2.0,3,0.0
C156,P064,History of AI,Books,1028.75,14.0,0.0,0,8.0
C025,P041,Lipstick,Beauty,1148.16,5.0,2.0,0,1.0
C060,P037,Desk Organizer,Home,2165.34,6.0,1.0,0,4.0
C088,P026,Raincoat,Clothing,1133.27,8.0,1.0,0,5.0
C123,P068,Business Strategy,Books,498.54,4.0,2.0,0,16.0
C105,P033,Wall Clock,Home,5054.92,2.0,0.0,0,17.0
C117,P036,Water Bottle,Home,3043.7,20.0,5.0,0,5.0
C178,P067,Kids Picture Book,Books,792.09,1.0,0.0,0,9.0
C195,P002,Smartphone,Electronics,39946.96,5.0,0.0,0,6.0
C074,P007,USB-C Hub,Electronics,68692.66,16.0,2.0,0,6.0
C103,P014,Portable SSD,Electronics,74189.34,16.0,4.0,2,13.0
C008,P015,Cotton T-Shirt,Clothing,2327.39,,4.0,3,11.0
C165,P015,Cotton T-Shirt,Clothing,2327.39,10.0,1.0,0,2.0
C072,P053,Skipping Rope,Sports,6326.36,3.0,0.0,0,15.0
C004,P052,Tennis Racket,Sports,206.79,14.0,2.0,0,12.0
C215,P029,Coffee Maker,Home,2524.77,3.0,0.0,0,14.0
C115,P026,Raincoat,Clothing,1133.27,14.0,4.0,1,16.0
C033,P066,Short Stories,Books,785.62,9.0,2.0,1,17.0
C114,P017,Hoodie,Clothing,2861.01,14.0,3.0,1,15.0
C144,P021,Sports Shorts,Clothing,3837.82,6.0,0.0,0,8.0
C106,P066,Short Stories,Books,785.62,15.0,2.0,0,4.0
C001,P047,Nail Kit,Beauty,1028.95,11.0,3.0,1,3.0
C107,P024,Socks Pack,Clothing,4485.98,17.0,1.0,0,10.0
C163,P013,Headphones,Electronics,58231.77,15.0,2.0,0,16.0
C042,P002,Smartphone,Electronics,39946.96,2.0,1.0,0,2.0
C173,P048,Body Lotion,Beauty,790.99,17.0,1.0,2,2.0
C096,P045,Shampoo,Beauty,2096.42,5.0,0.0,0,15.0
C043,P035,Air Fryer,Home,7174.95,10.0,1.0,0,6.0
C025,P039,Face Wash,Beauty,643.58,16.0,11.0,1,1.0
C080,P051,Football,Sports,1718.28,15.0,5.0,0,1.0
C004,P066,Short Stories,Books,785.62,15.0,3.0,1,12.0
C004,P053,Skipping Rope,Sports,6326.36,3.0,1.0,0,
C020,P018,Sneakers,Clothing,,11.0,0.0,0,0.0
C202,P025,Belt,Clothing,,1.0,1.0,3,9.0
C178,P036,Water Bottle,Home,3043.7,2.0,1.0,0,9.0
C134,P065,Travel Diary,Books,878.93,18.0,2.0,3,15.0
C076,P018,Sneakers,Clothing,505.32,11.0,1.0,1,13.0
C198,P066,Short Stories,Books,785.62,8.0,3.0,0,9.0
C176,P044,Perfume,Beauty,848.68,12.0,2.0,2,13.0
C022,P030,Vacuum Cleaner,Home,10323.97,,1.0,0,16.0
C063,P042,Sunscreen,Beauty,2097.43,5.0,1.0,0,8.0
C122,P020,Casual Shirt,Clothing,3230.99,13.0,0.0,1,6.0
C115,P042,Sunscreen,Beauty,2097.43,15.0,8.0,2,16.0
C132,P002,Smartphone,Electronics,39946.96,5.0,0.0,0,2.0
C156,P020,Casual Shirt,Clothing,3230.99,14.0,3.0,2,
C172,P060,Data Science Intro,Books,,4.0,0.0,0,8.0
C004,P049,Yoga Mat,Sports,5506.59,1.0,0.0,0,12.0
C070,P070,Science Comics,Books,651.22,4.0,1.0,0,
C148,P038,LED Strip,Home,7265.65,12.0,4.0,0,15.0
C007,P069,Poetry Collection,Books,184.44,12.0,0.0,0,5.0
C179,P041,Lipstick,Beauty,,18.0,2.0,0,6.0
C220,P019,Winter Jacket,Clothing,4171.63,15.0,3.0,0,12.0
C199,P003,Laptop,Electronics,77385.93,4.0,0.0,0,11.0
C193,P054,Gym Bag,Sports,,2.0,0.0,3,4.0
C218,P020,Casual Shirt,Clothing,3230.99,16.0,0.0,0,0.0
C150,P047,Nail Kit,Beauty,1028.95,3.0,1.0,0,17.0
C216,P002,Smartphone,Electronics,39946.96,,1.0,0,4.0
C064,P039,Face Wash,Beauty,643.58,4.0,1.0,3,3.0
C008,P030,Vacuum Cleaner,Home,10323.97,14.0,6.0,0,11.0
C053,P041,Lipstick,Beauty,1148.16,11.0,2.0,0,
C105,P056,Cycling Helmet,Sports,6277.72,6.0,0.0,0,17.0
C020,P027,Table Lamp,Home,7133.13,6.0,0.0,0,0.0
C005,P057,Running Shoes,Sports,3751.49,3.0,1.0,0,2.0
C186,P054,Gym Bag,Sports,5368.08,15.0,0.0,0,16.0
C152,P049,Yoga Mat,Sports,5506.59,12.0,2.0,0,8.0
C077,P027,Table Lamp,Home,7133.13,6.0,2.0,0,9.0
C045,P005,Bluetooth Speaker,Electronics,9199.62,11.0,1.0,0,14.0
C105,P022,Wool Sweater,Clothing,1900.72,12.0,5.0,0,17.0
C079,P067,Kids Picture Book,,792.09,12.0,0.0,0,9.0
C101,P028,Bedsheet Set,Home,895.11,2.0,0.0,0,17.0
C095,P059,Python Basics,Books,309.77,7.0,0.0,0,15.0
C100,P067,Kids Picture Book,Books,792.09,9.0,3.0,0,2.0
C006,P004,Power Bank,Electronics,63004.23,2.0,0.0,0,12.0
C064,P004,Power Bank,Electronics,63004.23,3.0,0.0,0,3.0
C001,P017,Hoodie,Clothing,2861.01,2.0,2.0,0,3.0
C154,P010,Gaming Mouse,Electronics,40973.43,13.0,0.0,0,14.0
C006,P050,Dumbbells,Sports,1246.06,13.0,1.0,0,12.0
C144,P019,Winter Jacket,Clothing,4171.63,5.0,1.0,2,8.0
C121,P070,Science Comics,Books,651.22,12.0,3.0,0,2.0
C179,P010,Gaming Mouse,Electronics,40973.43,17.0,1.0,0,6.0
C083,P027,Table Lamp,Home,7133.13,8.0,,1,15.0
C085,P009,Tablet,Electronics,12226.74,11.0,1.0,0,2.0
C180,P069,Poetry Collection,Books,184.44,13.0,1.0,0,7.0
C149,P011,Keyboard,Electronics,33874.18,10.0,0.0,1,9.0
C010,P032,Cushion Cover,Home,14519.77,9.0,1.0,0,6.0
C140,P047,Nail Kit,Beauty,1028.95,15.0,4.0,0,10.0
C060,P067,Kids Picture Book,Books,792.09,7.0,2.0,1,4.0
C035,P066,Short Stories,Books,785.62,2.0,0.0,0,8.0
C036,P026,Raincoat,Clothing,1133.27,9.0,,0,12.0
C167,P055,Resistance Bands,Sports,5684.55,7.0,1.0,0,
C126,P009,Tablet,Electronics,12226.74,15.0,4.0,3,9.0
C201,P047,Nail Kit,Beauty,1028.95,14.0,2.0,3,6.0
C020,P011,Keyboard,Electronics,33874.18,14.0,2.0,0,0.0
C064,P059,Python Basics,Books,309.77,7.0,3.0,2,3.0
C001,P059,Python Basics,Books,309.77,,11.0,2,3.0
C134,P035,Air Fryer,Home,7174.95,4.0,0.0,3,15.0
C130,P043,Hair Serum,Beauty,1779.64,6.0,2.0,0,14.0
C068,P067,Kids Picture Book,Books,792.09,9.0,1.0,0,17.0
C211,P032,Cushion Cover,Home,14519.77,9.0,3.0,0,7.0
C049,P018,Sneakers,Clothing,,4.0,1.0,0,11.0
C162,P043,Hair Serum,Beauty,1779.64,10.0,2.0,2,12.0
C068,P035,Air Fryer,Home,7174.95,14.0,0.0,2,17.0
C099,P028,Bedsheet Set,Home,895.11,20.0,5.0,0,4.0
C210,P020,Casual Shirt,Clothing,3230.99,14.0,2.0,0,16.0
C063,P004,Power Bank,Electronics,63004.23,2.0,1.0,0,8.0
C048,P040,Moisturizer,Beauty,1706.55,16.0,4.0,0,1.0
C134,P061,Mystery Novel,Books,917.66,15.0,1.0,3,15.0
C174,P006,Smartwatch,Electronics,87824.51,16.0,6.0,0,14.0
C187,P003,Laptop,Electronics,77385.93,13.0,1.0,0,9.0
C186,P022,Wool Sweater,Clothing,1900.72,11.0,1.0,0,16.0
C027,P012,Monitor,Electronics,,7.0,0.0,0,4.0
C145,P025,Belt,Clothing,3935.24,13.0,7.0,0,3.0
C084,P052,Tennis Racket,Sports,206.79,17.0,4.0,1,1.0
C173,P025,Belt,Clothing,3935.24,9.0,3.0,0,2.0
C051,P028,Bedsheet Set,Home,895.11,3.0,0.0,0,
C177,P009,Tablet,Electronics,12226.74,8.0,1.0,0,15.0
C169,P023,Cap,Clothing,4858.35,13.0,2.0,0,17.0
C097,P034,Storage Box,Home,5713.28,4.0,0.0,0,5.0
C013,P035,Air Fryer,Home,7174.95,9.0,3.0,3,1.0
C140,P047,Nail Kit,Beauty,1028.95,12.0,4.0,0,10.0
C024,P007,USB-C Hub,Electronics,68692.66,14.0,5.0,0,17.0
C038,P016,Denim Jeans,Clothing,1289.75,6.0,2.0,1,3.0
C101,P052,Tennis Racket,Sports,206.79,11.0,,0,17.0
C026,P003,Laptop,Electronics,77385.93,10.0,1.0,0,10.0
C159,P023,Cap,Clothing,4858.35,,0.0,1,11.0
C123,P037,Desk Organizer,Home,2165.34,5.0,0.0,0,16.0
C106,P019,Winter Jacket,Clothing,4171.63,15.0,3.0,0,4.0
C177,P042,Sunscreen,Beauty,2097.43,16.0,1.0,3,15.0
C019,P045,Shampoo,Beauty,2096.42,14.0,2.0,2,15.0
C083,P060,Data Science Intro,Books,280.71,16.0,2.0,0,15.0
C195,P037,Desk Organizer,Home,2165.34,17.0,3.0,0,6.0
C087,P051,Football,Sports,1718.28,4.0,1.0,0,7.0
C055,P013,Headphones,Electronics,58231.77,12.0,0.0,3,12.0
C152,P014,Portable SSD,Electronics,74189.34,12.0,1.0,1,8.0
C192,P033,Wall Clock,Home,5054.92,14.0,0.0,0,2.0
C190,P056,Cycling Helmet,Sports,6277.72,8.0,4.0,0,9.0
C133,P027,Table Lamp,Home,7133.13,2.0,0.0,0,11.0
C202,P028,Bedsheet Set,Home,895.11,9.0,0.0,1,9.0
C129,P035,Air Fryer,Home,7174.95,11.0,1.0,0,17.0
C015,P038,LED Strip,Home,7265.65,8.0,3.0,0,17.0
C219,P019,Winter Jacket,Clothing,4171.63,15.0,2.0,0,6.0
C163,P001,Wireless Earbuds,Electronics,69835.88,3.0,0.0,0,16.0
C124,P032,Cushion Cover,Home,14519.77,12.0,3.0,0,4.0
C141,P047,Nail Kit,Beauty,1028.95,8.0,2.0,3,0.0
C004,P033,Wall Clock,Home,5054.92,12.0,0.0,0,12.0
C215,P034,Storage Box,Home,5713.28,2.0,0.0,1,14.0
C035,P053,Skipping Rope,Sports,6326.36,6.0,0.0,0,8.0
C155,P058,Water Bladder,Sports,4613.62,4.0,0.0,0,1.0
C093,P010,Gaming Mouse,Electronics,40973.43,4.0,1.0,0,8.0
C003,P020,Casual Shirt,Clothing,3230.99,13.0,2.0,0,0.0
C050,P015,Cotton T-Shirt,Clothing,2327.39,17.0,0.0,0,13.0
C130,P069,Poetry Collection,Books,184.44,9.0,1.0,0,14.0
C018,P005,Bluetooth Speaker,Electronics,9199.62,13.0,4.0,0,16.0
C117,P070,Science Comics,Books,651.22,2.0,1.0,0,5.0
C087,P065,Travel Diary,Books,878.93,7.0,1.0,0,7.0
C086,P017,Hoodie,Clothing,,9.0,0.0,0,6.0
C181,P050,Dumbbells,Sports,1246.06,15.0,6.0,1,5.0
C098,P014,Portable SSD,Electronics,74189.34,17.0,3.0,0,2.0
C012,P029,Coffee Maker,Home,2524.77,5.0,0.0,0,9.0
C115,P004,Power Bank,Electronics,63004.23,4.0,1.0,0,16.0
C109,P018,Sneakers,Clothing,505.32,7.0,4.0,0,0.0
C037,P066,Short Stories,,785.62,20.0,5.0,1,15.0
C101,P035,Air Fryer,Home,7174.95,11.0,1.0,0,17.0
C135,P035,Air Fryer,Home,7174.95,7.0,0.0,0,17.0
C090,P040,Moisturizer,Beauty,1706.55,7.0,3.0,0,14.0
C023,P058,Water Bladder,Sports,,13.0,1.0,0,16.0
C003,P012,Monitor,Electronics,83466.44,7.0,0.0,2,0.0
C172,P030,Vacuum Cleaner,Home,10323.97,14.0,3.0,2,8.0
C023,P029,Coffee Maker,Home,2524.77,16.0,1.0,0,16.0
C036,P066,Short Stories,Books,785.62,4.0,1.0,1,12.0
C122,P062,Self Help Guide,Books,690.76,19.0,5.0,0,6.0
C021,P027,Table Lamp,Home,7133.13,13.0,0.0,0,10.0
C140,P049,Yoga Mat,Sports,5506.59,12.0,1.0,0,10.0
C013,P011,Keyboard,Electronics,33874.18,14.0,2.0,0,1.0
C060,P038,LED Strip,Home,7265.65,14.0,2.0,1,4.0
C020,P009,Tablet,Electronics,12226.74,14.0,2.0,1,0.0
C153,P016,Denim Jeans,Clothing,1289.75,11.0,,3,1.0
C182,P020,Casual Shirt,Clothing,3230.99,16.0,2.0,0,12.0
C136,P037,Desk Organizer,Home,2165.34,16.0,3.0,3,16.0
C178,P032,Cushion Cover,Home,14519.77,5.0,0.0,0,9.0
C159,P060,Data Science Intro,Books,280.71,7.0,2.0,0,11.0
C072,P064,History of AI,Books,1028.75,15.0,5.0,1,15.0
C159,P008,Webcam,Electronics,70915.94,4.0,2.0,0,11.0
C131,P028,Bedsheet Set,Home,895.11,1.0,0.0,0,11.0
C119,P048,Body Lotion,Beauty,790.99,8.0,1.0,0,13.0
C038,P055,Resistance Bands,Sports,5684.55,3.0,,0,3.0
C097,P010,Gaming Mouse,Electronics,40973.43,9.0,2.0,0,5.0
C034,P049,Yoga Mat,Sports,5506.59,1.0,0.0,0,9.0
C043,P016,Denim Jeans,Clothing,1289.75,1.0,0.0,0,6.0
C145,P051,Football,Sports,1718.28,9.0,1.0,0,3.0
C028,P039,Face Wash,Beauty,643.58,4.0,2.0,0,14.0
C007,P067,Kids Picture Book,Books,792.09,11.0,1.0,0,5.0
C037,P038,LED Strip,Home,,2.0,0.0,1,15.0
C170,P052,Tennis Racket,Sports,206.79,5.0,1.0,0,3.0
C009,P001,Wireless Earbuds,Electronics,69835.88,2.0,1.0,0,5.0
C180,P061,Mystery Novel,Books,917.66,13.0,3.0,0,7.0
C158,P003,Laptop,Electronics,77385.93,5.0,1.0,0,8.0
C218,P011,Keyboard,Electronics,33874.18,17.0,5.0,1,0.0
C175,P057,Running Shoes,Sports,3751.49,17.0,2.0,0,16.0
C171,P002,Smartphone,Electronics,39946.96,8.0,2.0,0,11.0
C152,P068,Business Strategy,Books,498.54,11.0,0.0,0,8.0
C013,P002,Smartphone,Electronics,39946.96,3.0,0.0,0,1.0
C148,P015,Cotton T-Shirt,Clothing,2327.39,6.0,1.0,0,15.0
C047,P069,Poetry Collection,Books,184.44,5.0,1.0,1,14.0
C214,P021,Sports Shorts,Clothing,3837.82,4.0,0.0,0,1.0
C022,P003,Laptop,Electronics,77385.93,17.0,3.0,0,16.0
C020,P053,Skipping Rope,Sports,6326.36,17.0,1.0,1,0.0
C166,P047,Nail Kit,Beauty,1028.95,7.0,1.0,0,10.0
C121,P056,Cycling Helmet,Sports,6277.72,4.0,1.0,0,2.0
C138,P009,Tablet,Electronics,12226.74,9.0,3.0,1,
C202,P007,USB-C Hub,Electronics,68692.66,14.0,4.0,0,
C211,P037,Desk Organizer,Home,2165.34,9.0,4.0,0,7.0
C023,P023,Cap,Clothing,4858.35,15.0,2.0,0,16.0
C161,P069,Poetry Collection,Books,184.44,4.0,2.0,1,14.0
C070,P061,Mystery Novel,Books,917.66,17.0,3.0,0,8.0
C148,P053,Skipping Rope,Sports,6326.36,8.0,3.0,2,15.0
C153,P056,Cycling Helmet,Sports,6277.72,11.0,1.0,0,1.0
C211,P057,Running Shoes,Sports,3751.49,12.0,1.0,0,7.0
C065,P059,Python Basics,Books,309.77,5.0,0.0,0,2.0
C020,P020,Casual Shirt,Clothing,3230.99,5.0,0.0,0,0.0
C103,P053,Skipping Rope,Sports,6326.36,12.0,4.0,0,13.0
C112,P033,Wall Clock,Home,5054.92,15.0,3.0,0,13.0
C093,P020,Casual Shirt,Clothing,3230.99,12.0,6.0,1,8.0
C049,P059,Python Basics,Books,309.77,17.0,2.0,0,11.0
C123,P004,Power Bank,Electronics,63004.23,17.0,2.0,0,16.0
C078,P069,Poetry Collection,Books,184.44,13.0,5.0,0,8.0
C018,P019,Winter Jacket,Clothing,4171.63,17.0,2.0,3,16.0
C042,P060,Data Science Intro,Books,280.71,13.0,1.0,0,2.0
C106,P019,Winter Jacket,Clothing,4171.63,9.0,1.0,0,
C148,P007,USB-C Hub,Electronics,68692.66,7.0,3.0,0,15.0
C160,P058,Water Bladder,Sports,4613.62,4.0,0.0,0,0.0
C084,P065,Travel Diary,Books,878.93,13.0,0.0,0,1.0
C185,P011,Keyboard,Electronics,33874.18,14.0,2.0,3,0.0
C110,P014,Portable SSD,Electronics,74189.34,12.0,2.0,2,12.0
C050,P047,Nail Kit,Beauty,1028.95,5.0,,0,13.0
C106,P035,Air Fryer,Home,7174.95,12.0,1.0,0,4.0
C122,P053,Skipping Rope,Sports,6326.36,15.0,1.0,0,6.0
C112,P040,Moisturizer,Beauty,1706.55,6.0,2.0,3,13.0
C022,P012,Monitor,Electronics,83466.44,10.0,1.0,0,16.0
C146,P015,Cotton T-Shirt,Clothing,2327.39,9.0,1.0,0,15.0
C125,P062,Self Help Guide,Books,690.76,2.0,0.0,0,4.0
C166,P028,Bedsheet Set,Home,895.11,9.0,1.0,3,10.0
C042,P059,Python Basics,Books,309.77,12.0,1.0,0,2.0
C088,P006,Smartwatch,Electronics,87824.51,6.0,1.0,0,5.0
C014,P038,LED Strip,Home,7265.65,6.0,1.0,0,4.0
C084,P030,Vacuum Cleaner,Home,10323.97,17.0,2.0,0,1.0
C139,P034,Storage Box,Home,5713.28,16.0,5.0,2,5.0
C161,P052,Tennis Racket,Sports,206.79,14.0,0.0,0,14.0
C064,P014,Portable SSD,Electronics,74189.34,14.0,2.0,1,3.0
C019,P048,Body Lotion,Beauty,790.99,12.0,1.0,1,15.0
C159,P006,Smartwatch,Electronics,87824.51,2.0,0.0,0,11.0
C216,P006,Smartwatch,Electronics,87824.51,2.0,1.0,0,4.0
C122,P025,Belt,Clothing,3935.24,6.0,0.0,0,6.0
C107,P020,Casual Shirt,Clothing,3230.99,7.0,0.0,3,10.0
C120,P050,Dumbbells,Sports,1246.06,3.0,0.0,0,2.0
C187,P037,Desk Organizer,Home,2165.34,1.0,0.0,0,9.0
C067,P039,Face Wash,Beauty,643.58,15.0,1.0,0,9.0
C150,P035,Air Fryer,Home,7174.95,11.0,,0,17.0
C197,P053,Skipping Rope,,6326.36,12.0,,3,12.0
C213,P028,Bedsheet Set,Home,895.11,6.0,1.0,1,10.0
C002,P002,Smartphone,Electronics,39946.96,13.0,2.0,0,11.0
C105,P042,Sunscreen,Beauty,2097.43,19.0,11.0,3,17.0
C198,P049,Yoga Mat,Sports,5506.59,,0.0,0,9.0
C207,P056,Cycling Helmet,Sports,6277.72,16.0,2.0,0,
C174,P015,Cotton T-Shirt,Clothing,2327.39,,1.0,0,14.0
C071,P058,Water Bladder,Sports,4613.62,10.0,,0,11.0
C084,P022,Wool Sweater,Clothing,1900.72,16.0,1.0,3,1.0
C049,P004,Power Bank,Electronics,63004.23,5.0,1.0,0,11.0
C096,P015,Cotton T-Shirt,Clothing,2327.39,1.0,0.0,0,15.0
C018,P013,Headphones,Electronics,58231.77,20.0,5.0,0,16.0
C217,P061,Mystery Novel,Books,917.66,3.0,2.0,0,13.0
C126,P055,Resistance Bands,Sports,5684.55,12.0,1.0,3,9.0
C082,P004,Power Bank,Electronics,63004.23,8.0,1.0,0,0.0
C016,P048,Body Lotion,Beauty,790.99,2.0,0.0,0,7.0
C074,P008,Webcam,Electronics,70915.94,7.0,2.0,0,6.0
C101,P015,Cotton T-Shirt,Clothing,2327.39,17.0,3.0,0,17.0
C005,P036,Water Bottle,Home,3043.7,7.0,4.0,0,2.0
C189,P035,Air Fryer,Home,7174.95,6.0,2.0,0,14.0
C093,P064,History of AI,Books,1028.75,20.0,5.0,2,8.0
C013,P032,Cushion Cover,Home,14519.77,1.0,0.0,0,1.0
C219,P012,Monitor,Electronics,83466.44,8.0,2.0,0,6.0
C161,P018,Sneakers,Clothing,505.32,8.0,,0,14.0
C017,P007,USB-C Hub,Electronics,68692.66,5.0,0.0,0,5.0
C169,P009,Tablet,Electronics,12226.74,5.0,0.0,0,17.0
C014,P068,Business Strategy,Books,498.54,17.0,4.0,0,4.0
C043,P028,Bedsheet Set,Home,895.11,2.0,1.0,0,6.0
C212,P066,Short Stories,Books,785.62,12.0,3.0,3,15.0
C148,P043,Hair Serum,Beauty,1779.64,3.0,0.0,0,15.0
C193,P046,Face Mask,Beauty,2030.43,11.0,2.0,0,4.0
C073,P015,Cotton T-Shirt,Clothing,2327.39,3.0,0.0,0,15.0
C145,P045,Shampoo,Beauty,2096.42,13.0,5.0,0,3.0
C085,P017,Hoodie,Clothing,2861.01,14.0,2.0,0,2.0
C111,P054,Gym Bag,Sports,5368.08,5.0,2.0,0,3.0
C012,P014,Portable SSD,Electronics,74189.34,11.0,1.0,0,9.0
C170,P021,Sports Shorts,Clothing,3837.82,20.0,8.0,0,3.0
C013,P029,Coffee Maker,Home,2524.77,2.0,0.0,0,1.0
C026,P034,Storage Box,,,7.0,2.0,0,10.0
C119,P006,Smartwatch,Electronics,87824.51,12.0,2.0,0,13.0
C167,P029,Coffee Maker,Home,2524.77,6.0,0.0,0,11.0
C147,P069,Poetry Collection,Books,184.44,20.0,2.0,0,2.0
C183,P021,Sports Shorts,Clothing,3837.82,14.0,2.0,0,2.0
C100,P070,Science Comics,Books,651.22,12.0,3.0,0,2.0
C030,P034,Storage Box,Home,5713.28,2.0,0.0,2,7.0
C066,P011,Keyboard,Electronics,33874.18,6.0,1.0,0,5.0
C086,P068,Business Strategy,Books,498.54,9.0,0.0,0,6.0
C014,P014,Portable SSD,Electronics,74189.34,7.0,2.0,0,4.0
C095,P070,Science Comics,Books,651.22,10.0,0.0,0,15.0
C006,P043,Hair Serum,Beauty,1779.64,7.0,1.0,0,12.0
C073,P023,Cap,Clothing,4858.35,5.0,0.0,3,15.0
C014,P023,Cap,Clothing,4858.35,7.0,,0,4.0
C107,P060,Data Science Intro,Books,280.71,14.0,1.0,2,10.0
C057,P045,Shampoo,Beauty,2096.42,14.0,5.0,3,11.0
C053,P043,Hair Serum,Beauty,1779.64,20.0,4.0,1,13.0
C065,P004,Power Bank,Electronics,63004.23,6.0,1.0,0,2.0
C176,P026,Raincoat,Clothing,1133.27,1.0,0.0,0,13.0
C150,P026,Raincoat,Clothing,1133.27,9.0,1.0,0,17.0
C168,P053,Skipping Rope,Sports,6326.36,11.0,1.0,0,0.0
C016,P043,Hair Serum,Beauty,1779.64,5.0,1.0,0,7.0
C062,P016,Denim Jeans,Clothing,1289.75,11.0,6.0,0,15.0
C010,P053,Skipping Rope,Sports,6326.36,17.0,4.0,0,6.0
C079,P032,Cushion Cover,Home,14519.77,17.0,1.0,0,9.0
C012,P068,Business Strategy,Books,498.54,10.0,1.0,0,9.0
C104,P040,Moisturizer,Beauty,1706.55,11.0,3.0,0,2.0
C009,P058,Water Bladder,Sports,4613.62,5.0,1.0,0,5.0
C085,P019,Winter Jacket,Clothing,4171.63,9.0,0.0,0,2.0
C212,P012,Monitor,Electronics,83466.44,8.0,2.0,2,15.0
C181,P021,Sports Shorts,Clothing,3837.82,12.0,3.0,1,5.0
C050,P066,Short Stories,Books,785.62,11.0,1.0,0,13.0
C005,P050,Dumbbells,Sports,1246.06,7.0,3.0,2,2.0
C169,P043,Hair Serum,Beauty,1779.64,4.0,0.0,0,17.0
C156,P005,Bluetooth Speaker,Electronics,9199.62,10.0,2.0,0,8.0
C185,P002,Smartphone,Electronics,39946.96,14.0,3.0,0,0.0
C183,P052,Tennis Racket,Sports,206.79,13.0,0.0,0,2.0
C200,P064,History of AI,Books,1028.75,12.0,2.0,0,14.0
C207,P001,Wireless Earbuds,Electronics,69835.88,16.0,4.0,1,6.0
C121,P016,Denim Jeans,Clothing,1289.75,8.0,3.0,0,2.0
C015,P005,Bluetooth Speaker,Electronics,9199.62,6.0,1.0,0,17.0
C174,P030,Vacuum Cleaner,,10323.97,10.0,1.0,3,14.0
C206,P022,Wool Sweater,Clothing,1900.72,12.0,1.0,0,8.0
C030,P054,Gym Bag,Sports,5368.08,9.0,4.0,0,7.0
C202,P041,Lipstick,Beauty,1148.16,16.0,3.0,0,9.0
C186,P011,Keyboard,Electronics,33874.18,6.0,0.0,0,16.0
C015,P047,Nail Kit,Beauty,1028.95,13.0,1.0,0,17.0
C051,P068,Business Strategy,Books,498.54,12.0,3.0,0,10.0
C001,P040,Moisturizer,Beauty,1706.55,14.0,0.0,0,3.0
C062,P022,Wool Sweater,Clothing,1900.72,4.0,1.0,3,15.0
C205,P019,Winter Jacket,Clothing,4171.63,6.0,0.0,0,2.0
C116,P002,Smartphone,Electronics,39946.96,,0.0,0,12.0
C060,P011,Keyboard,Electronics,33874.18,8.0,0.0,0,4.0
C118,P028,Bedsheet Set,Home,895.11,8.0,1.0,0,8.0
C171,P023,Cap,Clothing,4858.35,6.0,3.0,0,11.0
C134,P014,Portable SSD,Electronics,,8.0,1.0,0,15.0
C095,P003,Laptop,Electronics,77385.93,4.0,1.0,0,15.0
C106,P030,Vacuum Cleaner,Home,10323.97,6.0,0.0,0,4.0
C022,P070,Science Comics,Books,651.22,17.0,2.0,1,16.0
C176,P026,Raincoat,Clothing,1133.27,6.0,0.0,0,13.0
C093,P057,Running Shoes,Sports,3751.49,5.0,0.0,0,8.0
C074,P066,Short Stories,Books,785.62,6.0,1.0,0,6.0
C168,P025,Belt,Clothing,3935.24,13.0,3.0,0,0.0
C190,P070,Science Comics,Books,651.22,16.0,4.0,0,
C163,P067,Kids Picture Book,Books,792.09,20.0,2.0,0,16.0
C166,P031,Cookware Set,Home,11234.24,17.0,2.0,0,10.0
C137,P023,Cap,Clothing,4858.35,5.0,3.0,0,1.0
C094,P041,Lipstick,Beauty,1148.16,17.0,3.0,0,12.0
C209,P006,Smartwatch,Electronics,87824.51,7.0,2.0,2,16.0
C199,P031,Cookware Set,Home,11234.24,13.0,,0,11.0
C018,P010,Gaming Mouse,Electronics,40973.43,6.0,1.0,0,16.0
C175,P032,Cushion Cover,Home,14519.77,1.0,1.0,0,16.0
C078,P018,Sneakers,Clothing,505.32,9.0,4.0,0,8.0
C133,P067,Kids Picture Book,Books,792.09,2.0,1.0,0,11.0
C045,P065,Travel Diary,Books,878.93,10.0,1.0,0,14.0
C070,P068,Business Strategy,Books,498.54,3.0,,0,8.0
C102,P014,Portable SSD,Electronics,74189.34,1.0,0.0,0,7.0
C069,P002,Smartphone,Electronics,39946.96,3.0,0.0,0,8.0
C055,P040,Moisturizer,Beauty,1706.55,9.0,1.0,1,12.0
C020,P068,Business Strategy,Books,498.54,18.0,5.0,0,0.0
C117,P009,Tablet,Electronics,12226.74,17.0,2.0,1,5.0
C138,P028,Bedsheet Set,Home,895.11,6.0,2.0,0,14.0
C132,P050,Dumbbells,Sports,1246.06,12.0,1.0,0,2.0
C218,P065,Travel Diary,Books,878.93,6.0,0.0,0,0.0
C011,P012,Monitor,Electronics,83466.44,1.0,0.0,0,8.0
C170,P028,Bedsheet Set,Home,895.11,6.0,0.0,0,3.0
C092,P052,Tennis Racket,Sports,206.79,12.0,2.0,0,7.0
C135,P019,Winter Jacket,Clothing,4171.63,5.0,0.0,0,17.0
C218,P009,Tablet,Electronics,12226.74,6.0,1.0,0,0.0
C128,P044,Perfume,Beauty,848.68,5.0,1.0,0,16.0
C172,P032,Cushion Cover,Home,14519.77,5.0,3.0,0,8.0
C122,P035,Air Fryer,Home,,8.0,0.0,0,6.0
C098,P053,Skipping Rope,Sports,6326.36,3.0,1.0,2,2.0
C093,P030,Vacuum Cleaner,Home,10323.97,8.0,0.0,1,8.0
C171,P026,Raincoat,Clothing,1133.27,5.0,0.0,0,11.0
C045,P051,Football,Sports,1718.28,12.0,1.0,2,14.0
C207,P040,Moisturizer,Beauty,1706.55,4.0,0.0,1,6.0
C091,P061,Mystery Novel,Books,917.66,5.0,0.0,0,14.0
C143,P014,Portable SSD,Electronics,74189.34,15.0,3.0,0,16.0
C059,P040,Moisturizer,Beauty,1706.55,,1.0,0,7.0
C172,P034,Storage Box,Home,5713.28,11.0,5.0,3,8.0
C116,P055,Resistance Bands,Sports,5684.55,10.0,1.0,0,12.0
C043,P007,USB-C Hub,Electronics,68692.66,8.0,1.0,0,6.0
C128,P070,Science Comics,Books,651.22,11.0,0.0,0,16.0
C002,P056,Cycling Helmet,Sports,6277.72,16.0,1.0,0,11.0
C077,P051,Football,Sports,1718.28,7.0,1.0,0,9.0
C060,P045,Shampoo,Beauty,2096.42,9.0,0.0,0,4.0
C163,P005,Bluetooth Speaker,Electronics,9199.62,10.0,1.0,0,16.0
C170,P012,Monitor,Electronics,83466.44,11.0,,0,3.0
C144,P017,Hoodie,Clothing,2861.01,1.0,0.0,2,8.0
C010,P001,Wireless Earbuds,Electronics,69835.88,11.0,0.0,0,6.0
C010,P064,History of AI,Books,1028.75,3.0,3.0,0,6.0
C116,P063,Cookbook,Books,799.02,2.0,1.0,1,12.0
C112,P029,Coffee Maker,Home,2524.77,16.0,,3,13.0
C033,P032,Cushion Cover,Home,14519.77,12.0,3.0,0,17.0
C178,P062,Self Help Guide,Books,690.76,4.0,0.0,0,9.0
C097,P032,Cushion Cover,Home,14519.77,15.0,1.0,0,5.0
C195,P029,Coffee Maker,Home,2524.77,3.0,0.0,0,6.0
C089,P067,Kids Picture Book,Books,792.09,14.0,1.0,0,4.0
C097,P022,Wool Sweater,Clothing,1900.72,16.0,1.0,1,5.0
C178,P046,Face Mask,Beauty,2030.43,7.0,2.0,0,9.0
C001,P066,Short Stories,Books,785.62,15.0,4.0,0,3.0
C120,P056,Cycling Helmet,Sports,6277.72,9.0,0.0,0,2.0
C088,P063,Cookbook,Books,799.02,16.0,3.0,0,5.0
C054,P060,Data Science Intro,Books,280.71,8.0,1.0,0,12.0
C124,P068,Business Strategy,Books,498.54,4.0,3.0,0,4.0
C050,P042,Sunscreen,Beauty,2097.43,1.0,1.0,0,13.0
C059,P003,Laptop,Electronics,77385.93,15.0,1.0,0,7.0
C013,P038,LED Strip,Home,7265.65,1.0,0.0,0,1.0
C197,P067,Kids Picture Book,Books,792.09,16.0,2.0,0,12.0
C124,P005,Bluetooth Speaker,Electronics,9199.62,1.0,0.0,0,4.0
C046,P018,Sneakers,Clothing,505.32,7.0,1.0,0,15.0
C030,P030,Vacuum Cleaner,Home,10323.97,9.0,0.0,0,7.0
C108,P032,Cushion Cover,Home,14519.77,12.0,3.0,0,12.0
C052,P014,Portable SSD,Electronics,74189.34,8.0,5.0,1,13.0
C183,P045,Shampoo,Beauty,2096.42,14.0,1.0,0,2.0
C146,P048,Body Lotion,Beauty,790.99,11.0,3.0,1,15.0
C059,P005,Bluetooth Speaker,Electronics,9199.62,15.0,4.0,2,7.0
C088,P038,LED Strip,Home,,16.0,3.0,3,5.0
C194,P048,Body Lotion,Beauty,790.99,16.0,1.0,0,9.0
C046,P043,Hair Serum,Beauty,1779.64,1.0,0.0,0,15.0
C208,P050,Dumbbells,Sports,1246.06,11.0,0.0,0,4.0
C096,P009,Tablet,Electronics,12226.74,6.0,1.0,0,15.0
C061,P054,Gym Bag,Sports,5368.08,11.0,0.0,0,14.0
C124,P047,Nail Kit,Beauty,1028.95,5.0,0.0,0,4.0
C079,P061,Mystery Novel,Books,917.66,13.0,5.0,1,9.0
C089,P017,Hoodie,Clothing,2861.01,17.0,2.0,0,4.0
C013,P030,Vacuum Cleaner,Home,10323.97,8.0,3.0,0,1.0
C079,P053,Skipping Rope,Sports,6326.36,6.0,0.0,0,9.0
C076,P060,Data Science Intro,Books,,9.0,3.0,0,13.0
C075,P059,Python Basics,Books,309.77,16.0,0.0,0,0.0
C032,P053,Skipping Rope,Sports,6326.36,2.0,1.0,0,1.0
C037,P011,Keyboard,Electronics,33874.18,2.0,0.0,0,15.0
C069,P015,Cotton T-Shirt,Clothing,2327.39,12.0,2.0,0,8.0
C041,P062,Self Help Guide,Books,690.76,2.0,0.0,0,8.0
C213,P012,Monitor,Electronics,83466.44,17.0,2.0,1,10.0
C036,P068,Business Strategy,Books,498.54,12.0,1.0,0,12.0
C195,P067,Kids Picture Book,Books,792.09,13.0,1.0,0,6.0
C162,P064,History of AI,Books,1028.75,6.0,2.0,0,12.0
C176,P044,Perfume,Beauty,848.68,17.0,2.0,0,13.0
C070,P049,Yoga Mat,Sports,5506.59,11.0,0.0,2,8.0
C057,P016,Denim Jeans,Clothing,1289.75,8.0,7.0,2,11.0
C202,P047,Nail Kit,Beauty,1028.95,10.0,,2,9.0
C165,P041,Lipstick,Beauty,1148.16,16.0,3.0,0,2.0
C075,P059,Python Basics,Books,309.77,16.0,0.0,0,0.0
C043,P050,Dumbbells,Sports,1246.06,10.0,,0,
C129,P013,Headphones,Electronics,58231.77,17.0,4.0,0,17.0
C148,P012,Monitor,Electronics,83466.44,15.0,1.0,0,15.0
C090,P045,Shampoo,Beauty,2096.42,5.0,2.0,3,14.0
C164,P068,Business Strategy,Books,498.54,1.0,0.0,0,3.0
C213,P043,Hair Serum,Beauty,1779.64,14.0,4.0,0,10.0
C123,P059,Python Basics,Books,309.77,1.0,0.0,3,16.0
C009,P007,USB-C Hub,Electronics,68692.66,11.0,1.0,0,5.0
C166,P033,Wall Clock,Home,5054.92,1.0,0.0,2,10.0
C163,P003,Laptop,Electronics,77385.93,15.0,,2,16.0
C021,P020,Casual Shirt,Clothing,3230.99,9.0,1.0,0,10.0
C188,P002,Smartphone,Electronics,39946.96,7.0,1.0,0,5.0
C152,P027,Table Lamp,Home,7133.13,2.0,1.0,0,8.0
C076,P007,USB-C Hub,Electronics,68692.66,3.0,0.0,0,13.0
C110,P049,Yoga Mat,Sports,5506.59,13.0,0.0,0,12.0
C119,P070,Science Comics,Books,651.22,12.0,3.0,0,13.0
C060,P021,Sports Shorts,Clothing,3837.82,10.0,1.0,0,4.0
C018,P008,Webcam,Electronics,70915.94,15.0,1.0,3,16.0
C141,P046,Face Mask,Beauty,2030.43,13.0,5.0,0,0.0
C130,P026,Raincoat,Clothing,1133.27,16.0,0.0,3,
C178,P007,USB-C Hub,Electronics,68692.66,1.0,0.0,0,9.0
C134,P041,Lipstick,Beauty,1148.16,8.0,1.0,0,15.0
C156,P016,Denim Jeans,Clothing,1289.75,2.0,0.0,0,8.0
C203,P034,Storage Box,Home,5713.28,14.0,5.0,0,11.0
C056,P053,Skipping Rope,Sports,6326.36,2.0,0.0,0,11.0
C130,P009,Tablet,Electronics,12226.74,17.0,2.0,0,14.0
C073,P033,Wall Clock,Home,5054.92,6.0,0.0,0,15.0
C172,P024,Socks Pack,Clothing,4485.98,17.0,1.0,0,8.0
C107,P066,Short Stories,Books,785.62,10.0,1.0,0,10.0
C140,P026,Raincoat,Clothing,1133.27,12.0,2.0,0,10.0
C027,P018,Sneakers,Clothing,505.32,14.0,4.0,2,4.0
C081,P013,Headphones,Electronics,58231.77,13.0,1.0,0,0.0
C151,P010,Gaming Mouse,Electronics,40973.43,7.0,2.0,1,14.0
C133,P005,Bluetooth Speaker,Electronics,9199.62,7.0,1.0,0,11.0
C017,P051,Football,Sports,1718.28,12.0,3.0,0,5.0
C202,P037,Desk Organizer,Home,2165.34,12.0,6.0,2,9.0
C025,P023,Cap,Clothing,4858.35,16.0,2.0,0,1.0
C209,P062,Self Help Guide,Books,690.76,2.0,0.0,0,16.0
C005,P026,Raincoat,Clothing,1133.27,3.0,0.0,2,2.0
C218,P024,Socks Pack,Clothing,4485.98,11.0,0.0,0,0.0
C165,P041,Lipstick,Beauty,,13.0,2.0,0,2.0
C205,P039,Face Wash,Beauty,643.58,11.0,1.0,1,2.0
C004,P025,Belt,Clothing,3935.24,7.0,0.0,0,12.0
C054,P005,Bluetooth Speaker,Electronics,9199.62,18.0,11.0,2,12.0
C173,P046,Face Mask,Beauty,2030.43,11.0,0.0,0,
C138,P028,Bedsheet Set,Home,895.11,3.0,2.0,0,14.0
C184,P002,Smartphone,Electronics,39946.96,3.0,0.0,0,17.0
C038,P060,Data Science Intro,Books,280.71,8.0,1.0,0,3.0
C145,P024,Socks Pack,Clothing,4485.98,5.0,4.0,0,3.0
C059,P007,USB-C Hub,Electronics,68692.66,11.0,2.0,0,7.0
C096,P017,Hoodie,Clothing,2861.01,7.0,,0,15.0
C212,P040,Moisturizer,Beauty,1706.55,17.0,4.0,0,15.0
C043,P063,Cookbook,Books,799.02,5.0,1.0,2,6.0
C195,P068,Business Strategy,Books,498.54,2.0,,0,6.0
C141,P031,Cookware Set,Home,11234.24,17.0,2.0,0,0.0
C059,P051,Football,Sports,1718.28,3.0,0.0,0,7.0
C018,P021,Sports Shorts,Clothing,3837.82,3.0,2.0,0,16.0
C001,P036,Water Bottle,Home,3043.7,17.0,2.0,0,3.0
C008,P036,Water Bottle,Home,3043.7,16.0,4.0,0,11.0
C116,P012,Monitor,Electronics,83466.44,13.0,1.0,0,12.0
C075,P027,Table Lamp,Home,,8.0,0.0,0,0.0
C043,P058,Water Bladder,Sports,4613.62,20.0,8.0,3,6.0
C197,P053,Skipping Rope,Sports,6326.36,13.0,2.0,0,12.0
C116,P060,Data Science Intro,Books,280.71,16.0,4.0,2,12.0
C193,P066,Short Stories,Books,785.62,10.0,1.0,2,4.0
C091,P042,Sunscreen,Beauty,2097.43,9.0,2.0,0,14.0
C031,P065,Travel Diary,Books,878.93,18.0,6.0,3,4.0
C128,P031,Cookware Set,Home,11234.24,7.0,2.0,0,16.0
C144,P027,Table Lamp,Home,7133.13,4.0,1.0,0,8.0
C096,P031,Cookware Set,Home,11234.24,13.0,3.0,0,15.0
C046,P053,Skipping Rope,Sports,6326.36,4.0,0.0,0,15.0
C082,P059,Python Basics,Books,309.77,4.0,2.0,1,
C094,P054,Gym Bag,Sports,5368.08,8.0,0.0,2,12.0
C033,P069,Poetry Collection,Books,184.44,3.0,1.0,3,
C012,P047,Nail Kit,Beauty,1028.95,7.0,1.0,1,9.0
C051,P060,Data Science Intro,Books,280.71,1.0,0.0,0,10.0
C079,P058,Water Bladder,Sports,4613.62,9.0,0.0,3,9.0
C011,P068,Business Strategy,Books,498.54,8.0,1.0,0,8.0
C167,P001,Wireless Earbuds,Electronics,69835.88,13.0,3.0,3,11.0
C090,P061,Mystery Novel,Books,917.66,3.0,2.0,0,14.0
C182,P001,Wireless Earbuds,Electronics,69835.88,8.0,0.0,0,12.0
C094,P063,Cookbook,Books,799.02,6.0,2.0,0,
C026,P065,Travel Diary,,878.93,12.0,0.0,0,10.0
C008,P001,Wireless Earbuds,Electronics,69835.88,2.0,0.0,0,11.0
C051,P063,Cookbook,Books,799.02,12.0,,3,10.0
C021,P044,Perfume,Beauty,848.68,7.0,1.0,0,10.0
C183,P032,Cushion Cover,Home,14519.77,8.0,1.0,0,2.0
C029,P024,Socks Pack,Clothing,4485.98,14.0,1.0,0,2.0
C151,P036,Water Bottle,Home,3043.7,3.0,0.0,2,14.0
C089,P005,Bluetooth Speaker,Electronics,9199.62,14.0,2.0,0,
C069,P015,Cotton T-Shirt,Clothing,2327.39,14.0,1.0,0,8.0
C132,P009,Tablet,Electronics,12226.74,6.0,0.0,3,2.0
C084,P058,Water Bladder,Sports,4613.62,16.0,6.0,1,1.0
C174,P007,USB-C Hub,Electronics,68692.66,3.0,0.0,0,14.0
C097,P034,Storage Box,Home,5713.28,2.0,0.0,0,5.0
C041,P045,Shampoo,Beauty,2096.42,10.0,0.0,0,8.0
C004,P058,Water Bladder,Sports,4613.62,14.0,1.0,3,12.0
C149,P068,Business Strategy,Books,498.54,4.0,0.0,0,9.0
C028,P037,Desk Organizer,Home,2165.34,,1.0,0,14.0
C207,P051,Football,Sports,1718.28,3.0,0.0,2,6.0
C134,P070,Science Comics,Books,,18.0,4.0,2,15.0
C136,P022,Wool Sweater,Clothing,1900.72,14.0,1.0,0,16.0
C087,P068,Business Strategy,Books,498.54,13.0,3.0,0,7.0
C059,P055,Resistance Bands,Sports,5684.55,6.0,0.0,0,7.0
C174,P058,Water Bladder,Sports,4613.62,3.0,0.0,0,14.0
C091,P034,Storage Box,Home,5713.28,7.0,0.0,0,14.0
C159,P061,Mystery Novel,Books,917.66,7.0,0.0,0,11.0
C185,P014,Portable SSD,Electronics,74189.34,13.0,3.0,0,0.0
C214,P041,Lipstick,Beauty,1148.16,1.0,0.0,0,1.0
C013,P010,Gaming Mouse,Electronics,40973.43,4.0,0.0,0,1.0
C134,P014,Portable SSD,Electronics,74189.34,2.0,0.0,3,15.0
C191,P001,Wireless Earbuds,Electronics,69835.88,20.0,3.0,2,1.0
C061,P030,Vacuum Cleaner,Home,10323.97,,1.0,0,14.0
C029,P044,Perfume,Beauty,848.68,2.0,0.0,0,2.0
C173,P003,Laptop,Electronics,77385.93,7.0,0.0,0,2.0
C027,P006,Smartwatch,Electronics,87824.51,8.0,0.0,0,4.0
C054,P060,Data Science Intro,Books,280.71,13.0,4.0,0,
C119,P047,Nail Kit,Beauty,1028.95,1.0,1.0,0,13.0
C013,P053,Skipping Rope,Sports,6326.36,1.0,0.0,2,1.0
C192,P036,Water Bottle,Home,3043.7,2.0,,0,2.0
C173,P057,Running Shoes,Sports,3751.49,16.0,4.0,3,2.0
C213,P063,Cookbook,Books,799.02,12.0,3.0,0,10.0
C170,P062,Self Help Guide,Books,690.76,14.0,1.0,0,3.0
C113,P045,Shampoo,Beauty,2096.42,15.0,6.0,0,1.0
C004,P056,Cycling Helmet,Sports,6277.72,8.0,1.0,3,12.0
C150,P047,Nail Kit,Beauty,1028.95,14.0,6.0,0,17.0
C116,P011,Keyboard,Electronics,33874.18,4.0,2.0,0,12.0
C024,P060,Data Science Intro,Books,280.71,16.0,2.0,0,17.0
C177,P055,Resistance Bands,Sports,5684.55,6.0,1.0,0,15.0
C099,P049,Yoga Mat,Sports,5506.59,2.0,0.0,0,4.0
C023,P070,Science Comics,Books,651.22,14.0,3.0,0,16.0
C008,P014,Portable SSD,Electronics,74189.34,14.0,,3,11.0
C204,P045,Shampoo,Beauty,2096.42,8.0,1.0,0,9.0
C204,P001,Wireless Earbuds,Electronics,69835.88,,3.0,0,
C055,P044,Perfume,Beauty,848.68,7.0,0.0,0,12.0
C161,P014,Portable SSD,Electronics,74189.34,13.0,5.0,0,14.0
C197,P029,Coffee Maker,Home,2524.77,4.0,0.0,0,12.0
C168,P026,Raincoat,Clothing,1133.27,7.0,0.0,0,0.0
C069,P052,Tennis Racket,Sports,206.79,,0.0,0,8.0
C089,P035,Air Fryer,Home,7174.95,16.0,2.0,0,4.0
C055,P003,Laptop,Electronics,77385.93,12.0,1.0,0,12.0
C092,P020,Casual Shirt,Clothing,3230.99,8.0,2.0,0,7.0
C001,P028,Bedsheet Set,Home,895.11,,1.0,0,3.0
C147,P037,Desk Organizer,Home,2165.34,1.0,0.0,0,2.0
C174,P057,Running Shoes,Sports,3751.49,10.0,1.0,0,14.0
C148,P067,Kids Picture Book,Books,792.09,13.0,2.0,0,15.0
C122,P068,Business Strategy,Books,498.54,18.0,4.0,3,6.0
C176,P016,Denim Jeans,Clothing,1289.75,13.0,3.0,0,13.0
C189,P051,Football,Sports,1718.28,16.0,1.0,1,14.0
C114,P058,Water Bladder,Sports,4613.62,4.0,0.0,3,15.0
C160,P023,Cap,Clothing,4858.35,6.0,0.0,2,0.0
C051,P038,LED Strip,Home,7265.65,15.0,4.0,0,10.0
C008,P047,Nail Kit,Beauty,1028.95,3.0,1.0,0,11.0
C150,P007,USB-C Hub,Electronics,68692.66,7.0,0.0,0,17.0
C170,P010,Gaming Mouse,Electronics,40973.43,3.0,1.0,0,3.0
C133,P013,Headphones,Electronics,58231.77,12.0,3.0,0,11.0
C051,P020,Casual Shirt,,3230.99,,0.0,0,10.0
C163,P053,Skipping Rope,Sports,6326.36,14.0,0.0,0,16.0
C208,P030,Vacuum Cleaner,Home,10323.97,8.0,0.0,0,4.0
C152,P035,Air Fryer,Home,,17.0,2.0,2,8.0
C087,P051,Football,Sports,1718.28,12.0,,0,7.0
C178,P018,Sneakers,Clothing,505.32,17.0,6.0,1,9.0
C038,P031,Cookware Set,Home,11234.24,8.0,1.0,0,3.0
C140,P008,Webcam,Electronics,70915.94,12.0,0.0,0,10.0
C156,P058,Water Bladder,Sports,4613.62,8.0,3.0,1,8.0
C040,P043,Hair Serum,Beauty,1779.64,1.0,0.0,0,17.0
C065,P054,Gym Bag,Sports,5368.08,10.0,2.0,0,2.0
C140,P039,Face Wash,Beauty,643.58,20.0,3.0,0,10.0
C008,P023,Cap,Clothing,4858.35,21.0,10.0,2,11.0
C118,P018,Sneakers,Clothing,505.32,16.0,4.0,2,8.0
C118,P016,Denim Jeans,Clothing,1289.75,16.0,2.0,0,8.0
C099,P001,Wireless Earbuds,Electronics,69835.88,17.0,4.0,0,4.0
C057,P050,Dumbbells,Sports,1246.06,3.0,0.0,0,11.0
C203,P043,Hair Serum,Beauty,1779.64,13.0,0.0,0,11.0
C046,P066,Short Stories,Books,785.62,7.0,3.0,1,15.0
C217,P035,Air Fryer,Home,7174.95,7.0,0.0,0,13.0
C112,P023,Cap,Clothing,4858.35,14.0,3.0,0,13.0
C136,P003,Laptop,Electronics,77385.93,7.0,1.0,3,16.0
C024,P038,LED Strip,Home,7265.65,4.0,0.0,0,17.0
C067,P065,Travel Diary,Books,878.93,5.0,0.0,0,9.0
C001,P014,Portable SSD,Electronics,74189.34,10.0,1.0,3,3.0
C007,P057,Running Shoes,Sports,3751.49,19.0,7.0,1,5.0
C183,P063,Cookbook,Books,799.02,,2.0,0,2.0
C217,P009,Tablet,Electronics,12226.74,4.0,1.0,0,13.0
C179,P026,Raincoat,Clothing,1133.27,7.0,2.0,0,6.0
C082,P036,Water Bottle,Home,3043.7,4.0,0.0,0,0.0
C092,P030,Vacuum Cleaner,Home,10323.97,16.0,1.0,0,7.0
C030,P015,Cotton T-Shirt,Clothing,2327.39,17.0,0.0,0,7.0
C078,P064,History of AI,Books,1028.75,21.0,12.0,0,
C056,P055,Resistance Bands,Sports,5684.55,8.0,0.0,0,11.0
C087,P009,Tablet,Electronics,12226.74,12.0,,0,7.0
C171,P030,Vacuum Cleaner,Home,10323.97,15.0,2.0,0,11.0
C175,P061,Mystery Novel,Books,917.66,7.0,0.0,0,16.0
C176,P051,Football,Sports,1718.28,4.0,0.0,0,13.0
C019,P066,Short Stories,Books,785.62,4.0,0.0,0,15.0
C081,P008,Webcam,Electronics,70915.94,15.0,,0,0.0
C058,P029,Coffee Maker,Home,2524.77,16.0,1.0,0,2.0
C011,P006,Smartwatch,Electronics,87824.51,,3.0,0,8.0
C164,P016,Denim Jeans,Clothing,1289.75,16.0,4.0,2,3.0
C067,P064,History of AI,Books,1028.75,2.0,0.0,0,9.0
C165,P059,Python Basics,Books,309.77,2.0,1.0,0,2.0
C112,P035,Air Fryer,Home,7174.95,4.0,0.0,3,13.0
C123,P003,Laptop,Electronics,77385.93,14.0,3.0,0,16.0
C189,P069,Poetry Collection,Books,184.44,,0.0,0,14.0
C057,P034,Storage Box,,,12.0,7.0,1,11.0
C049,P001,Wireless Earbuds,Electronics,69835.88,19.0,3.0,0,11.0
C174,P046,Face Mask,Beauty,2030.43,7.0,3.0,0,14.0
C017,P055,Resistance Bands,Sports,5684.55,14.0,2.0,0,5.0
C104,P035,Air Fryer,Home,7174.95,17.0,3.0,0,2.0
C013,P013,Headphones,Electronics,58231.77,12.0,3.0,1,1.0
C185,P058,Water Bladder,Sports,4613.62,12.0,3.0,0,0.0
C082,P021,Sports Shorts,Clothing,3837.82,8.0,1.0,0,0.0
C153,P019,Winter Jacket,Clothing,,10.0,1.0,0,1.0
C057,P055,Resistance Bands,Sports,5684.55,12.0,2.0,0,11.0
C178,P066,Short Stories,Books,785.62,2.0,0.0,0,9.0
C199,P068,Business Strategy,Books,498.54,5.0,1.0,0,11.0
C016,P011,Keyboard,Electronics,33874.18,6.0,0.0,0,7.0
C189,P029,Coffee Maker,Home,2524.77,15.0,,1,14.0
C212,P064,History of AI,Books,1028.75,11.0,2.0,0,15.0
C113,P021,Sports Shorts,Clothing,3837.82,6.0,0.0,0,1.0
C057,P033,Wall Clock,Home,5054.92,15.0,5.0,1,11.0
C144,P017,Hoodie,Clothing,2861.01,3.0,1.0,0,8.0
C123,P034,Storage Box,Home,5713.28,15.0,2.0,0,16.0
C011,P012,Monitor,Electronics,83466.44,10.0,2.0,0,8.0
C180,P062,Self Help Guide,Books,690.76,12.0,1.0,0,7.0
C145,P017,Hoodie,Clothing,2861.01,10.0,1.0,0,3.0
C120,P056,Cycling Helmet,Sports,6277.72,4.0,1.0,0,2.0
C215,P054,Gym Bag,Sports,5368.08,7.0,2.0,0,14.0
C090,P032,Cushion Cover,Home,14519.77,3.0,0.0,0,14.0
C217,P054,Gym Bag,Sports,5368.08,8.0,0.0,0,13.0
C212,P045,Shampoo,Beauty,,10.0,0.0,0,
C007,P026,Raincoat,Clothing,1133.27,4.0,1.0,0,5.0
C084,P061,Mystery Novel,Books,917.66,5.0,,3,1.0
C050,P051,Football,Sports,1718.28,6.0,0.0,0,13.0
C067,P054,Gym Bag,Sports,5368.08,10.0,4.0,0,9.0
C023,P052,Tennis Racket,Sports,206.79,1.0,0.0,1,
C137,P070,Science Comics,Books,651.22,2.0,0.0,0,1.0
C045,P051,Football,Sports,1718.28,,1.0,0,14.0
C110,P006,Smartwatch,Electronics,87824.51,8.0,1.0,0,12.0
C116,P069,Poetry Collection,Books,184.44,15.0,5.0,2,12.0
C024,P057,Running Shoes,,3751.49,7.0,0.0,1,17.0
C002,P024,Socks Pack,Clothing,,8.0,2.0,3,11.0
C067,P029,Coffee Maker,Home,2524.77,17.0,1.0,0,9.0
C148,P034,Storage Box,Home,5713.28,9.0,3.0,3,15.0
C077,P063,Cookbook,Books,799.02,11.0,1.0,0,9.0
C037,P017,Hoodie,Clothing,2861.01,16.0,2.0,1,15.0
C196,P024,Socks Pack,Clothing,4485.98,4.0,0.0,0,9.0
C009,P009,Tablet,Electronics,12226.74,2.0,0.0,0,5.0
C157,P014,Portable SSD,Electronics,74189.34,11.0,1.0,0,3.0
C104,P007,USB-C Hub,Electronics,68692.66,5.0,4.0,0,2.0
C067,P063,Cookbook,Books,799.02,8.0,1.0,0,9.0
C099,P010,Gaming Mouse,Electronics,40973.43,10.0,0.0,0,4.0
C178,P017,Hoodie,Clothing,2861.01,11.0,3.0,0,9.0
C161,P047,Nail Kit,Beauty,1028.95,5.0,1.0,0,14.0
C186,P013,Headphones,Electronics,58231.77,15.0,0.0,0,16.0
C122,P043,Hair Serum,Beauty,,10.0,1.0,0,6.0
C188,P027,Table Lamp,Home,7133.13,14.0,0.0,3,
C005,P014,Portable SSD,Electronics,74189.34,17.0,5.0,0,2.0
C026,P019,Winter Jacket,Clothing,4171.63,1.0,0.0,0,10.0
C018,P057,Running Shoes,Sports,3751.49,6.0,1.0,0,16.0
C136,P064,History of AI,Books,1028.75,15.0,2.0,1,16.0
C020,P051,Football,Sports,1718.28,7.0,0.0,0,0.0
C044,P050,Dumbbells,Sports,1246.06,6.0,2.0,0,2.0
C212,P060,Data Science Intro,Books,280.71,11.0,3.0,0,
C192,P043,Hair Serum,Beauty,1779.64,17.0,0.0,0,2.0
C155,P017,Hoodie,Clothing,2861.01,17.0,1.0,0,1.0
C120,P008,Webcam,Electronics,70915.94,2.0,1.0,0,2.0
C217,P019,Winter Jacket,Clothing,4171.63,5.0,0.0,0,13.0
C109,P010,Gaming Mouse,Electronics,40973.43,17.0,6.0,0,0.0
C141,P038,LED Strip,Home,7265.65,5.0,0.0,0,0.0
C201,P018,Sneakers,Clothing,505.32,16.0,3.0,2,6.0
C075,P024,Socks Pack,Clothing,4485.98,13.0,,2,0.0
C064,P059,Python Basics,Books,309.77,10.0,1.0,0,3.0
C203,P057,Running Shoes,Sports,3751.49,15.0,3.0,3,11.0
C124,P047,Nail Kit,Beauty,1028.95,2.0,0.0,0,4.0
C117,P047,Nail Kit,Beauty,1028.95,17.0,2.0,0,5.0
C125,P053,Skipping Rope,Sports,6326.36,,0.0,3,4.0
C140,P039,Face Wash,Beauty,643.58,13.0,2.0,1,10.0
C153,P067,Kids Picture Book,Books,792.09,5.0,0.0,0,1.0
C032,P026,Raincoat,Clothing,1133.27,17.0,1.0,0,1.0
C021,P016,Denim Jeans,Clothing,1289.75,12.0,0.0,0,10.0
C143,P005,Bluetooth Speaker,Electronics,9199.62,17.0,0.0,0,16.0
C087,P049,Yoga Mat,Sports,5506.59,7.0,0.0,0,7.0
C016,P043,Hair Serum,Beauty,1779.64,9.0,3.0,0,
C126,P029,Coffee Maker,Home,2524.77,8.0,2.0,0,9.0
C139,P068,Business Strategy,Books,498.54,7.0,2.0,0,5.0
C205,P049,Yoga Mat,Sports,5506.59,11.0,,0,2.0
C105,P044,Perfume,Beauty,848.68,13.0,5.0,0,17.0
C036,P008,Webcam,Electronics,70915.94,2.0,2.0,0,12.0
C188,P035,Air Fryer,Home,7174.95,13.0,1.0,0,5.0
C162,P068,Business Strategy,Books,498.54,3.0,1.0,0,12.0
C097,P028,Bedsheet Set,Home,895.11,2.0,0.0,0,5.0
C039,P025,Belt,Clothing,3935.24,13.0,3.0,0,16.0
C126,P047,Nail Kit,Beauty,1028.95,2.0,0.0,0,9.0
C048,P028,Bedsheet Set,Home,895.11,12.0,6.0,0,1.0
C076,P057,Running Shoes,Sports,3751.49,2.0,0.0,0,13.0
C190,P068,Business Strategy,Books,498.54,4.0,2.0,0,9.0
C202,P032,Cushion Cover,Home,14519.77,7.0,2.0,0,9.0
C117,P006,Smartwatch,Electronics,87824.51,14.0,2.0,0,
C128,P057,Running Shoes,Sports,3751.49,10.0,0.0,2,16.0
C169,P053,Skipping Rope,Sports,6326.36,5.0,1.0,0,17.0
C072,P054,Gym Bag,Sports,5368.08,4.0,,1,15.0
C062,P037,Desk Organizer,Home,2165.34,7.0,4.0,2,
C029,P015,Cotton T-Shirt,Clothing,2327.39,8.0,1.0,0,2.0
C216,P037,Desk Organizer,Home,2165.34,5.0,1.0,3,4.0
C028,P053,Skipping Rope,Sports,6326.36,17.0,5.0,0,14.0
C013,P049,Yoga Mat,Sports,5506.59,17.0,2.0,0,1.0
C012,P011,Keyboard,Electronics,33874.18,17.0,0.0,0,9.0
C180,P057,Running Shoes,Sports,3751.49,14.0,0.0,0,7.0
C143,P054,Gym Bag,Sports,5368.08,5.0,1.0,0,16.0
C119,P010,Gaming Mouse,Electronics,40973.43,1.0,0.0,0,13.0
C067,P043,Hair Serum,Beauty,1779.64,13.0,2.0,0,9.0
C024,P048,Body Lotion,Beauty,790.99,1.0,0.0,2,17.0
C071,P028,Bedsheet Set,Home,895.11,16.0,2.0,2,11.0
C136,P022,Wool Sweater,Clothing,1900.72,7.0,3.0,0,16.0
C056,P068,Business Strategy,Books,498.54,7.0,1.0,0,11.0
C209,P048,Body Lotion,Beauty,790.99,2.0,0.0,0,16.0
C218,P006,Smartwatch,Electronics,87824.51,9.0,1.0,0,0.0
C149,P054,Gym Bag,Sports,5368.08,11.0,3.0,0,9.0
C067,P052,Tennis Racket,Sports,206.79,14.0,,1,9.0
C076,P034,Storage Box,Home,5713.28,4.0,1.0,0,13.0
C141,P037,Desk Organizer,Home,2165.34,13.0,3.0,0,0.0
C051,P038,LED Strip,Home,7265.65,,3.0,0,10.0
C060,P034,Storage Box,Home,5713.28,12.0,3.0,3,4.0
C109,P040,Moisturizer,Beauty,1706.55,14.0,6.0,0,0.0
C135,P005,Bluetooth Speaker,,9199.62,11.0,1.0,0,17.0
C151,P002,Smartphone,Electronics,39946.96,14.0,2.0,1,14.0
C158,P065,Travel Diary,Books,878.93,5.0,0.0,0,8.0
C192,P007,USB-C Hub,Electronics,68692.66,15.0,4.0,0,2.0
C104,P046,Face Mask,Beauty,2030.43,16.0,1.0,3,2.0
C085,P010,Gaming Mouse,Electronics,40973.43,1.0,0.0,0,2.0
C101,P008,Webcam,Electronics,70915.94,10.0,,0,17.0
C082,P005,Bluetooth Speaker,Electronics,9199.62,5.0,0.0,3,0.0
C106,P011,Keyboard,Electronics,33874.18,16.0,1.0,0,4.0
C155,P070,Science Comics,Books,651.22,7.0,1.0,0,1.0
C043,P059,Python Basics,Books,309.77,13.0,6.0,0,6.0
C105,P010,Gaming Mouse,Electronics,40973.43,7.0,1.0,3,17.0
C039,P015,Cotton T-Shirt,Clothing,2327.39,8.0,0.0,0,16.0
C068,P004,Power Bank,Electronics,63004.23,8.0,1.0,1,17.0
C201,P056,Cycling Helmet,Sports,6277.72,3.0,,0,6.0
C051,P036,Water Bottle,Home,3043.7,4.0,1.0,0,10.0
C110,P015,Cotton T-Shirt,Clothing,2327.39,3.0,0.0,0,12.0
C078,P036,Water Bottle,Home,3043.7,2.0,1.0,0,8.0
C175,P067,Kids Picture Book,Books,792.09,6.0,1.0,2,16.0
C212,P020,Casual Shirt,Clothing,3230.99,3.0,0.0,0,15.0
C202,P029,Coffee Maker,Home,2524.77,11.0,5.0,0,9.0
C185,P015,Cotton T-Shirt,Clothing,2327.39,10.0,1.0,3,0.0
C150,P016,Denim Jeans,Clothing,1289.75,15.0,0.0,2,17.0
C166,P011,Keyboard,Electronics,33874.18,4.0,0.0,0,10.0
C207,P007,USB-C Hub,Electronics,68692.66,13.0,0.0,0,6.0
C079,P004,Power Bank,Electronics,63004.23,2.0,1.0,0,9.0
C191,P016,Denim Jeans,Clothing,,5.0,0.0,0,1.0
C052,P053,Skipping Rope,Sports,6326.36,7.0,1.0,0,13.0
C210,P011,Keyboard,Electronics,33874.18,12.0,2.0,1,16.0
C098,P048,Body Lotion,Beauty,790.99,16.0,4.0,0,2.0
C109,P067,Kids Picture Book,Books,792.09,7.0,0.0,0,0.0
C066,P068,Business Strategy,Books,498.54,14.0,5.0,0,5.0
C184,P025,Belt,Clothing,3935.24,4.0,0.0,0,17.0
C213,P049,Yoga Mat,Sports,5506.59,19.0,12.0,0,10.0
C150,P059,Python Basics,Books,309.77,16.0,0.0,0,17.0
C133,P018,Sneakers,Clothing,505.32,14.0,3.0,0,11.0
C161,P031,Cookware Set,Home,11234.24,16.0,0.0,2,14.0
C026,P030,Vacuum Cleaner,Home,10323.97,11.0,1.0,0,10.0
C155,P063,Cookbook,Books,799.02,8.0,2.0,0,1.0
C007,P068,Business Strategy,Books,498.54,13.0,1.0,3,5.0
C142,P016,Denim Jeans,Clothing,1289.75,9.0,4.0,0,5.0
C078,P052,Tennis Racket,Sports,206.79,6.0,2.0,0,8.0
C167,P046,Face Mask,Beauty,2030.43,14.0,3.0,0,
C180,P011,Keyboard,Electronics,33874.18,1.0,0.0,0,7.0
C049,P045,Shampoo,Beauty,2096.42,4.0,0.0,1,11.0
C135,P014,Portable SSD,Electronics,74189.34,1.0,0.0,0,17.0
C079,P053,Skipping Rope,Sports,6326.36,5.0,0.0,3,9.0
C109,P019,Winter Jacket,Clothing,4171.63,11.0,1.0,0,0.0
C093,P063,Cookbook,Books,799.02,19.0,8.0,1,8.0
C063,P070,Science Comics,Books,651.22,12.0,2.0,0,8.0
C080,P011,Keyboard,Electronics,33874.18,16.0,1.0,0,1.0
C144,P069,Poetry Collection,Books,184.44,16.0,5.0,3,8.0
C140,P059,Python Basics,Books,309.77,6.0,1.0,0,10.0
C001,P013,Headphones,Electronics,58231.77,6.0,1.0,0,3.0
C099,P034,Storage Box,Home,5713.28,16.0,3.0,0,4.0
C219,P046,Face Mask,Beauty,2030.43,16.0,3.0,0,6.0
C015,P065,Travel Diary,Books,878.93,14.0,3.0,2,17.0
C017,P049,Yoga Mat,Sports,,1.0,0.0,0,5.0
C111,P069,Poetry Collection,Books,184.44,17.0,2.0,1,3.0
C050,P002,Smartphone,Electronics,39946.96,10.0,0.0,0,13.0
C145,P070,Science Comics,Books,651.22,10.0,4.0,0,3.0
C204,P014,Portable SSD,Electronics,74189.34,2.0,0.0,0,9.0
C189,P008,Webcam,Electronics,70915.94,13.0,3.0,3,14.0
C080,P057,Running Shoes,Sports,3751.49,3.0,0.0,0,1.0
C032,P028,Bedsheet Set,Home,895.11,11.0,4.0,0,1.0
C115,P021,Sports Shorts,Clothing,3837.82,12.0,1.0,0,16.0
C198,P002,Smartphone,Electronics,39946.96,5.0,1.0,0,9.0
C191,P044,Perfume,Beauty,848.68,12.0,0.0,0,1.0
C110,P005,Bluetooth Speaker,Electronics,,8.0,0.0,0,12.0
C085,P009,Tablet,Electronics,12226.74,3.0,0.0,0,2.0
C157,P070,Science Comics,Books,651.22,2.0,0.0,0,3.0
C035,P013,Headphones,,58231.77,10.0,4.0,0,8.0
C194,P024,Socks Pack,Clothing,4485.98,14.0,3.0,0,9.0
C165,P018,Sneakers,Clothing,505.32,14.0,1.0,3,2.0
C178,P051,Football,Sports,1718.28,15.0,1.0,3,9.0
C132,P022,Wool Sweater,Clothing,1900.72,2.0,,0,2.0
C076,P065,Travel Diary,Books,878.93,19.0,9.0,0,13.0
C188,P009,Tablet,Electronics,12226.74,13.0,1.0,0,5.0
C113,P034,Storage Box,Home,5713.28,8.0,0.0,0,1.0
C092,P036,Water Bottle,Home,3043.7,7.0,0.0,0,7.0
C175,P039,Face Wash,Beauty,643.58,12.0,1.0,0,16.0
C167,P002,Smartphone,Electronics,39946.96,3.0,0.0,0,11.0
C199,P020,Casual Shirt,Clothing,3230.99,17.0,0.0,0,11.0
C003,P030,Vacuum Cleaner,Home,10323.97,21.0,7.0,1,0.0
C061,P009,Tablet,Electronics,12226.74,10.0,0.0,0,14.0
C209,P008,Webcam,Electronics,70915.94,12.0,5.0,0,16.0
C077,P042,Sunscreen,Beauty,2097.43,14.0,2.0,0,9.0
C100,P045,Shampoo,Beauty,2096.42,16.0,2.0,0,2.0
C208,P016,Denim Jeans,Clothing,1289.75,8.0,3.0,0,4.0
C062,P010,Gaming Mouse,Electronics,40973.43,17.0,6.0,1,15.0
C130,P054,Gym Bag,Sports,5368.08,7.0,1.0,0,
C111,P032,Cushion Cover,Home,14519.77,9.0,0.0,0,3.0
C189,P042,Sunscreen,Beauty,2097.43,,6.0,0,14.0
C022,P021,Sports Shorts,Clothing,3837.82,,0.0,0,16.0
C139,P042,Sunscreen,Beauty,2097.43,16.0,2.0,1,5.0
C182,P052,Tennis Racket,Sports,206.79,9.0,1.0,0,12.0
C074,P048,Body Lotion,Beauty,790.99,12.0,1.0,0,6.0
C014,P031,Cookware Set,Home,11234.24,11.0,1.0,3,4.0
C001,P041,Lipstick,Beauty,1148.16,1.0,0.0,2,3.0
C004,P026,Raincoat,Clothing,1133.27,17.0,3.0,0,12.0
C120,P034,Storage Box,Home,5713.28,7.0,0.0,0,2.0
C012,P023,Cap,Clothing,4858.35,11.0,1.0,3,9.0
C055,P037,Desk Organizer,Home,2165.34,5.0,1.0,0,12.0
C203,P044,Perfume,Beauty,848.68,15.0,2.0,0,11.0
C196,P065,Travel Diary,Books,878.93,4.0,0.0,0,9.0
C174,P011,Keyboard,Electronics,33874.18,4.0,1.0,0,14.0
C211,P022,Wool Sweater,Clothing,1900.72,9.0,0.0,0,7.0
C219,P001,Wireless Earbuds,Electronics,69835.88,8.0,3.0,0,6.0
C109,P005,Bluetooth Speaker,Electronics,9199.62,11.0,1.0,0,0.0
C029,P052,Tennis Racket,Sports,206.79,1.0,0.0,0,2.0
C170,P043,Hair Serum,Beauty,1779.64,4.0,0.0,0,3.0
C183,P013,Headphones,Electronics,58231.77,10.0,0.0,2,2.0
C199,P021,Sports Shorts,Clothing,3837.82,15.0,1.0,2,11.0
C069,P048,Body Lotion,Beauty,790.99,17.0,2.0,0,8.0
C005,P021,Sports Shorts,Clothing,3837.82,7.0,2.0,0,
C142,P043,Hair Serum,Beauty,1779.64,17.0,0.0,0,5.0
C078,P017,Hoodie,Clothing,2861.01,16.0,3.0,2,8.0
C130,P020,Casual Shirt,,3230.99,5.0,1.0,0,14.0
C211,P040,Moisturizer,Beauty,1706.55,8.0,3.0,0,7.0
C091,P062,Self Help Guide,Books,690.76,4.0,1.0,0,14.0
C197,P046,Face Mask,Beauty,2030.43,2.0,0.0,0,12.0
C122,P034,Storage Box,Home,5713.28,8.0,1.0,0,6.0
C003,P070,Science Comics,Books,651.22,7.0,0.0,0,0.0
C145,P032,Cushion Cover,Home,14519.77,14.0,4.0,0,3.0
C134,P002,Smartphone,Electronics,39946.96,6.0,0.0,0,15.0
C173,P036,Water Bottle,Home,3043.7,6.0,2.0,0,2.0
C029,P049,Yoga Mat,Sports,5506.59,10.0,1.0,0,2.0
C190,P003,Laptop,Electronics,77385.93,14.0,6.0,2,9.0
C206,P012,Monitor,Electronics,83466.44,15.0,2.0,3,8.0
C131,P046,Face Mask,Beauty,2030.43,12.0,2.0,0,11.0
C006,P007,USB-C Hub,Electronics,68692.66,12.0,3.0,0,12.0
C049,P015,Cotton T-Shirt,Clothing,2327.39,15.0,3.0,0,11.0
C192,P014,Portable SSD,Electronics,74189.34,13.0,3.0,0,2.0
C162,P058,Water Bladder,Sports,4613.62,10.0,2.0,0,
C055,P049,Yoga Mat,Sports,5506.59,9.0,1.0,0,12.0
C085,P010,Gaming Mouse,Electronics,40973.43,17.0,2.0,0,2.0
C135,P041,Lipstick,Beauty,1148.16,7.0,1.0,0,17.0
C120,P061,Mystery Novel,Books,917.66,7.0,3.0,0,2.0
C114,P029,Coffee Maker,Home,2524.77,7.0,3.0,0,15.0
C003,P058,Water Bladder,Sports,4613.62,7.0,1.0,0,0.0
C207,P017,Hoodie,Clothing,2861.01,5.0,0.0,0,6.0
C079,P013,Headphones,Electronics,,1.0,0.0,0,9.0
C072,P043,Hair Serum,Beauty,1779.64,10.0,3.0,1,15.0
C119,P006,Smartwatch,Electronics,87824.51,16.0,6.0,0,13.0
C178,P018,Sneakers,Clothing,505.32,19.0,5.0,2,9.0
C213,P030,Vacuum Cleaner,Home,10323.97,4.0,0.0,0,10.0
C007,P003,Laptop,Electronics,77385.93,14.0,2.0,0,5.0
C041,P028,Bedsheet Set,Home,895.11,5.0,2.0,0,8.0
C140,P047,Nail Kit,Beauty,,13.0,1.0,1,10.0
C037,P065,Travel Diary,Books,,7.0,2.0,0,15.0
C085,P003,Laptop,Electronics,77385.93,5.0,2.0,0,2.0
C156,P061,Mystery Novel,Books,917.66,12.0,2.0,3,8.0
C109,P042,Sunscreen,Beauty,2097.43,5.0,,0,0.0
C220,P005,Bluetooth Speaker,Electronics,9199.62,9.0,5.0,0,12.0
C093,P043,Hair Serum,Beauty,1779.64,14.0,1.0,0,8.0
C063,P019,Winter Jacket,Clothing,4171.63,16.0,2.0,0,8.0
C149,P039,Face Wash,Beauty,643.58,1.0,0.0,0,9.0
C171,P066,Short Stories,,785.62,2.0,,0,11.0
C196,P062,Self Help Guide,Books,690.76,17.0,1.0,0,9.0
C170,P044,Perfume,Beauty,848.68,12.0,1.0,0,
C184,P047,Nail Kit,Beauty,1028.95,2.0,0.0,3,17.0
C133,P007,USB-C Hub,Electronics,68692.66,6.0,1.0,0,11.0
C185,P023,Cap,Clothing,4858.35,1.0,0.0,0,0.0
C094,P039,Face Wash,Beauty,643.58,14.0,1.0,1,12.0
C218,P066,Short Stories,Books,785.62,15.0,2.0,1,0.0
C201,P039,Face Wash,Beauty,643.58,11.0,2.0,2,6.0
C034,P032,Cushion Cover,Home,14519.77,4.0,0.0,0,9.0
C063,P064,History of AI,Books,1028.75,10.0,1.0,0,8.0
C166,P026,Raincoat,Clothing,1133.27,3.0,0.0,0,10.0
C050,P004,Power Bank,Electronics,63004.23,9.0,1.0,3,13.0
C099,P005,Bluetooth Speaker,Electronics,9199.62,3.0,1.0,0,4.0
C174,P043,Hair Serum,Beauty,1779.64,9.0,3.0,3,14.0
C160,P068,Business Strategy,Books,498.54,3.0,0.0,0,0.0
C109,P007,USB-C Hub,Electronics,68692.66,14.0,1.0,2,0.0
C098,P040,Moisturizer,Beauty,1706.55,10.0,1.0,2,2.0
C185,P031,Cookware Set,Home,11234.24,13.0,5.0,3,0.0
C084,P002,Smartphone,Electronics,39946.96,3.0,3.0,2,1.0
C050,P050,Dumbbells,Sports,1246.06,8.0,,1,13.0
C062,P070,Science Comics,Books,651.22,2.0,1.0,0,15.0
C008,P033,Wall Clock,Home,5054.92,7.0,3.0,0,11.0
C193,P058,Water Bladder,Sports,4613.62,14.0,0.0,1,4.0
C183,P035,Air Fryer,Home,7174.95,21.0,3.0,0,2.0
C061,P045,Shampoo,Beauty,2096.42,7.0,1.0,3,14.0
C009,P006,Smartwatch,Electronics,87824.51,10.0,0.0,0,5.0
C110,P050,Dumbbells,Sports,,12.0,1.0,1,12.0
C057,P057,Running Shoes,Sports,3751.49,5.0,0.0,3,11.0
C125,P051,Football,Sports,1718.28,5.0,1.0,0,4.0
C012,P032,Cushion Cover,Home,14519.77,15.0,5.0,0,9.0
C185,P035,Air Fryer,Home,7174.95,5.0,3.0,0,0.0
C008,P037,Desk Organizer,Home,2165.34,3.0,0.0,0,11.0
C043,P058,Water Bladder,Sports,4613.62,17.0,9.0,3,6.0
C088,P067,Kids Picture Book,Books,792.09,1.0,0.0,0,5.0
C144,P049,Yoga Mat,Sports,5506.59,4.0,0.0,0,8.0
C028,P053,Skipping Rope,Sports,6326.36,17.0,5.0,0,14.0
C093,P035,Air Fryer,Home,7174.95,6.0,3.0,1,8.0
C163,P037,Desk Organizer,Home,2165.34,1.0,1.0,0,16.0
C077,P021,Sports Shorts,Clothing,3837.82,,1.0,2,9.0
C068,P005,Bluetooth Speaker,Electronics,9199.62,4.0,1.0,0,17.0
C172,P038,LED Strip,Home,7265.65,14.0,3.0,0,8.0
C104,P020,Casual Shirt,,3230.99,,2.0,0,2.0
C133,P049,Yoga Mat,Sports,5506.59,4.0,0.0,1,11.0
C052,P050,Dumbbells,Sports,1246.06,4.0,0.0,0,13.0
C103,P061,Mystery Novel,Books,917.66,12.0,1.0,0,13.0
C024,P015,Cotton T-Shirt,Clothing,2327.39,17.0,4.0,2,17.0
C106,P057,Running Shoes,Sports,3751.49,2.0,0.0,0,4.0
C198,P037,Desk Organizer,Home,2165.34,15.0,1.0,0,9.0
C031,P002,Smartphone,Electronics,39946.96,16.0,1.0,0,4.0
C085,P003,Laptop,Electronics,77385.93,1.0,1.0,0,2.0
C199,P042,Sunscreen,Beauty,2097.43,14.0,2.0,0,11.0
C052,P069,Poetry Collection,Books,184.44,8.0,2.0,0,13.0
C207,P050,Dumbbells,Sports,1246.06,7.0,0.0,0,6.0
C110,P067,Kids Picture Book,Books,792.09,12.0,5.0,0,12.0
C110,P051,Football,Sports,1718.28,5.0,0.0,0,12.0
C136,P033,Wall Clock,Home,5054.92,15.0,2.0,0,16.0
C163,P048,Body Lotion,Beauty,790.99,12.0,1.0,1,16.0
C194,P026,Raincoat,Clothing,1133.27,16.0,8.0,1,9.0
C130,P064,History of AI,Books,1028.75,16.0,3.0,2,14.0
C043,P055,Resistance Bands,Sports,5684.55,10.0,5.0,0,6.0
C033,P041,Lipstick,Beauty,1148.16,10.0,3.0,0,17.0
C044,P042,Sunscreen,Beauty,,1.0,1.0,0,2.0
C184,P056,Cycling Helmet,Sports,6277.72,11.0,3.0,1,17.0
C199,P068,Business Strategy,Books,498.54,17.0,0.0,1,11.0
C141,P013,Headphones,Electronics,58231.77,8.0,4.0,1,0.0
C210,P029,Coffee Maker,Home,2524.77,17.0,1.0,0,16.0
C084,P062,Self Help Guide,Books,690.76,9.0,2.0,0,1.0
C046,P031,Cookware Set,Home,11234.24,10.0,2.0,0,15.0
C155,P039,Face Wash,Beauty,643.58,17.0,0.0,2,1.0
C056,P064,History of AI,Books,1028.75,17.0,1.0,1,11.0
C197,P063,Cookbook,Books,799.02,3.0,0.0,0,12.0
C089,P028,Bedsheet Set,Home,895.11,5.0,1.0,0,4.0
C092,P006,Smartwatch,Electronics,87824.51,4.0,1.0,0,7.0
C131,P013,Headphones,Electronics,58231.77,6.0,0.0,0,11.0
C160,P032,Cushion Cover,Home,14519.77,16.0,5.0,2,0.0
C178,P017,Hoodie,Clothing,2861.01,12.0,6.0,2,9.0
C027,P051,Football,Sports,1718.28,10.0,4.0,0,4.0
C114,P047,Nail Kit,Beauty,1028.95,2.0,0.0,0,15.0
C123,P034,Storage Box,Home,5713.28,17.0,0.0,0,16.0
C143,P003,Laptop,Electronics,77385.93,2.0,0.0,0,16.0
C151,P006,Smartwatch,Electronics,87824.51,14.0,3.0,3,14.0
C128,P009,Tablet,Electronics,12226.74,17.0,8.0,0,16.0
C105,P001,Wireless Earbuds,Electronics,69835.88,3.0,1.0,0,17.0
C037,P063,Cookbook,Books,799.02,18.0,5.0,2,15.0
C154,P024,Socks Pack,Clothing,4485.98,6.0,0.0,0,14.0
C134,P059,Python Basics,Books,309.77,6.0,0.0,0,15.0
C102,P037,Desk Organizer,Home,2165.34,1.0,0.0,3,7.0
C082,P045,Shampoo,Beauty,2096.42,11.0,3.0,3,0.0
C137,P036,Water Bottle,Home,3043.7,10.0,2.0,1,1.0
C008,P036,Water Bottle,Home,3043.7,1.0,0.0,3,11.0
C094,P054,Gym Bag,Sports,5368.08,15.0,2.0,3,12.0
C158,P041,Lipstick,Beauty,1148.16,16.0,1.0,0,8.0
C120,P055,Resistance Bands,Sports,5684.55,16.0,2.0,2,2.0
C022,P034,Storage Box,Home,5713.28,3.0,0.0,0,16.0
C217,P004,Power Bank,Electronics,,13.0,1.0,0,13.0
C021,P005,Bluetooth Speaker,Electronics,9199.62,14.0,1.0,0,10.0
C081,P010,Gaming Mouse,Electronics,40973.43,6.0,1.0,0,0.0
C149,P018,Sneakers,Clothing,505.32,18.0,7.0,0,9.0
C071,P057,Running Shoes,Sports,3751.49,14.0,4.0,3,11.0
C099,P006,Smartwatch,Electronics,87824.51,8.0,0.0,0,4.0
C130,P009,Tablet,Electronics,12226.74,20.0,4.0,2,14.0
C165,P021,Sports Shorts,Clothing,3837.82,15.0,6.0,1,2.0
C166,P034,Storage Box,Home,5713.28,14.0,1.0,0,10.0
C036,P055,Resistance Bands,Sports,5684.55,2.0,0.0,0,12.0
C141,P014,Portable SSD,Electronics,,9.0,1.0,0,0.0
C023,P040,Moisturizer,Beauty,,3.0,0.0,0,16.0
C210,P062,Self Help Guide,Books,690.76,,2.0,0,16.0
C050,P058,Water Bladder,Sports,4613.62,8.0,0.0,0,13.0
C049,P017,Hoodie,Clothing,2861.01,15.0,6.0,0,11.0
C219,P061,Mystery Novel,Books,917.66,1.0,0.0,0,6.0
C003,P040,Moisturizer,Beauty,1706.55,15.0,5.0,2,0.0
C173,P016,Denim Jeans,Clothing,,15.0,7.0,0,2.0
C198,P060,Data Science Intro,Books,280.71,10.0,2.0,0,9.0
C166,P011,Keyboard,Electronics,33874.18,14.0,3.0,0,10.0
C097,P021,Sports Shorts,Clothing,3837.82,2.0,2.0,0,5.0
C217,P019,Winter Jacket,Clothing,4171.63,14.0,0.0,0,13.0
C013,P005,Bluetooth Speaker,Electronics,9199.62,6.0,1.0,0,1.0
C015,P013,Headphones,Electronics,58231.77,8.0,0.0,0,17.0
C025,P030,Vacuum Cleaner,Home,10323.97,16.0,0.0,0,1.0
C118,P021,Sports Shorts,Clothing,3837.82,5.0,1.0,0,8.0
C051,P046,Face Mask,Beauty,2030.43,15.0,2.0,0,10.0
C115,P056,Cycling Helmet,Sports,6277.72,11.0,3.0,0,16.0
C103,P067,Kids Picture Book,Books,792.09,17.0,1.0,0,13.0
C199,P020,Casual Shirt,Clothing,3230.99,16.0,2.0,0,11.0
C134,P003,Laptop,Electronics,77385.93,8.0,0.0,0,15.0
C209,P037,Desk Organizer,Home,2165.34,10.0,4.0,0,16.0
C131,P065,Travel Diary,Books,878.93,15.0,0.0,0,11.0
C117,P062,Self Help Guide,Books,,4.0,0.0,0,5.0
C035,P028,Bedsheet Set,Home,895.11,6.0,0.0,0,8.0
C091,P011,Keyboard,Electronics,33874.18,1.0,0.0,0,14.0
C073,P017,Hoodie,Clothing,2861.01,12.0,3.0,0,15.0
C004,P001,Wireless Earbuds,Electronics,69835.88,7.0,2.0,0,12.0
C165,P007,USB-C Hub,Electronics,68692.66,9.0,,0,2.0
C001,P036,Water Bottle,Home,3043.7,8.0,2.0,0,3.0
C069,P066,Short Stories,Books,785.62,5.0,1.0,0,8.0
C072,P039,Face Wash,Beauty,643.58,16.0,2.0,0,15.0
C048,P027,Table Lamp,Home,7133.13,6.0,2.0,0,1.0
C183,P070,Science Comics,Books,651.22,8.0,3.0,2,2.0
C078,P045,Shampoo,Beauty,,8.0,1.0,0,8.0
C186,P058,Water Bladder,Sports,4613.62,,0.0,0,16.0
C173,P007,USB-C Hub,Electronics,68692.66,9.0,0.0,2,2.0
C219,P058,Water Bladder,Sports,4613.62,6.0,0.0,0,6.0
C052,P037,Desk Organizer,Home,2165.34,17.0,1.0,0,13.0
C106,P028,Bedsheet Set,Home,895.11,10.0,1.0,0,4.0
C098,P048,Body Lotion,Beauty,790.99,5.0,0.0,2,2.0
C009,P056,Cycling Helmet,Sports,6277.72,7.0,1.0,0,5.0
C159,P016,Denim Jeans,Clothing,1289.75,,1.0,0,11.0
C096,P031,Cookware Set,Home,11234.24,13.0,3.0,0,15.0
C024,P022,Wool Sweater,Clothing,1900.72,8.0,3.0,2,17.0
C199,P068,Business Strategy,Books,498.54,4.0,0.0,0,11.0
C087,P052,Tennis Racket,Sports,206.79,14.0,2.0,2,7.0
C080,P041,Lipstick,Beauty,,3.0,2.0,0,1.0
C014,P046,Face Mask,Beauty,2030.43,16.0,3.0,3,4.0
C220,P010,Gaming Mouse,Electronics,40973.43,13.0,,0,12.0
C004,P008,Webcam,Electronics,,13.0,1.0,0,12.0
C058,P032,Cushion Cover,Home,14519.77,8.0,1.0,0,2.0
C203,P069,Poetry Collection,Books,184.44,7.0,0.0,0,11.0
C080,P002,Smartphone,Electronics,39946.96,9.0,0.0,0,1.0
C097,P018,Sneakers,Clothing,505.32,1.0,0.0,0,5.0
C103,P010,Gaming Mouse,Electronics,40973.43,1.0,0.0,1,13.0
C119,P029,Coffee Maker,Home,2524.77,11.0,1.0,1,
C035,P016,Denim Jeans,Clothing,1289.75,2.0,1.0,0,8.0
C014,P041,Lipstick,Beauty,,1.0,0.0,0,4.0
C139,P004,Power Bank,Electronics,63004.23,9.0,2.0,0,5.0
C040,P066,Short Stories,Books,785.62,11.0,1.0,2,17.0
C155,P035,Air Fryer,Home,7174.95,2.0,0.0,0,1.0
C129,P060,Data Science Intro,Books,280.71,12.0,1.0,3,17.0
C005,P060,Data Science Intro,Books,280.71,8.0,1.0,0,2.0
C157,P043,Hair Serum,Beauty,1779.64,16.0,1.0,0,3.0
C019,P012,Monitor,Electronics,83466.44,15.0,1.0,2,15.0
C060,P020,Casual Shirt,Clothing,3230.99,12.0,2.0,2,4.0
C200,P065,Travel Diary,Books,878.93,8.0,,0,14.0
C049,P050,Dumbbells,Sports,1246.06,9.0,1.0,0,11.0
C077,P044,Perfume,Beauty,848.68,15.0,5.0,0,9.0
C021,P002,Smartphone,Electronics,39946.96,9.0,1.0,0,10.0
C083,P054,Gym Bag,Sports,5368.08,14.0,3.0,3,
C006,P019,Winter Jacket,Clothing,4171.63,10.0,4.0,0,12.0
C133,P032,Cushion Cover,Home,14519.77,14.0,1.0,0,11.0
C016,P025,Belt,Clothing,3935.24,16.0,8.0,0,7.0
C113,P054,Gym Bag,Sports,5368.08,8.0,1.0,0,1.0
C043,P040,Moisturizer,Beauty,1706.55,,7.0,0,6.0
C185,P067,Kids Picture Book,Books,792.09,12.0,2.0,0,0.0
C143,P021,Sports Shorts,Clothing,3837.82,17.0,2.0,0,16.0
C019,P038,LED Strip,Home,7265.65,17.0,1.0,3,15.0
C186,P054,Gym Bag,Sports,5368.08,7.0,0.0,0,16.0
C195,P006,Smartwatch,Electronics,87824.51,18.0,1.0,0,6.0
C132,P060,Data Science Intro,Books,280.71,14.0,,0,2.0
C179,P009,Tablet,Electronics,12226.74,2.0,0.0,0,6.0
C118,P043,Hair Serum,Beauty,1779.64,13.0,3.0,0,8.0
C154,P058,Water Bladder,Sports,4613.62,6.0,0.0,2,14.0
C213,P038,LED Strip,Home,7265.65,9.0,1.0,0,10.0
C112,P039,Face Wash,Beauty,643.58,20.0,6.0,2,13.0
C094,P056,Cycling Helmet,Sports,6277.72,4.0,0.0,0,12.0
C035,P005,Bluetooth Speaker,Electronics,9199.62,3.0,1.0,0,8.0
C049,P019,Winter Jacket,Clothing,4171.63,17.0,0.0,0,11.0
C145,P063,Cookbook,Books,799.02,14.0,2.0,0,3.0
C061,P056,Cycling Helmet,Sports,6277.72,10.0,3.0,2,14.0
C005,P008,Webcam,Electronics,70915.94,1.0,0.0,0,2.0
C081,P041,Lipstick,Beauty,1148.16,,1.0,3,0.0
C200,P006,Smartwatch,Electronics,87824.51,10.0,6.0,0,14.0
C141,P053,Skipping Rope,Sports,6326.36,4.0,2.0,0,0.0
C106,P055,Resistance Bands,Sports,5684.55,11.0,1.0,0,4.0
C102,P055,Resistance Bands,Sports,5684.55,12.0,1.0,0,7.0
C118,P022,Wool Sweater,Clothing,1900.72,15.0,3.0,3,8.0
C008,P003,Laptop,Electronics,77385.93,4.0,1.0,0,11.0
C045,P070,Science Comics,Books,651.22,4.0,0.0,2,14.0
C085,P036,Water Bottle,Home,3043.7,13.0,2.0,0,2.0
C066,P019,Winter Jacket,Clothing,4171.63,9.0,1.0,0,5.0
C118,P047,Nail Kit,Beauty,1028.95,1.0,0.0,0,8.0
C127,P035,Air Fryer,Home,7174.95,11.0,1.0,2,17.0
C126,P047,Nail Kit,Beauty,1028.95,4.0,0.0,1,9.0
C081,P068,Business Strategy,Books,498.54,17.0,2.0,0,0.0
C018,P030,Vacuum Cleaner,Home,10323.97,7.0,0.0,0,16.0
C009,P044,Perfume,Beauty,848.68,8.0,0.0,0,5.0
C208,P028,Bedsheet Set,Home,895.11,2.0,0.0,0,4.0
C076,P027,Table Lamp,Home,7133.13,17.0,4.0,1,13.0
C060,P027,Table Lamp,Home,7133.13,9.0,3.0,0,4.0
C011,P052,Tennis Racket,Sports,206.79,16.0,1.0,0,8.0
C119,P030,Vacuum Cleaner,Home,10323.97,6.0,1.0,0,13.0
C035,P066,Short Stories,Books,785.62,16.0,2.0,0,8.0
C135,P044,Perfume,Beauty,848.68,14.0,4.0,2,17.0
C040,P007,USB-C Hub,,68692.66,8.0,1.0,0,17.0
C077,P061,Mystery Novel,Books,917.66,11.0,0.0,0,9.0
C170,P033,Wall Clock,Home,5054.92,11.0,0.0,0,3.0
C010,P046,Face Mask,Beauty,2030.43,17.0,1.0,0,6.0
C207,P065,Travel Diary,Books,878.93,9.0,2.0,3,6.0
C003,P023,Cap,Clothing,4858.35,2.0,0.0,0,0.0
C067,P019,Winter Jacket,Clothing,4171.63,5.0,0.0,0,9.0
C093,P065,Travel Diary,Books,878.93,14.0,7.0,0,8.0
C215,P033,Wall Clock,Home,5054.92,11.0,1.0,0,14.0
C107,P045,Shampoo,Beauty,2096.42,17.0,0.0,0,10.0
C157,P064,History of AI,Books,1028.75,10.0,1.0,0,3.0
C013,P068,Business Strategy,Books,498.54,1.0,0.0,0,1.0
C202,P024,Socks Pack,Clothing,4485.98,1.0,0.0,0,9.0
C157,P012,Monitor,Electronics,83466.44,15.0,0.0,0,3.0
C118,P058,Water Bladder,Sports,4613.62,5.0,1.0,0,8.0
C198,P061,Mystery Novel,Books,917.66,6.0,,0,9.0
C019,P014,Portable SSD,Electronics,74189.34,17.0,0.0,0,15.0
C023,P008,Webcam,Electronics,70915.94,5.0,0.0,3,16.0
C069,P010,Gaming Mouse,Electronics,40973.43,4.0,1.0,0,8.0
C026,P029,Coffee Maker,Home,2524.77,5.0,1.0,3,10.0
C121,P042,Sunscreen,Beauty,2097.43,21.0,5.0,0,2.0
C143,P066,Short Stories,Books,785.62,12.0,3.0,1,16.0
C117,P002,Smartphone,Electronics,39946.96,2.0,0.0,0,5.0
C212,P058,Water Bladder,Sports,4613.62,12.0,1.0,0,15.0
C078,P038,LED Strip,,7265.65,12.0,6.0,1,8.0
C173,P057,Running Shoes,Sports,3751.49,9.0,3.0,2,2.0
C182,P048,Body Lotion,Beauty,790.99,10.0,2.0,1,12.0
C057,P039,Face Wash,Beauty,643.58,13.0,3.0,0,11.0
C051,P012,Monitor,Electronics,83466.44,17.0,2.0,0,10.0
C158,P018,Sneakers,Clothing,505.32,18.0,6.0,3,8.0
C163,P066,Short Stories,Books,785.62,16.0,3.0,0,16.0
C079,P026,Raincoat,Clothing,1133.27,17.0,3.0,0,9.0
C091,P037,Desk Organizer,Home,2165.34,2.0,2.0,0,
C212,P069,Poetry Collection,Books,184.44,1.0,,0,15.0
C086,P053,Skipping Rope,Sports,6326.36,,0.0,0,6.0
C039,P024,Socks Pack,Clothing,4485.98,14.0,2.0,0,16.0
C187,P070,Science Comics,Books,651.22,7.0,1.0,0,9.0
C068,P063,Cookbook,Books,799.02,13.0,2.0,0,17.0
C167,P013,Headphones,Electronics,58231.77,6.0,1.0,0,11.0
C033,P037,Desk Organizer,Home,2165.34,5.0,2.0,0,17.0
C141,P066,Short Stories,Books,785.62,10.0,1.0,0,0.0
C086,P009,Tablet,Electronics,12226.74,12.0,1.0,0,6.0
C067,P057,Running Shoes,Sports,3751.49,12.0,0.0,0,9.0
C109,P044,Perfume,Beauty,848.68,9.0,2.0,0,0.0
C107,P002,Smartphone,Electronics,39946.96,12.0,1.0,2,10.0
C157,P017,Hoodie,Clothing,2861.01,4.0,0.0,0,3.0
C008,P049,Yoga Mat,Sports,5506.59,14.0,3.0,2,11.0
C188,P065,Travel Diary,Books,878.93,8.0,2.0,0,5.0
C119,P008,Webcam,Electronics,70915.94,16.0,2.0,0,13.0
C062,P037,Desk Organizer,Home,2165.34,12.0,4.0,3,15.0
C035,P005,Bluetooth Speaker,Electronics,9199.62,9.0,0.0,0,8.0
C080,P029,Coffee Maker,Home,2524.77,15.0,7.0,1,1.0
C075,P014,Portable SSD,Electronics,74189.34,17.0,3.0,0,0.0
C139,P005,Bluetooth Speaker,Electronics,9199.62,2.0,1.0,2,5.0
C051,P011,Keyboard,Electronics,33874.18,11.0,,3,10.0
C098,P021,Sports Shorts,Clothing,3837.82,21.0,8.0,3,2.0
C143,P058,Water Bladder,Sports,4613.62,15.0,4.0,2,16.0
C201,P027,Table Lamp,Home,7133.13,11.0,3.0,0,6.0
C027,P036,Water Bottle,Home,3043.7,2.0,0.0,0,4.0
C111,P036,Water Bottle,Home,3043.7,15.0,2.0,0,3.0
C073,P043,Hair Serum,Beauty,1779.64,3.0,1.0,0,15.0
C207,P040,Moisturizer,Beauty,1706.55,8.0,0.0,0,6.0
C097,P044,Perfume,Beauty,848.68,4.0,,1,5.0
C071,P006,Smartwatch,Electronics,87824.51,1.0,0.0,0,11.0
C170,P070,Science Comics,Books,651.22,2.0,0.0,0,3.0
C014,P035,Air Fryer,Home,7174.95,13.0,1.0,0,
C184,P068,Business Strategy,Books,498.54,12.0,1.0,3,17.0
C048,P024,Socks Pack,Clothing,4485.98,,3.0,0,1.0
C004,P004,Power Bank,Electronics,63004.23,3.0,0.0,0,12.0
C006,P008,Webcam,Electronics,70915.94,5.0,2.0,1,12.0
C220,P029,Coffee Maker,,2524.77,2.0,0.0,0,12.0
C042,P069,Poetry Collection,Books,184.44,19.0,2.0,0,2.0
C182,P013,Headphones,Electronics,58231.77,12.0,2.0,0,12.0
C085,P046,Face Mask,Beauty,2030.43,15.0,3.0,2,2.0
C146,P055,Resistance Bands,Sports,5684.55,7.0,0.0,0,15.0
C014,P063,Cookbook,Books,799.02,18.0,2.0,0,4.0
C220,P062,Self Help Guide,Books,690.76,14.0,5.0,3,12.0
C061,P031,Cookware Set,Home,11234.24,,,0,
C217,P064,History of AI,Books,1028.75,5.0,0.0,0,13.0
C022,P005,Bluetooth Speaker,Electronics,9199.62,3.0,0.0,0,16.0
C100,P038,LED Strip,Home,7265.65,17.0,7.0,0,2.0
C166,P069,Poetry Collection,Books,184.44,15.0,6.0,0,10.0
C118,P027,Table Lamp,Home,7133.13,15.0,4.0,0,8.0
C088,P057,Running Shoes,Sports,3751.49,5.0,1.0,0,5.0
C176,P064,History of AI,Books,1028.75,9.0,4.0,3,13.0
C153,P053,Skipping Rope,Sports,6326.36,3.0,0.0,0,1.0
C165,P022,Wool Sweater,Clothing,1900.72,8.0,4.0,1,2.0
C114,P036,Water Bottle,Home,3043.7,2.0,0.0,0,15.0
C002,P027,Table Lamp,Home,7133.13,19.0,4.0,2,11.0
C203,P066,Short Stories,Books,785.62,9.0,3.0,0,11.0
C012,P022,Wool Sweater,Clothing,1900.72,3.0,0.0,0,9.0
C031,P023,Cap,Clothing,4858.35,16.0,0.0,0,4.0
C132,P002,Smartphone,Electronics,39946.96,17.0,1.0,0,2.0
C188,P015,Cotton T-Shirt,Clothing,2327.39,9.0,0.0,0,5.0
C212,P017,Hoodie,Clothing,2861.01,17.0,0.0,0,15.0
C131,P011,Keyboard,Electronics,33874.18,1.0,0.0,0,11.0
C171,P048,Body Lotion,Beauty,790.99,8.0,0.0,0,11.0
C049,P034,Storage Box,Home,5713.28,13.0,1.0,3,11.0
C050,P069,Poetry Collection,Books,184.44,9.0,2.0,1,13.0
C175,P004,Power Bank,Electronics,63004.23,18.0,2.0,1,16.0
C159,P045,Shampoo,Beauty,2096.42,5.0,2.0,0,11.0
C180,P020,Casual Shirt,Clothing,3230.99,9.0,2.0,0,7.0
C147,P012,Monitor,Electronics,83466.44,13.0,2.0,0,2.0
C035,P021,Sports Shorts,Clothing,3837.82,17.0,1.0,0,8.0
C011,P042,Sunscreen,Beauty,2097.43,4.0,1.0,0,8.0
C126,P041,Lipstick,Beauty,1148.16,17.0,0.0,1,9.0
C062,P049,Yoga Mat,Sports,5506.59,10.0,1.0,0,15.0
C056,P024,Socks Pack,Clothing,4485.98,19.0,3.0,1,11.0
C132,P017,Hoodie,Clothing,2861.01,,2.0,0,
C091,P049,Yoga Mat,Sports,5506.59,11.0,0.0,2,14.0
C125,P040,Moisturizer,Beauty,1706.55,14.0,2.0,0,4.0
C181,P043,Hair Serum,Beauty,1779.64,2.0,1.0,0,5.0
C205,P066,Short Stories,Books,785.62,12.0,1.0,0,2.0
C128,P008,Webcam,Electronics,70915.94,7.0,0.0,0,16.0
C006,P064,History of AI,Books,,7.0,3.0,0,12.0
C137,P017,Hoodie,Clothing,2861.01,15.0,1.0,0,1.0
C158,P051,Football,Sports,1718.28,16.0,2.0,0,8.0
C065,P045,Shampoo,Beauty,2096.42,8.0,0.0,0,2.0
C212,P039,Face Wash,Beauty,643.58,17.0,5.0,0,15.0
C008,P050,Dumbbells,Sports,1246.06,9.0,0.0,0,11.0
C116,P063,Cookbook,Books,799.02,11.0,1.0,2,12.0
C137,P056,Cycling Helmet,Sports,6277.72,11.0,6.0,0,1.0
C078,P009,Tablet,Electronics,12226.74,8.0,0.0,0,8.0
C028,P032,Cushion Cover,Home,14519.77,8.0,2.0,0,14.0
C084,P009,Tablet,Electronics,12226.74,15.0,1.0,0,1.0
C178,P050,Dumbbells,Sports,1246.06,6.0,1.0,0,9.0
C149,P057,Running Shoes,Sports,3751.49,14.0,1.0,1,9.0
C117,P060,Data Science Intro,Books,280.71,2.0,1.0,0,5.0
C174,P040,Moisturizer,Beauty,,9.0,3.0,0,14.0
C138,P051,Football,Sports,1718.28,13.0,3.0,0,14.0
C117,P034,Storage Box,Home,5713.28,16.0,4.0,3,5.0
C005,P057,Running Shoes,Sports,3751.49,5.0,,0,2.0
C207,P004,Power Bank,Electronics,63004.23,5.0,1.0,0,6.0
C213,P015,Cotton T-Shirt,Clothing,2327.39,17.0,5.0,0,10.0
C183,P003,Laptop,Electronics,77385.93,4.0,1.0,0,2.0
C213,P037,Desk Organizer,Home,2165.34,5.0,2.0,3,10.0
C112,P044,Perfume,Beauty,848.68,8.0,6.0,0,13.0
C202,P058,Water Bladder,Sports,4613.62,4.0,0.0,0,9.0
C008,P066,Short Stories,Books,785.62,2.0,0.0,0,
C096,P070,Science Comics,,651.22,11.0,4.0,0,15.0
C005,P048,Body Lotion,Beauty,790.99,1.0,0.0,0,2.0
C082,P046,Face Mask,Beauty,2030.43,19.0,3.0,0,0.0
C117,P064,History of AI,Books,1028.75,2.0,1.0,0,5.0
C081,P009,Tablet,Electronics,12226.74,11.0,1.0,0,0.0
C096,P068,Business Strategy,Books,498.54,3.0,0.0,0,15.0
C210,P041,Lipstick,Beauty,1148.16,3.0,0.0,2,16.0
C167,P038,LED Strip,Home,7265.65,14.0,2.0,0,11.0
C177,P051,Football,Sports,1718.28,8.0,2.0,0,15.0
C146,P035,Air Fryer,Home,,17.0,2.0,0,15.0
C197,P034,Storage Box,,5713.28,12.0,3.0,0,12.0
C113,P062,Self Help Guide,Books,690.76,1.0,0.0,0,1.0
C196,P035,Air Fryer,Home,7174.95,13.0,0.0,3,9.0
C044,P013,Headphones,Electronics,58231.77,4.0,0.0,0,2.0
C085,P059,Python Basics,Books,309.77,10.0,2.0,0,2.0
C050,P018,Sneakers,Clothing,505.32,11.0,0.0,0,13.0
C146,P059,Python Basics,Books,309.77,6.0,1.0,0,15.0
C117,P017,Hoodie,Clothing,2861.01,,1.0,0,5.0
C103,P044,Perfume,Beauty,848.68,21.0,10.0,2,
C059,P040,Moisturizer,Beauty,1706.55,,1.0,0,7.0
C122,P070,Science Comics,Books,651.22,8.0,2.0,3,6.0
C220,P047,Nail Kit,Beauty,1028.95,9.0,3.0,0,12.0
C057,P034,Storage Box,Home,5713.28,1.0,0.0,3,11.0
C153,P007,USB-C Hub,Electronics,68692.66,3.0,0.0,0,1.0
C097,P066,Short Stories,Books,785.62,14.0,1.0,1,5.0
C103,P019,Winter Jacket,Clothing,4171.63,11.0,1.0,0,13.0
C102,P054,Gym Bag,Sports,5368.08,5.0,0.0,0,7.0
C147,P057,Running Shoes,Sports,3751.49,15.0,1.0,0,2.0
C108,P037,Desk Organizer,Home,2165.34,7.0,2.0,0,12.0
C076,P014,Portable SSD,Electronics,74189.34,4.0,0.0,0,13.0
C152,P019,Winter Jacket,Clothing,4171.63,8.0,2.0,0,8.0
C011,P036,Water Bottle,Home,3043.7,7.0,2.0,1,8.0
C103,P017,Hoodie,Clothing,2861.01,1.0,,0,13.0
C155,P021,Sports Shorts,Clothing,3837.82,1.0,0.0,0,1.0
C216,P014,Portable SSD,Electronics,74189.34,17.0,,0,4.0
C137,P049,Yoga Mat,Sports,5506.59,5.0,1.0,1,1.0
C218,P037,Desk Organizer,Home,2165.34,15.0,4.0,0,0.0
C211,P041,Lipstick,Beauty,1148.16,5.0,2.0,0,7.0
C011,P054,Gym Bag,Sports,5368.08,16.0,1.0,0,8.0
C073,P056,Cycling Helmet,Sports,6277.72,6.0,0.0,0,15.0
C183,P009,Tablet,Electronics,12226.74,11.0,,0,2.0
C111,P008,Webcam,,70915.94,11.0,4.0,0,3.0
C150,P053,Skipping Rope,Sports,6326.36,14.0,1.0,2,17.0
C203,P046,Face Mask,Beauty,2030.43,16.0,3.0,0,11.0
C087,P045,Shampoo,Beauty,2096.42,3.0,0.0,0,7.0
C071,P016,Denim Jeans,Clothing,1289.75,5.0,2.0,3,11.0
C193,P032,Cushion Cover,Home,14519.77,11.0,1.0,3,4.0
C113,P006,Smartwatch,Electronics,87824.51,12.0,1.0,0,1.0
C046,P024,Socks Pack,Clothing,4485.98,9.0,2.0,2,15.0
C186,P042,Sunscreen,Beauty,2097.43,16.0,,3,16.0
C169,P018,Sneakers,Clothing,505.32,1.0,1.0,0,17.0
C092,P010,Gaming Mouse,Electronics,40973.43,15.0,4.0,0,7.0
C068,P021,Sports Shorts,Clothing,3837.82,9.0,0.0,0,17.0
C135,P009,Tablet,Electronics,12226.74,11.0,1.0,2,17.0
C212,P030,Vacuum Cleaner,Home,10323.97,9.0,2.0,0,15.0
C075,P050,Dumbbells,Sports,1246.06,2.0,0.0,0,0.0
C040,P016,Denim Jeans,Clothing,1289.75,11.0,0.0,1,17.0
C110,P051,Football,Sports,1718.28,10.0,0.0,0,12.0
C059,P070,Science Comics,Books,651.22,13.0,0.0,0,7.0
C157,P037,Desk Organizer,Home,2165.34,10.0,5.0,0,3.0
C103,P041,Lipstick,Beauty,1148.16,12.0,6.0,0,13.0
C133,P028,Bedsheet Set,Home,895.11,11.0,0.0,0,11.0
C035,P042,Sunscreen,Beauty,2097.43,8.0,1.0,0,8.0
C173,P015,Cotton T-Shirt,Clothing,2327.39,11.0,1.0,0,2.0
C206,P029,Coffee Maker,Home,2524.77,6.0,1.0,3,8.0
C161,P042,Sunscreen,Beauty,2097.43,2.0,0.0,0,14.0
C060,P022,Wool Sweater,Clothing,1900.72,8.0,0.0,0,4.0
C189,P044,Perfume,Beauty,848.68,21.0,9.0,3,14.0
C168,P058,Water Bladder,Sports,4613.62,12.0,4.0,0,0.0
C053,P038,LED Strip,Home,7265.65,10.0,0.0,3,13.0
C215,P054,Gym Bag,Sports,5368.08,8.0,1.0,2,14.0
C071,P059,Python Basics,Books,309.77,6.0,1.0,0,11.0
C013,P007,USB-C Hub,Electronics,68692.66,2.0,0.0,0,1.0
C127,P059,Python Basics,Books,309.77,6.0,0.0,3,17.0
C057,P028,Bedsheet Set,Home,895.11,16.0,9.0,0,11.0
C200,P036,Water Bottle,,3043.7,3.0,1.0,0,14.0
C183,P055,Resistance Bands,Sports,5684.55,10.0,3.0,0,2.0
C011,P059,Python Basics,Books,309.77,9.0,2.0,0,8.0
C042,P044,Perfume,Beauty,848.68,8.0,0.0,0,2.0
C030,P049,Yoga Mat,Sports,5506.59,8.0,0.0,0,7.0
C133,P046,Face Mask,,2030.43,14.0,5.0,0,11.0
C019,P045,Shampoo,Beauty,2096.42,10.0,1.0,2,15.0
C065,P016,Denim Jeans,Clothing,1289.75,14.0,1.0,0,2.0
C144,P066,Short Stories,Books,,10.0,1.0,0,8.0
C177,P047,Nail Kit,Beauty,1028.95,11.0,1.0,3,
C147,P002,Smartphone,Electronics,39946.96,,0.0,0,2.0
C055,P006,Smartwatch,Electronics,87824.51,5.0,0.0,0,12.0
C201,P042,Sunscreen,Beauty,2097.43,1.0,0.0,0,6.0
C192,P014,Portable SSD,Electronics,,1.0,0.0,0,2.0
C157,P056,Cycling Helmet,Sports,6277.72,2.0,0.0,0,3.0
C173,P062,Self Help Guide,Books,690.76,10.0,3.0,0,2.0
C166,P016,Denim Jeans,Clothing,1289.75,11.0,1.0,2,10.0
C181,P042,Sunscreen,Beauty,2097.43,15.0,6.0,0,5.0
C172,P016,Denim Jeans,Clothing,1289.75,5.0,0.0,0,8.0
C118,P011,Keyboard,Electronics,33874.18,20.0,12.0,2,8.0
C139,P039,Face Wash,Beauty,643.58,15.0,2.0,0,5.0
C062,P068,Business Strategy,Books,498.54,5.0,3.0,0,15.0
C051,P002,Smartphone,Electronics,39946.96,7.0,0.0,0,10.0
C190,P024,Socks Pack,Clothing,4485.98,12.0,5.0,0,9.0
C017,P003,Laptop,Electronics,77385.93,14.0,3.0,0,5.0
C081,P033,Wall Clock,Home,5054.92,7.0,1.0,0,0.0
C021,P008,Webcam,Electronics,70915.94,16.0,,3,10.0
C144,P064,History of AI,Books,1028.75,14.0,0.0,0,8.0
C105,P041,Lipstick,Beauty,1148.16,12.0,6.0,0,17.0
C082,P040,Moisturizer,Beauty,1706.55,17.0,8.0,1,0.0
C135,P029,Coffee Maker,Home,2524.77,10.0,1.0,0,17.0
C161,P047,Nail Kit,Beauty,1028.95,2.0,1.0,0,14.0
C141,P048,Body Lotion,Beauty,790.99,15.0,3.0,0,0.0
C038,P053,Skipping Rope,Sports,6326.36,5.0,0.0,0,3.0
C149,P042,Sunscreen,Beauty,2097.43,15.0,3.0,0,9.0
C016,P025,Belt,Clothing,3935.24,5.0,3.0,2,7.0
C009,P039,Face Wash,Beauty,643.58,4.0,0.0,0,5.0
C085,P045,Shampoo,Beauty,2096.42,8.0,1.0,0,2.0
C141,P014,Portable SSD,Electronics,74189.34,3.0,2.0,0,0.0
C049,P016,Denim Jeans,Clothing,1289.75,,2.0,0,11.0
C020,P015,Cotton T-Shirt,Clothing,2327.39,5.0,1.0,0,0.0
C017,P015,Cotton T-Shirt,Clothing,2327.39,12.0,1.0,0,5.0
C173,P070,Science Comics,Books,651.22,6.0,2.0,2,2.0
C001,P013,Headphones,Electronics,58231.77,13.0,1.0,0,3.0
C121,P028,Bedsheet Set,Home,895.11,1.0,0.0,0,2.0
C195,P054,Gym Bag,Sports,5368.08,2.0,0.0,0,6.0
C093,P002,Smartphone,Electronics,39946.96,3.0,,0,8.0
C129,P050,Dumbbells,Sports,1246.06,,3.0,0,17.0
C132,P012,Monitor,Electronics,83466.44,16.0,2.0,0,2.0
C191,P063,Cookbook,Books,799.02,3.0,0.0,0,1.0
C077,P026,Raincoat,Clothing,1133.27,9.0,3.0,0,9.0
C122,P034,Storage Box,Home,5713.28,12.0,0.0,0,6.0
C067,P049,Yoga Mat,Sports,5506.59,15.0,3.0,1,9.0
C116,P046,Face Mask,Beauty,2030.43,17.0,2.0,3,12.0
C125,P055,Resistance Bands,Sports,5684.55,8.0,1.0,0,4.0
C024,P015,Cotton T-Shirt,Clothing,2327.39,9.0,6.0,0,17.0
C169,P003,Laptop,Electronics,77385.93,13.0,0.0,0,17.0
C035,P061,Mystery Novel,Books,917.66,14.0,4.0,0,8.0
C218,P038,LED Strip,Home,7265.65,3.0,0.0,3,0.0
C186,P045,Shampoo,Beauty,2096.42,9.0,3.0,3,16.0
C115,P021,Sports Shorts,Clothing,3837.82,12.0,2.0,3,16.0
C147,P046,Face Mask,Beauty,2030.43,9.0,2.0,0,2.0
C004,P001,Wireless Earbuds,Electronics,69835.88,11.0,1.0,0,12.0
C121,P062,Self Help Guide,Books,690.76,10.0,3.0,0,2.0
C110,P054,Gym Bag,Sports,5368.08,16.0,1.0,0,12.0
C141,P041,Lipstick,Beauty,1148.16,20.0,5.0,0,0.0
C095,P051,Football,Sports,1718.28,1.0,,0,15.0
C192,P028,Bedsheet Set,Home,895.11,4.0,0.0,1,2.0
C002,P053,Skipping Rope,Sports,6326.36,7.0,2.0,0,11.0
C114,P069,Poetry Collection,Books,184.44,8.0,2.0,2,15.0
C044,P012,Monitor,Electronics,83466.44,9.0,0.0,0,2.0
C110,P038,LED Strip,Home,7265.65,9.0,1.0,0,12.0
C062,P022,Wool Sweater,Clothing,1900.72,12.0,4.0,0,15.0
C177,P011,Keyboard,Electronics,33874.18,11.0,2.0,0,15.0
C140,P054,Gym Bag,Sports,5368.08,10.0,1.0,0,10.0
C128,P015,Cotton T-Shirt,Clothing,2327.39,14.0,0.0,0,16.0
C075,P020,Casual Shirt,Clothing,3230.99,15.0,2.0,0,0.0
C060,P046,Face Mask,Beauty,2030.43,15.0,3.0,0,4.0
C143,P066,Short Stories,Books,785.62,5.0,0.0,1,16.0
C092,P057,Running Shoes,Sports,3751.49,7.0,1.0,0,7.0
C150,P042,Sunscreen,Beauty,2097.43,9.0,2.0,0,17.0
C187,P059,Python Basics,Books,309.77,7.0,1.0,0,9.0
C077,P030,Vacuum Cleaner,Home,10323.97,9.0,2.0,0,
C094,P060,Data Science Intro,Books,280.71,16.0,3.0,0,12.0
C099,P044,Perfume,Beauty,848.68,13.0,4.0,0,4.0
C212,P046,Face Mask,Beauty,2030.43,16.0,2.0,0,
C206,P039,Face Wash,Beauty,643.58,14.0,2.0,3,
C136,P030,Vacuum Cleaner,Home,10323.97,8.0,1.0,0,16.0
C135,P041,Lipstick,Beauty,1148.16,1.0,0.0,0,17.0
C189,P022,Wool Sweater,Clothing,1900.72,5.0,1.0,0,14.0
C006,P024,Socks Pack,Clothing,4485.98,16.0,8.0,2,12.0
C017,P008,Webcam,Electronics,70915.94,14.0,3.0,0,5.0
C162,P057,Running Shoes,Sports,3751.49,11.0,1.0,0,12.0
C195,P016,Denim Jeans,Clothing,1289.75,8.0,1.0,0,6.0
C092,P065,Travel Diary,Books,878.93,12.0,5.0,0,7.0
C150,P010,Gaming Mouse,Electronics,40973.43,5.0,0.0,1,17.0
C197,P033,Wall Clock,Home,5054.92,8.0,,0,12.0
C100,P062,Self Help Guide,Books,690.76,8.0,3.0,0,2.0
C060,P044,Perfume,Beauty,848.68,3.0,3.0,0,4.0
C176,P003,Laptop,Electronics,77385.93,4.0,0.0,0,
C079,P040,Moisturizer,Beauty,1706.55,6.0,2.0,2,9.0
C053,P012,Monitor,Electronics,83466.44,3.0,1.0,0,13.0
C127,P045,Shampoo,Beauty,2096.42,16.0,5.0,0,17.0
C131,P034,Storage Box,Home,5713.28,14.0,2.0,0,
C087,P067,Kids Picture Book,Books,792.09,12.0,4.0,0,7.0
C185,P058,Water Bladder,Sports,4613.62,4.0,0.0,0,0.0
C193,P002,Smartphone,Electronics,39946.96,16.0,4.0,2,4.0
C032,P026,Raincoat,Clothing,1133.27,10.0,1.0,0,1.0
C208,P069,Poetry Collection,Books,184.44,3.0,0.0,0,4.0
C110,P010,Gaming Mouse,Electronics,40973.43,20.0,4.0,0,
C172,P015,Cotton T-Shirt,Clothing,2327.39,6.0,0.0,0,8.0
C017,P050,Dumbbells,Sports,1246.06,8.0,1.0,1,5.0
C043,P042,Sunscreen,Beauty,2097.43,15.0,4.0,0,6.0
C038,P014,Portable SSD,Electronics,74189.34,5.0,5.0,2,3.0
C088,P051,Football,Sports,1718.28,6.0,0.0,0,5.0
C136,P048,Body Lotion,Beauty,790.99,,0.0,0,16.0
C201,P052,Tennis Racket,Sports,206.79,8.0,0.0,0,6.0
C120,P010,Gaming Mouse,Electronics,40973.43,1.0,0.0,0,2.0
C109,P029,Coffee Maker,Home,2524.77,11.0,1.0,0,0.0
C099,P023,Cap,Clothing,4858.35,2.0,0.0,0,4.0
C019,P062,Self Help Guide,Books,690.76,1.0,0.0,0,15.0
C078,P058,Water Bladder,Sports,4613.62,9.0,1.0,1,8.0
C144,P022,Wool Sweater,Clothing,1900.72,14.0,4.0,0,8.0
C214,P068,Business Strategy,Books,498.54,14.0,5.0,1,1.0
C206,P053,Skipping Rope,Sports,6326.36,17.0,4.0,0,8.0
C124,P058,Water Bladder,Sports,4613.62,15.0,0.0,0,4.0
C042,P012,Monitor,Electronics,83466.44,8.0,0.0,0,2.0
C016,P010,Gaming Mouse,Electronics,40973.43,13.0,2.0,3,7.0
C061,P047,Nail Kit,Beauty,1028.95,5.0,0.0,0,14.0
C031,P068,Business Strategy,,498.54,6.0,0.0,0,4.0
C213,P063,Cookbook,Books,799.02,12.0,4.0,3,10.0
C055,P034,Storage Box,Home,5713.28,13.0,3.0,0,12.0
C175,P037,Desk Organizer,Home,2165.34,8.0,2.0,1,16.0
C184,P034,Storage Box,Home,5713.28,21.0,2.0,0,17.0
C186,P023,Cap,Clothing,4858.35,5.0,0.0,0,16.0
C192,P027,Table Lamp,Home,7133.13,14.0,1.0,0,2.0
C033,P058,Water Bladder,Sports,4613.62,,0.0,0,17.0
C114,P029,Coffee Maker,Home,2524.77,8.0,2.0,3,15.0
C167,P001,Wireless Earbuds,Electronics,69835.88,13.0,3.0,3,11.0
C005,P050,Dumbbells,Sports,1246.06,6.0,1.0,0,2.0
C110,P018,Sneakers,Clothing,505.32,14.0,1.0,0,12.0
C212,P054,Gym Bag,Sports,5368.08,17.0,2.0,0,15.0
C040,P032,Cushion Cover,Home,14519.77,3.0,0.0,0,17.0
C185,P036,Water Bottle,Home,3043.7,17.0,7.0,1,
C118,P042,Sunscreen,Beauty,2097.43,11.0,4.0,0,8.0
C053,P016,Denim Jeans,Clothing,1289.75,7.0,1.0,2,13.0
C170,P021,Sports Shorts,Clothing,3837.82,21.0,4.0,1,3.0
C046,P038,LED Strip,Home,7265.65,10.0,,0,15.0
C187,P043,Hair Serum,,1779.64,15.0,2.0,0,9.0
C031,P050,Dumbbells,Sports,1246.06,7.0,1.0,2,4.0
C133,P003,Laptop,Electronics,77385.93,12.0,2.0,0,11.0
C060,P025,Belt,Clothing,,12.0,1.0,0,4.0
C021,P026,Raincoat,Clothing,1133.27,16.0,2.0,0,10.0
C219,P005,Bluetooth Speaker,Electronics,9199.62,18.0,2.0,0,6.0
C118,P028,Bedsheet Set,Home,895.11,14.0,3.0,0,8.0
C050,P065,Travel Diary,Books,878.93,18.0,7.0,3,13.0
C070,P024,Socks Pack,Clothing,4485.98,21.0,8.0,0,8.0
C125,P004,Power Bank,Electronics,63004.23,4.0,0.0,0,4.0
C016,P050,Dumbbells,Sports,1246.06,8.0,5.0,1,7.0
C013,P017,Hoodie,Clothing,2861.01,10.0,5.0,3,1.0
C176,P013,Headphones,Electronics,58231.77,8.0,1.0,0,13.0
C196,P060,Data Science Intro,Books,280.71,1.0,0.0,0,9.0
C126,P049,Yoga Mat,Sports,5506.59,1.0,0.0,0,9.0
C147,P017,Hoodie,Clothing,2861.01,4.0,0.0,0,2.0
C082,P010,Gaming Mouse,Electronics,40973.43,12.0,1.0,0,0.0
C115,P018,Sneakers,Clothing,505.32,12.0,3.0,1,16.0
C174,P021,Sports Shorts,Clothing,3837.82,11.0,7.0,0,14.0
C098,P015,Cotton T-Shirt,Clothing,2327.39,12.0,5.0,2,2.0
C200,P032,Cushion Cover,Home,14519.77,11.0,1.0,0,14.0
C065,P060,Data Science Intro,Books,280.71,1.0,0.0,0,2.0
C185,P061,Mystery Novel,Books,917.66,1.0,0.0,0,0.0
C112,P049,Yoga Mat,Sports,5506.59,2.0,0.0,1,13.0
C015,P054,Gym Bag,Sports,5368.08,8.0,0.0,0,17.0
C110,P038,LED Strip,Home,7265.65,11.0,0.0,0,12.0
C157,P059,Python Basics,Books,,17.0,0.0,0,3.0
C206,P003,Laptop,Electronics,77385.93,7.0,1.0,0,8.0
C095,P031,Cookware Set,Home,11234.24,15.0,2.0,0,15.0
C194,P050,Dumbbells,Sports,1246.06,15.0,2.0,0,9.0
C060,P034,Storage Box,Home,5713.28,12.0,3.0,3,4.0
C134,P029,Coffee Maker,Home,2524.77,6.0,1.0,0,15.0
C018,P002,Smartphone,Electronics,39946.96,13.0,,0,16.0
C011,P017,Hoodie,Clothing,2861.01,13.0,4.0,3,8.0
C127,P036,Water Bottle,Home,3043.7,12.0,0.0,0,17.0
C217,P011,Keyboard,Electronics,33874.18,13.0,1.0,2,13.0
C079,P050,Dumbbells,Sports,1246.06,11.0,0.0,0,9.0
C037,P017,Hoodie,Clothing,2861.01,5.0,0.0,0,15.0
C065,P063,Cookbook,Books,799.02,7.0,1.0,0,2.0
C126,P055,Resistance Bands,Sports,5684.55,12.0,2.0,0,9.0
C134,P066,Short Stories,Books,785.62,15.0,1.0,2,15.0
C204,P013,Headphones,Electronics,58231.77,4.0,1.0,0,9.0
C075,P032,Cushion Cover,Home,14519.77,6.0,0.0,0,0.0
C131,P051,Football,Sports,,13.0,,3,11.0
C163,P051,Football,Sports,1718.28,8.0,1.0,0,16.0
C199,P027,Table Lamp,Home,7133.13,3.0,1.0,0,11.0
C150,P061,Mystery Novel,Books,917.66,1.0,0.0,0,17.0
C110,P034,Storage Box,Home,5713.28,8.0,2.0,0,12.0
C107,P041,Lipstick,Beauty,1148.16,8.0,0.0,0,10.0
C093,P070,Science Comics,Books,651.22,15.0,4.0,0,8.0
C026,P028,Bedsheet Set,Home,895.11,2.0,0.0,0,10.0
C163,P016,Denim Jeans,Clothing,1289.75,13.0,2.0,0,16.0
C061,P063,Cookbook,Books,799.02,11.0,3.0,2,14.0
C019,P017,Hoodie,Clothing,2861.01,10.0,3.0,0,15.0
C104,P057,Running Shoes,Sports,3751.49,10.0,5.0,0,2.0
C069,P036,Water Bottle,Home,3043.7,8.0,0.0,2,8.0
C141,P062,Self Help Guide,Books,690.76,10.0,3.0,0,0.0
C028,P037,Desk Organizer,Home,2165.34,,0.0,0,14.0
C091,P026,Raincoat,Clothing,1133.27,19.0,4.0,0,14.0
C008,P055,Resistance Bands,Sports,5684.55,15.0,2.0,0,11.0
C066,P014,Portable SSD,Electronics,74189.34,10.0,1.0,0,5.0
C059,P024,Socks Pack,Clothing,4485.98,7.0,2.0,0,7.0
C218,P070,Science Comics,Books,651.22,12.0,4.0,0,0.0
C033,P034,Storage Box,Home,5713.28,3.0,1.0,1,17.0
C063,P002,Smartphone,Electronics,,17.0,1.0,0,8.0
C069,P028,Bedsheet Set,Home,895.11,21.0,5.0,1,8.0
C006,P026,Raincoat,Clothing,1133.27,12.0,8.0,0,12.0
C071,P012,Monitor,Electronics,83466.44,17.0,4.0,2,11.0
C171,P062,Self Help Guide,Books,690.76,2.0,1.0,0,11.0
C130,P037,Desk Organizer,,2165.34,11.0,4.0,3,14.0
C112,P025,Belt,Clothing,3935.24,3.0,,0,13.0
C034,P053,Skipping Rope,Sports,6326.36,15.0,1.0,0,9.0
C043,P035,Air Fryer,Home,,4.0,2.0,1,6.0
C116,P065,Travel Diary,Books,878.93,7.0,3.0,2,12.0
C082,P064,History of AI,Books,1028.75,12.0,2.0,2,0.0
C037,P060,Data Science Intro,Books,280.71,11.0,2.0,0,15.0
C108,P039,Face Wash,Beauty,643.58,14.0,0.0,2,12.0
C136,P044,Perfume,Beauty,848.68,10.0,0.0,0,16.0
C053,P035,Air Fryer,Home,7174.95,1.0,0.0,0,13.0
C059,P009,Tablet,Electronics,12226.74,8.0,0.0,0,7.0
C107,P037,Desk Organizer,Home,2165.34,13.0,2.0,0,10.0
C010,P066,Short Stories,Books,785.62,7.0,0.0,0,6.0
C065,P019,Winter Jacket,Clothing,4171.63,2.0,0.0,0,2.0
C003,P036,Water Bottle,Home,3043.7,8.0,1.0,0,0.0
C156,P041,Lipstick,Beauty,1148.16,9.0,1.0,0,8.0
C067,P004,Power Bank,Electronics,63004.23,3.0,1.0,0,9.0
C059,P037,Desk Organizer,Home,2165.34,8.0,1.0,0,7.0
C208,P008,Webcam,Electronics,70915.94,13.0,0.0,1,4.0
C135,P059,Python Basics,Books,309.77,2.0,0.0,1,17.0
C144,P023,Cap,Clothing,4858.35,4.0,1.0,3,8.0
C191,P055,Resistance Bands,Sports,5684.55,8.0,1.0,0,1.0
C220,P025,Belt,Clothing,3935.24,8.0,1.0,0,12.0
C180,P051,Football,Sports,1718.28,12.0,0.0,0,7.0
C142,P057,Running Shoes,Sports,3751.49,12.0,2.0,0,5.0
C089,P033,Wall Clock,Home,5054.92,5.0,3.0,0,4.0
C173,P006,Smartwatch,Electronics,87824.51,3.0,1.0,0,2.0
C208,P053,Skipping Rope,Sports,6326.36,16.0,3.0,0,4.0
C017,P021,Sports Shorts,Clothing,3837.82,8.0,3.0,0,5.0
C034,P009,Tablet,Electronics,12226.74,12.0,6.0,0,9.0
C016,P041,Lipstick,Beauty,1148.16,,2.0,0,7.0
C050,P030,Vacuum Cleaner,Home,10323.97,12.0,0.0,0,13.0
C027,P006,Smartwatch,Electronics,87824.51,14.0,1.0,0,4.0
C182,P008,Webcam,Electronics,70915.94,8.0,0.0,0,12.0
C159,P033,Wall Clock,Home,5054.92,5.0,1.0,0,11.0
C189,P030,Vacuum Cleaner,Home,10323.97,11.0,2.0,0,14.0
C018,P037,Desk Organizer,Home,2165.34,12.0,3.0,1,16.0
C015,P064,History of AI,Books,1028.75,3.0,1.0,0,17.0
C148,P065,Travel Diary,Books,878.93,3.0,0.0,1,15.0
C197,P052,Tennis Racket,Sports,206.79,,7.0,0,12.0
C106,P019,Winter Jacket,Clothing,4171.63,7.0,2.0,0,4.0
C128,P028,Bedsheet Set,Home,895.11,13.0,1.0,0,16.0
C015,P032,Cushion Cover,Home,14519.77,3.0,0.0,0,17.0
C170,P067,Kids Picture Book,Books,,9.0,0.0,3,3.0
C030,P022,Wool Sweater,Clothing,1900.72,8.0,0.0,0,
C138,P030,Vacuum Cleaner,Home,10323.97,4.0,2.0,0,14.0
C025,P060,Data Science Intro,Books,280.71,12.0,2.0,1,1.0
C038,P011,Keyboard,Electronics,33874.18,20.0,8.0,1,3.0
C021,P008,Webcam,Electronics,70915.94,11.0,2.0,0,10.0
C132,P064,History of AI,Books,1028.75,7.0,0.0,0,2.0
C198,P055,Resistance Bands,Sports,5684.55,3.0,0.0,0,9.0
C067,P042,Sunscreen,Beauty,2097.43,11.0,1.0,0,9.0
C053,P043,Hair Serum,Beauty,1779.64,11.0,3.0,0,13.0
C143,P047,Nail Kit,Beauty,1028.95,6.0,1.0,0,16.0
C188,P048,Body Lotion,Beauty,790.99,15.0,4.0,0,5.0
C175,P031,Cookware Set,Home,11234.24,,0.0,0,16.0
C184,P063,Cookbook,Books,799.02,6.0,0.0,0,17.0
C181,P045,Shampoo,Beauty,2096.42,16.0,0.0,1,5.0
C202,P069,Poetry Collection,Books,184.44,10.0,2.0,1,9.0
C094,P051,Football,Sports,1718.28,13.0,1.0,0,12.0
C081,P017,Hoodie,Clothing,2861.01,15.0,1.0,0,0.0
C072,P011,Keyboard,Electronics,33874.18,16.0,2.0,0,15.0
C004,P063,Cookbook,Books,,9.0,1.0,0,12.0
C084,P024,Socks Pack,Clothing,4485.98,13.0,2.0,3,1.0
C050,P045,Shampoo,Beauty,2096.42,,3.0,0,13.0
C066,P051,Football,Sports,1718.28,3.0,1.0,0,5.0
C158,P052,Tennis Racket,Sports,206.79,4.0,0.0,0,8.0
C112,P069,Poetry Collection,Books,184.44,7.0,1.0,0,13.0
C154,P069,Poetry Collection,Books,184.44,12.0,2.0,3,14.0
C189,P021,Sports Shorts,Clothing,3837.82,16.0,3.0,1,14.0
C089,P011,Keyboard,Electronics,33874.18,15.0,1.0,0,4.0
C130,P056,Cycling Helmet,Sports,6277.72,15.0,3.0,1,14.0
C107,P017,Hoodie,Clothing,2861.01,1.0,0.0,0,10.0
C017,P043,Hair Serum,Beauty,1779.64,16.0,1.0,0,5.0
C215,P069,Poetry Collection,Books,184.44,16.0,1.0,0,14.0
C081,P021,Sports Shorts,Clothing,3837.82,10.0,0.0,0,0.0
C090,P036,Water Bottle,Home,3043.7,2.0,0.0,1,14.0
C108,P027,Table Lamp,Home,7133.13,5.0,1.0,0,12.0
C071,P067,Kids Picture Book,Books,792.09,5.0,2.0,1,11.0
C192,P063,Cookbook,Books,,1.0,0.0,0,2.0
C152,P029,Coffee Maker,Home,2524.77,2.0,1.0,0,8.0
C025,P036,Water Bottle,Home,3043.7,14.0,1.0,1,1.0
C060,P046,Face Mask,Beauty,2030.43,8.0,3.0,0,4.0
C173,P010,Gaming Mouse,Electronics,40973.43,9.0,1.0,1,2.0
C074,P025,Belt,Clothing,3935.24,6.0,2.0,2,6.0
C100,P026,Raincoat,Clothing,1133.27,9.0,1.0,0,2.0
C003,P010,Gaming Mouse,Electronics,40973.43,5.0,0.0,0,0.0
C150,P025,Belt,Clothing,3935.24,9.0,1.0,0,17.0
C016,P058,Water Bladder,Sports,4613.62,17.0,4.0,0,7.0
C089,P003,Laptop,Electronics,77385.93,2.0,,0,4.0
C036,P069,Poetry Collection,Books,184.44,11.0,3.0,2,12.0
C188,P047,Nail Kit,Beauty,1028.95,4.0,0.0,0,5.0
C030,P064,History of AI,Books,1028.75,8.0,1.0,0,7.0
C169,P011,Keyboard,Electronics,33874.18,,0.0,0,17.0
C207,P030,Vacuum Cleaner,Home,10323.97,5.0,1.0,0,6.0
C115,P058,Water Bladder,Sports,4613.62,8.0,1.0,0,16.0
C135,P024,Socks Pack,Clothing,4485.98,2.0,0.0,0,17.0
C103,P069,Poetry Collection,Books,184.44,13.0,2.0,0,13.0
C217,P056,Cycling Helmet,Sports,6277.72,2.0,0.0,0,13.0
C139,P050,Dumbbells,Sports,1246.06,10.0,0.0,0,5.0
C199,P052,Tennis Racket,Sports,206.79,8.0,0.0,3,11.0
C066,P038,LED Strip,Home,7265.65,15.0,4.0,0,5.0
C007,P032,Cushion Cover,Home,14519.77,12.0,3.0,0,5.0
C008,P057,Running Shoes,Sports,3751.49,15.0,2.0,0,11.0
C158,P049,Yoga Mat,Sports,5506.59,14.0,1.0,0,8.0
C076,P029,Coffee Maker,Home,2524.77,11.0,6.0,2,13.0
C006,P059,Python Basics,Books,309.77,12.0,0.0,0,12.0
C109,P062,Self Help Guide,Books,690.76,,4.0,3,0.0
C093,P044,Perfume,Beauty,848.68,14.0,0.0,0,8.0
C220,P058,Water Bladder,Sports,4613.62,8.0,4.0,0,12.0
C220,P005,Bluetooth Speaker,Electronics,9199.62,16.0,3.0,0,12.0
C010,P067,Kids Picture Book,Books,792.09,16.0,4.0,0,6.0
C163,P067,Kids Picture Book,Books,792.09,20.0,2.0,0,16.0
C182,P067,Kids Picture Book,Books,792.09,16.0,0.0,0,12.0
C161,P039,Face Wash,Beauty,643.58,4.0,0.0,0,14.0
C085,P039,Face Wash,Beauty,643.58,10.0,2.0,0,2.0
C079,P011,Keyboard,Electronics,33874.18,2.0,1.0,0,9.0
C034,P032,Cushion Cover,Home,14519.77,1.0,0.0,0,9.0
C064,P062,Self Help Guide,Books,690.76,13.0,0.0,0,3.0
C090,P030,Vacuum Cleaner,Home,10323.97,7.0,2.0,0,14.0
C121,P015,Cotton T-Shirt,Clothing,2327.39,9.0,4.0,2,2.0
C189,P017,Hoodie,,2861.01,6.0,0.0,0,
C135,P005,Bluetooth Speaker,Electronics,9199.62,9.0,0.0,0,17.0
C101,P012,Monitor,Electronics,83466.44,13.0,2.0,2,17.0
C163,P004,Power Bank,Electronics,63004.23,,5.0,2,16.0
C004,P037,Desk Organizer,Home,2165.34,14.0,2.0,0,12.0
C151,P004,Power Bank,Electronics,63004.23,7.0,0.0,0,14.0
C133,P057,Running Shoes,Sports,3751.49,10.0,0.0,0,11.0
C154,P066,Short Stories,Books,785.62,12.0,3.0,3,14.0
C176,P052,Tennis Racket,Sports,206.79,8.0,0.0,0,13.0
C105,P012,Monitor,Electronics,83466.44,11.0,2.0,3,17.0
C085,P052,Tennis Racket,Sports,206.79,11.0,8.0,2,
C151,P014,Portable SSD,Electronics,74189.34,5.0,0.0,0,14.0
C131,P044,Perfume,Beauty,848.68,13.0,0.0,0,11.0
C115,P012,Monitor,Electronics,83466.44,10.0,3.0,0,16.0
C077,P039,Face Wash,Beauty,,10.0,8.0,0,9.0
C052,P033,Wall Clock,Home,5054.92,16.0,2.0,0,13.0
C100,P067,Kids Picture Book,Books,792.09,11.0,1.0,0,2.0
C207,P050,Dumbbells,Sports,1246.06,8.0,0.0,0,
C106,P057,Running Shoes,Sports,3751.49,7.0,0.0,0,4.0
C036,P032,Cushion Cover,Home,14519.77,15.0,2.0,0,12.0
C167,P007,USB-C Hub,Electronics,68692.66,8.0,4.0,0,11.0
C168,P028,Bedsheet Set,Home,895.11,15.0,7.0,1,0.0
C204,P011,Keyboard,Electronics,33874.18,16.0,3.0,1,9.0
C116,P002,Smartphone,Electronics,39946.96,3.0,0.0,0,12.0
C114,P017,Hoodie,Clothing,2861.01,4.0,0.0,0,15.0
C085,P017,Hoodie,Clothing,2861.01,13.0,2.0,2,2.0
C146,P033,Wall Clock,Home,5054.92,8.0,2.0,0,15.0
C146,P023,Cap,Clothing,4858.35,16.0,0.0,2,15.0
C017,P035,Air Fryer,Home,7174.95,11.0,2.0,0,5.0
C172,P007,USB-C Hub,Electronics,68692.66,3.0,2.0,0,8.0
C195,P032,Cushion Cover,Home,14519.77,3.0,0.0,0,6.0
C095,P016,Denim Jeans,Clothing,1289.75,15.0,,0,15.0
C186,P070,Science Comics,Books,651.22,5.0,1.0,0,16.0
C152,P043,Hair Serum,Beauty,1779.64,5.0,2.0,3,8.0
C070,P037,Desk Organizer,Home,2165.34,17.0,6.0,3,8.0
C131,P018,Sneakers,Clothing,505.32,8.0,0.0,2,11.0
C220,P016,Denim Jeans,Clothing,1289.75,15.0,0.0,0,12.0
C121,P069,Poetry Collection,Books,184.44,11.0,1.0,0,2.0
C042,P018,Sneakers,Clothing,505.32,3.0,0.0,0,2.0
C177,P056,Cycling Helmet,,6277.72,11.0,0.0,0,15.0
C140,P064,History of AI,Books,1028.75,10.0,0.0,0,10.0
C047,P012,Monitor,Electronics,83466.44,15.0,0.0,0,14.0
C062,P010,Gaming Mouse,Electronics,40973.43,13.0,4.0,0,15.0
C133,P017,Hoodie,Clothing,2861.01,19.0,9.0,0,11.0
C073,P032,Cushion Cover,Home,14519.77,4.0,0.0,0,15.0
C151,P030,Vacuum Cleaner,Home,10323.97,11.0,3.0,0,14.0
C150,P018,Sneakers,Clothing,505.32,10.0,4.0,0,17.0
C133,P052,Tennis Racket,Sports,206.79,,0.0,0,11.0
C117,P007,USB-C Hub,Electronics,68692.66,17.0,2.0,2,5.0
C058,P035,Air Fryer,,7174.95,3.0,,0,2.0
C084,P053,Skipping Rope,Sports,6326.36,17.0,1.0,0,1.0
C207,P044,Perfume,Beauty,848.68,12.0,2.0,0,6.0
C091,P052,Tennis Racket,Sports,206.79,10.0,2.0,0,14.0
C082,P050,Dumbbells,Sports,1246.06,2.0,0.0,0,0.0
C080,P025,Belt,Clothing,3935.24,16.0,1.0,0,1.0
C045,P046,Face Mask,Beauty,2030.43,16.0,2.0,2,14.0
C133,P018,Sneakers,Clothing,505.32,19.0,,1,11.0
C054,P046,Face Mask,Beauty,2030.43,16.0,1.0,2,12.0
C087,P023,Cap,Clothing,4858.35,17.0,4.0,3,7.0
C202,P044,Perfume,Beauty,848.68,7.0,2.0,0,9.0
C117,P070,Science Comics,Books,651.22,11.0,1.0,2,5.0
C213,P055,Resistance Bands,Sports,5684.55,9.0,5.0,1,10.0
C182,P012,Monitor,Electronics,83466.44,12.0,1.0,0,12.0
C066,P040,Moisturizer,Beauty,1706.55,2.0,0.0,0,5.0
C189,P001,Wireless Earbuds,Electronics,69835.88,15.0,3.0,0,14.0
C059,P011,Keyboard,Electronics,33874.18,6.0,2.0,0,7.0
C068,P001,Wireless Earbuds,Electronics,69835.88,6.0,0.0,0,17.0
C103,P050,Dumbbells,Sports,1246.06,10.0,3.0,0,
C184,P013,Headphones,Electronics,,1.0,0.0,0,17.0
C023,P025,Belt,Clothing,3935.24,6.0,2.0,0,16.0
C026,P038,LED Strip,Home,7265.65,3.0,0.0,0,10.0
C038,P031,Cookware Set,Home,11234.24,17.0,6.0,0,3.0
C134,P037,Desk Organizer,,2165.34,8.0,0.0,1,15.0
C057,P010,Gaming Mouse,Electronics,40973.43,11.0,1.0,0,11.0
C124,P026,Raincoat,Clothing,1133.27,20.0,6.0,0,4.0
C134,P034,Storage Box,Home,5713.28,7.0,0.0,0,15.0
C070,P067,Kids Picture Book,,792.09,6.0,1.0,0,8.0
C102,P036,Water Bottle,Home,3043.7,5.0,1.0,0,7.0
C192,P070,Science Comics,Books,651.22,13.0,3.0,0,2.0
C004,P040,Moisturizer,Beauty,1706.55,4.0,1.0,0,12.0
C066,P064,History of AI,Books,1028.75,11.0,,2,5.0
C114,P010,Gaming Mouse,Electronics,40973.43,12.0,3.0,0,15.0
C087,P033,Wall Clock,Home,5054.92,17.0,7.0,0,7.0
C131,P066,Short Stories,Books,785.62,1.0,0.0,0,11.0
C118,P031,Cookware Set,Home,11234.24,15.0,6.0,1,8.0
C213,P061,Mystery Novel,Books,917.66,9.0,0.0,0,10.0
C027,P050,Dumbbells,Sports,1246.06,3.0,0.0,0,4.0
C080,P055,Resistance Bands,Sports,5684.55,2.0,0.0,0,
C058,P046,Face Mask,Beauty,2030.43,6.0,1.0,0,2.0
C091,P028,Bedsheet Set,Home,895.11,12.0,0.0,0,14.0
C105,P043,Hair Serum,Beauty,1779.64,9.0,4.0,3,17.0
C011,P040,Moisturizer,Beauty,1706.55,15.0,2.0,0,8.0
C128,P057,Running Shoes,Sports,3751.49,3.0,0.0,0,16.0
C082,P008,Webcam,Electronics,70915.94,2.0,1.0,0,0.0
C087,P045,Shampoo,Beauty,,6.0,1.0,0,7.0
C193,P070,Science Comics,Books,651.22,5.0,0.0,0,4.0
C163,P034,Storage Box,Home,5713.28,2.0,0.0,0,16.0
C081,P015,Cotton T-Shirt,Clothing,2327.39,17.0,3.0,0,0.0
C006,P051,Football,Sports,1718.28,11.0,3.0,0,12.0
C097,P021,Sports Shorts,Clothing,3837.82,16.0,2.0,0,5.0
C066,P035,Air Fryer,Home,7174.95,19.0,9.0,2,5.0
C159,P015,Cotton T-Shirt,Clothing,2327.39,17.0,2.0,0,11.0
C038,P027,Table Lamp,Home,7133.13,12.0,0.0,0,3.0
C158,P003,Laptop,Electronics,77385.93,2.0,1.0,1,8.0
C002,P047,Nail Kit,Beauty,1028.95,1.0,0.0,0,11.0
C074,P058,Water Bladder,Sports,4613.62,3.0,0.0,0,6.0
C184,P014,Portable SSD,Electronics,74189.34,15.0,1.0,0,17.0
C121,P019,Winter Jacket,Clothing,4171.63,16.0,6.0,0,2.0
C140,P045,Shampoo,Beauty,2096.42,19.0,3.0,0,10.0
C076,P017,Hoodie,Clothing,2861.01,9.0,2.0,0,13.0
C052,P045,Shampoo,Beauty,2096.42,6.0,4.0,0,13.0
C083,P048,Body Lotion,Beauty,790.99,11.0,0.0,0,15.0
C185,P009,Tablet,Electronics,12226.74,12.0,3.0,0,0.0
C175,P057,Running Shoes,Sports,3751.49,14.0,0.0,2,16.0
C101,P012,Monitor,Electronics,83466.44,5.0,1.0,0,17.0
C035,P034,Storage Box,Home,5713.28,10.0,5.0,0,8.0
C067,P013,Headphones,Electronics,58231.77,7.0,0.0,0,9.0
C038,P059,Python Basics,Books,309.77,3.0,2.0,0,3.0
C009,P068,Business Strategy,Books,498.54,13.0,3.0,3,5.0
C159,P021,Sports Shorts,Clothing,3837.82,7.0,1.0,0,11.0
C027,P034,Storage Box,Home,5713.28,14.0,4.0,0,4.0
C193,P068,Business Strategy,Books,498.54,17.0,3.0,0,4.0
C080,P068,Business Strategy,Books,498.54,14.0,4.0,0,1.0
C193,P040,Moisturizer,Beauty,1706.55,3.0,1.0,0,4.0
C057,P054,Gym Bag,,5368.08,,1.0,0,11.0
C064,P009,Tablet,,12226.74,5.0,0.0,0,3.0
C009,P013,Headphones,Electronics,58231.77,10.0,2.0,1,5.0
C091,P033,Wall Clock,Home,5054.92,1.0,0.0,0,14.0
C123,P038,LED Strip,Home,7265.65,17.0,1.0,3,16.0
C177,P055,Resistance Bands,Sports,5684.55,2.0,0.0,0,15.0
C020,P045,Shampoo,Beauty,2096.42,14.0,4.0,0,0.0
C143,P066,Short Stories,Books,785.62,7.0,2.0,2,16.0
C028,P034,Storage Box,Home,5713.28,5.0,1.0,0,14.0
C167,P018,Sneakers,Clothing,505.32,14.0,1.0,0,
C103,P018,Sneakers,Clothing,505.32,10.0,2.0,0,13.0
C151,P045,Shampoo,Beauty,2096.42,2.0,0.0,0,14.0
C191,P016,Denim Jeans,Clothing,1289.75,10.0,0.0,0,
C143,P051,Football,Sports,1718.28,6.0,0.0,3,16.0
C119,P044,Perfume,Beauty,848.68,5.0,1.0,0,13.0
C095,P046,Face Mask,Beauty,2030.43,13.0,0.0,0,15.0
C212,P034,Storage Box,Home,5713.28,15.0,6.0,1,15.0
C051,P044,Perfume,Beauty,848.68,4.0,4.0,0,
C056,P053,Skipping Rope,Sports,6326.36,3.0,1.0,0,11.0
C107,P066,Short Stories,Books,785.62,14.0,3.0,0,10.0
C147,P004,Power Bank,Electronics,63004.23,16.0,2.0,0,2.0
C176,P047,Nail Kit,Beauty,1028.95,7.0,0.0,0,13.0
C145,P003,Laptop,Electronics,,12.0,5.0,0,3.0
C200,P035,Air Fryer,,7174.95,5.0,1.0,2,14.0
C186,P037,Desk Organizer,Home,2165.34,11.0,1.0,0,16.0
C162,P059,Python Basics,Books,,12.0,0.0,3,12.0
C147,P068,Business Strategy,Books,498.54,17.0,6.0,3,2.0
C193,P007,USB-C Hub,Electronics,68692.66,9.0,4.0,0,
C106,P001,Wireless Earbuds,Electronics,69835.88,16.0,0.0,0,4.0
C212,P035,Air Fryer,Home,7174.95,15.0,5.0,2,15.0
C185,P015,Cotton T-Shirt,Clothing,2327.39,15.0,0.0,3,0.0
C119,P015,Cotton T-Shirt,Clothing,2327.39,17.0,4.0,1,13.0
C199,P025,Belt,Clothing,3935.24,,1.0,3,11.0
C056,P033,Wall Clock,Home,5054.92,7.0,,3,11.0
C059,P045,Shampoo,Beauty,2096.42,5.0,0.0,0,7.0
C157,P021,Sports Shorts,Clothing,3837.82,16.0,1.0,2,3.0
C150,P065,Travel Diary,Books,878.93,6.0,0.0,1,17.0
C033,P037,Desk Organizer,Home,2165.34,14.0,3.0,0,17.0
C196,P035,Air Fryer,Home,7174.95,8.0,1.0,1,9.0
C077,P006,Smartwatch,Electronics,,15.0,6.0,2,9.0
C030,P003,Laptop,Electronics,77385.93,9.0,1.0,0,7.0
C154,P003,Laptop,Electronics,77385.93,11.0,1.0,3,14.0
C194,P057,Running Shoes,Sports,3751.49,15.0,2.0,0,9.0
C060,P034,Storage Box,Home,5713.28,2.0,0.0,0,4.0
C080,P014,Portable SSD,Electronics,74189.34,17.0,1.0,2,1.0
C192,P006,Smartwatch,Electronics,87824.51,11.0,1.0,3,2.0
C132,P013,Headphones,Electronics,58231.77,2.0,0.0,0,2.0
C130,P049,Yoga Mat,Sports,5506.59,12.0,2.0,0,14.0
C153,P007,USB-C Hub,Electronics,68692.66,2.0,0.0,0,1.0
C092,P054,Gym Bag,Sports,5368.08,8.0,0.0,3,7.0
C146,P066,Short Stories,Books,785.62,9.0,0.0,0,15.0
C077,P005,Bluetooth Speaker,Electronics,9199.62,12.0,2.0,0,9.0
C017,P051,Football,Sports,1718.28,7.0,0.0,0,5.0
C210,P056,Cycling Helmet,Sports,6277.72,18.0,3.0,0,16.0
C048,P012,Monitor,Electronics,83466.44,10.0,2.0,0,1.0
C198,P031,Cookware Set,Home,11234.24,17.0,1.0,0,9.0
C049,P062,Self Help Guide,Books,690.76,3.0,1.0,0,11.0
C194,P051,Football,Sports,1718.28,9.0,0.0,2,9.0
C129,P024,Socks Pack,Clothing,4485.98,12.0,3.0,1,17.0
C209,P048,Body Lotion,Beauty,790.99,17.0,0.0,0,16.0
C116,P044,Perfume,Beauty,848.68,15.0,4.0,0,12.0
C006,P055,Resistance Bands,Sports,5684.55,,2.0,2,12.0
C073,P005,Bluetooth Speaker,Electronics,9199.62,13.0,5.0,0,15.0
C044,P059,Python Basics,Books,309.77,14.0,7.0,1,2.0
C172,P070,Science Comics,Books,651.22,10.0,0.0,0,8.0
C123,P005,Bluetooth Speaker,Electronics,9199.62,2.0,0.0,0,16.0
C165,P027,Table Lamp,Home,7133.13,3.0,0.0,0,2.0
C069,P056,Cycling Helmet,Sports,6277.72,11.0,1.0,1,8.0
C207,P028,Bedsheet Set,Home,895.11,21.0,1.0,1,6.0
C064,P015,Cotton T-Shirt,Clothing,2327.39,9.0,0.0,2,3.0
C125,P028,Bedsheet Set,Home,895.11,11.0,3.0,0,4.0
C130,P064,History of AI,Books,1028.75,5.0,1.0,2,14.0
C145,P016,Denim Jeans,Clothing,1289.75,5.0,0.0,0,3.0
C073,P017,Hoodie,Clothing,2861.01,14.0,1.0,1,15.0
C042,P011,Keyboard,Electronics,33874.18,5.0,0.0,0,2.0
C025,P014,Portable SSD,Electronics,74189.34,16.0,3.0,1,1.0
C164,P012,Monitor,Electronics,,12.0,2.0,0,3.0
C143,P031,Cookware Set,Home,11234.24,15.0,2.0,0,16.0
C060,P006,Smartwatch,Electronics,87824.51,10.0,1.0,0,4.0
C100,P048,Body Lotion,Beauty,790.99,1.0,1.0,0,2.0
C043,P004,Power Bank,Electronics,63004.23,1.0,0.0,0,6.0
C090,P007,USB-C Hub,Electronics,68692.66,8.0,1.0,0,14.0
C110,P056,Cycling Helmet,Sports,6277.72,17.0,2.0,0,12.0
C203,P031,Cookware Set,Home,11234.24,17.0,7.0,3,11.0
C161,P017,Hoodie,Clothing,2861.01,14.0,2.0,0,14.0
C220,P030,Vacuum Cleaner,Home,10323.97,12.0,2.0,0,12.0
C020,P001,Wireless Earbuds,Electronics,69835.88,12.0,1.0,0,0.0
C092,P010,Gaming Mouse,Electronics,40973.43,9.0,1.0,0,7.0
C127,P020,Casual Shirt,Clothing,3230.99,13.0,4.0,0,17.0
C056,P048,Body Lotion,Beauty,790.99,5.0,,0,11.0
C178,P026,Raincoat,Clothing,1133.27,8.0,2.0,1,9.0
C020,P068,Business Strategy,Books,498.54,8.0,0.0,0,0.0
C136,P024,Socks Pack,Clothing,4485.98,,2.0,2,16.0
C161,P022,Wool Sweater,Clothing,,15.0,0.0,0,14.0
C031,P055,Resistance Bands,Sports,5684.55,9.0,1.0,0,4.0
C004,P047,Nail Kit,Beauty,1028.95,6.0,2.0,3,12.0
C156,P030,Vacuum Cleaner,Home,10323.97,2.0,,0,8.0
C195,P061,Mystery Novel,Books,917.66,12.0,0.0,0,6.0
C038,P003,Laptop,Electronics,77385.93,6.0,3.0,0,3.0
C184,P046,Face Mask,Beauty,2030.43,8.0,1.0,2,17.0
C150,P061,Mystery Novel,Books,917.66,11.0,4.0,2,17.0
C089,P062,Self Help Guide,Books,690.76,7.0,2.0,0,4.0
C025,P009,Tablet,Electronics,12226.74,9.0,3.0,0,1.0
C015,P021,Sports Shorts,Clothing,3837.82,15.0,1.0,0,17.0
C106,P019,Winter Jacket,Clothing,4171.63,19.0,1.0,0,4.0
C006,P031,Cookware Set,Home,11234.24,6.0,2.0,1,12.0
C012,P012,Monitor,Electronics,83466.44,4.0,2.0,0,9.0
C077,P066,Short Stories,Books,785.62,2.0,2.0,0,9.0
C014,P027,Table Lamp,Home,7133.13,14.0,3.0,0,4.0
C020,P001,Wireless Earbuds,Electronics,69835.88,2.0,1.0,0,0.0
C101,P066,Short Stories,Books,785.62,11.0,4.0,3,17.0
C076,P061,Mystery Novel,Books,917.66,5.0,2.0,0,13.0
C085,P004,Power Bank,Electronics,63004.23,5.0,2.0,0,2.0
C147,P009,Tablet,Electronics,12226.74,16.0,5.0,0,
C125,P015,Cotton T-Shirt,Clothing,2327.39,5.0,0.0,0,4.0
C009,P031,Cookware Set,Home,11234.24,13.0,0.0,0,5.0
C074,P016,Denim Jeans,Clothing,,13.0,6.0,0,6.0
C101,P061,Mystery Novel,Books,917.66,8.0,2.0,0,17.0
C202,P023,Cap,Clothing,4858.35,13.0,0.0,0,9.0
C106,P019,Winter Jacket,Clothing,4171.63,9.0,1.0,0,4.0
C002,P047,Nail Kit,Beauty,1028.95,1.0,0.0,0,11.0
C172,P001,Wireless Earbuds,Electronics,69835.88,4.0,1.0,0,8.0
C137,P056,Cycling Helmet,Sports,6277.72,,3.0,0,1.0
C198,P001,Wireless Earbuds,Electronics,69835.88,16.0,4.0,0,9.0
C187,P008,Webcam,Electronics,70915.94,3.0,1.0,0,9.0
C027,P036,Water Bottle,Home,3043.7,3.0,2.0,0,4.0
C024,P048,Body Lotion,Beauty,790.99,1.0,0.0,2,17.0
C105,P022,Wool Sweater,Clothing,1900.72,2.0,1.0,0,17.0
C011,P065,Travel Diary,Books,878.93,9.0,0.0,0,8.0
C073,P026,Raincoat,Clothing,1133.27,1.0,0.0,0,15.0
C025,P015,Cotton T-Shirt,Clothing,2327.39,5.0,1.0,0,1.0
C117,P064,History of AI,Books,1028.75,10.0,0.0,0,5.0
C054,P025,Belt,Clothing,3935.24,3.0,1.0,0,12.0
C128,P068,Business Strategy,Books,498.54,,2.0,0,16.0
C016,P029,Coffee Maker,Home,2524.77,6.0,0.0,0,7.0
C113,P044,Perfume,Beauty,848.68,8.0,2.0,0,1.0
C133,P025,Belt,Clothing,3935.24,16.0,3.0,2,11.0
C180,P037,Desk Organizer,Home,2165.34,12.0,1.0,0,7.0
C212,P054,Gym Bag,Sports,5368.08,2.0,0.0,0,15.0
C026,P022,Wool Sweater,Clothing,1900.72,8.0,2.0,0,10.0
C159,P037,Desk Organizer,Home,2165.34,15.0,6.0,2,11.0
C189,P055,Resistance Bands,Sports,5684.55,9.0,2.0,0,14.0
C061,P041,Lipstick,Beauty,1148.16,15.0,2.0,0,14.0
C139,P023,Cap,Clothing,4858.35,15.0,3.0,0,5.0
C008,P021,Sports Shorts,Clothing,3837.82,10.0,4.0,3,11.0
C128,P034,Storage Box,Home,5713.28,12.0,0.0,2,16.0
C157,P013,Headphones,Electronics,58231.77,3.0,0.0,0,3.0
C094,P009,Tablet,Electronics,12226.74,6.0,1.0,0,12.0
C187,P032,Cushion Cover,Home,14519.77,4.0,4.0,0,9.0
C094,P013,Headphones,Electronics,58231.77,8.0,0.0,1,12.0
C206,P056,Cycling Helmet,Sports,,6.0,0.0,0,8.0
C009,P034,Storage Box,Home,5713.28,13.0,2.0,2,5.0
C211,P011,Keyboard,Electronics,33874.18,7.0,0.0,0,7.0
C084,P069,Poetry Collection,Books,184.44,17.0,1.0,0,1.0
C125,P022,Wool Sweater,Clothing,1900.72,7.0,0.0,2,4.0
C158,P053,Skipping Rope,Sports,6326.36,1.0,0.0,0,8.0
C004,P042,Sunscreen,Beauty,2097.43,14.0,3.0,0,12.0
C211,P030,Vacuum Cleaner,Home,10323.97,15.0,2.0,2,7.0
C159,P011,Keyboard,Electronics,,16.0,0.0,3,11.0
C097,P056,Cycling Helmet,Sports,6277.72,,16.0,0,5.0
C188,P061,Mystery Novel,Books,917.66,6.0,0.0,0,5.0
C082,P051,Football,Sports,1718.28,8.0,2.0,0,0.0
C018,P005,Bluetooth Speaker,Electronics,9199.62,17.0,5.0,0,16.0
C054,P041,Lipstick,Beauty,1148.16,1.0,1.0,0,12.0
C187,P029,Coffee Maker,Home,2524.77,16.0,6.0,0,9.0
C149,P011,Keyboard,Electronics,33874.18,4.0,1.0,0,9.0
C066,P046,Face Mask,Beauty,,1.0,0.0,0,5.0
C075,P034,Storage Box,Home,5713.28,15.0,0.0,0,0.0
C141,P033,Wall Clock,Home,5054.92,16.0,4.0,0,0.0
C066,P050,Dumbbells,Sports,1246.06,9.0,1.0,0,5.0
C220,P052,Tennis Racket,Sports,206.79,18.0,7.0,1,12.0
C213,P047,Nail Kit,Beauty,1028.95,8.0,1.0,1,10.0
C210,P066,Short Stories,Books,785.62,11.0,3.0,0,16.0
C159,P022,Wool Sweater,Clothing,1900.72,5.0,2.0,1,11.0
C169,P029,Coffee Maker,Home,,14.0,0.0,0,
C144,P002,Smartphone,Electronics,39946.96,11.0,1.0,2,8.0
C155,P025,Belt,Clothing,3935.24,1.0,0.0,0,1.0
C073,P029,Coffee Maker,Home,2524.77,16.0,2.0,0,
C124,P025,Belt,Clothing,3935.24,12.0,4.0,2,4.0
C050,P039,Face Wash,Beauty,643.58,9.0,0.0,0,13.0
C055,P011,Keyboard,Electronics,33874.18,16.0,1.0,2,12.0
C004,P036,Water Bottle,Home,3043.7,7.0,4.0,2,12.0
C019,P019,Winter Jacket,Clothing,4171.63,3.0,0.0,0,15.0
C176,P055,Resistance Bands,Sports,5684.55,9.0,3.0,0,13.0
C166,P053,Skipping Rope,Sports,6326.36,14.0,2.0,0,10.0
C043,P017,Hoodie,Clothing,2861.01,6.0,0.0,0,6.0
C215,P037,Desk Organizer,Home,2165.34,3.0,1.0,1,14.0
C092,P067,Kids Picture Book,Books,792.09,17.0,6.0,0,7.0
C114,P022,Wool Sweater,Clothing,1900.72,4.0,2.0,0,15.0
C127,P061,Mystery Novel,Books,917.66,5.0,2.0,3,17.0
C176,P069,Poetry Collection,Books,184.44,8.0,2.0,0,13.0
C022,P038,LED Strip,Home,7265.65,10.0,1.0,0,16.0
C219,P063,Cookbook,Books,799.02,4.0,,3,6.0
C040,P003,Laptop,Electronics,77385.93,8.0,2.0,0,17.0
C131,P042,Sunscreen,Beauty,2097.43,9.0,0.0,1,11.0
C095,P024,Socks Pack,Clothing,4485.98,,0.0,3,15.0
C059,P065,Travel Diary,Books,878.93,13.0,,0,
C022,P063,Cookbook,Books,799.02,16.0,1.0,0,16.0
C118,P063,Cookbook,Books,799.02,17.0,4.0,1,
C056,P035,Air Fryer,Home,7174.95,7.0,1.0,2,11.0
C147,P024,Socks Pack,Clothing,4485.98,17.0,3.0,0,2.0
C069,P027,Table Lamp,Home,7133.13,10.0,4.0,2,8.0
C010,P022,Wool Sweater,Clothing,1900.72,5.0,1.0,0,6.0
C144,P070,Science Comics,Books,651.22,16.0,4.0,2,8.0
C056,P063,Cookbook,Books,799.02,4.0,0.0,0,11.0
C152,P031,Cookware Set,Home,11234.24,5.0,0.0,0,8.0
C206,P050,Dumbbells,Sports,1246.06,7.0,1.0,0,8.0
C101,P050,Dumbbells,Sports,1246.06,1.0,0.0,0,17.0
C166,P030,Vacuum Cleaner,Home,10323.97,5.0,0.0,0,10.0
C070,P045,Shampoo,Beauty,2096.42,13.0,1.0,0,8.0
C092,P051,Football,Sports,1718.28,2.0,1.0,0,7.0
C083,P025,Belt,Clothing,3935.24,16.0,1.0,0,15.0
C178,P003,Laptop,Electronics,77385.93,11.0,5.0,0,9.0
C087,P006,Smartwatch,Electronics,87824.51,2.0,0.0,0,7.0
C144,P019,Winter Jacket,Clothing,4171.63,7.0,3.0,0,8.0
C206,P047,Nail Kit,Beauty,1028.95,15.0,6.0,2,8.0
C136,P029,Coffee Maker,Home,2524.77,8.0,1.0,0,16.0
C080,P047,Nail Kit,Beauty,1028.95,3.0,0.0,0,
C099,P001,Wireless Earbuds,Electronics,69835.88,6.0,1.0,0,4.0
C208,P018,Sneakers,Clothing,505.32,17.0,5.0,3,4.0
C046,P006,Smartwatch,Electronics,87824.51,16.0,4.0,3,
C144,P007,USB-C Hub,Electronics,68692.66,2.0,1.0,0,8.0
C189,P070,Science Comics,Books,651.22,,2.0,0,14.0
C168,P046,Face Mask,Beauty,2030.43,9.0,1.0,0,0.0
C127,P016,Denim Jeans,Clothing,1289.75,12.0,3.0,0,17.0
C218,P024,Socks Pack,Clothing,4485.98,6.0,0.0,0,0.0
C148,P028,Bedsheet Set,Home,895.11,11.0,5.0,2,15.0
C192,P004,Power Bank,Electronics,63004.23,15.0,1.0,0,2.0
C005,P052,Tennis Racket,Sports,206.79,11.0,2.0,0,2.0
C039,P055,Resistance Bands,Sports,5684.55,7.0,0.0,0,16.0
C076,P040,Moisturizer,Beauty,1706.55,13.0,3.0,3,13.0
C021,P033,Wall Clock,Home,5054.92,10.0,0.0,2,10.0
C028,P030,Vacuum Cleaner,Home,10323.97,8.0,0.0,1,14.0
C194,P016,Denim Jeans,Clothing,1289.75,5.0,0.0,2,9.0
C030,P012,Monitor,Electronics,83466.44,14.0,1.0,3,7.0
C215,P065,Travel Diary,Books,878.93,15.0,1.0,0,14.0
C220,P034,Storage Box,Home,5713.28,13.0,1.0,0,12.0
C070,P029,Coffee Maker,Home,2524.77,16.0,1.0,0,8.0
C137,P010,Gaming Mouse,Electronics,40973.43,17.0,1.0,0,1.0
C120,P015,Cotton T-Shirt,Clothing,2327.39,16.0,2.0,1,2.0
C160,P019,Winter Jacket,Clothing,4171.63,17.0,1.0,3,0.0
C091,P025,Belt,Clothing,3935.24,16.0,3.0,1,14.0
C113,P030,Vacuum Cleaner,Home,10323.97,8.0,0.0,0,1.0
C017,P004,Power Bank,Electronics,63004.23,5.0,0.0,0,5.0
C135,P008,Webcam,Electronics,70915.94,10.0,1.0,1,17.0
C176,P046,Face Mask,Beauty,2030.43,12.0,2.0,3,13.0
C174,P045,Shampoo,Beauty,2096.42,17.0,3.0,0,14.0
C160,P024,Socks Pack,Clothing,4485.98,10.0,1.0,0,0.0
C060,P009,Tablet,Electronics,12226.74,10.0,3.0,0,4.0
C187,P008,Webcam,Electronics,70915.94,6.0,1.0,0,9.0
C146,P068,Business Strategy,Books,498.54,5.0,1.0,0,15.0
C124,P017,Hoodie,Clothing,2861.01,14.0,1.0,3,4.0
C075,P058,Water Bladder,Sports,4613.62,8.0,2.0,2,0.0
C165,P011,Keyboard,Electronics,33874.18,5.0,1.0,0,2.0
C076,P039,Face Wash,Beauty,643.58,16.0,5.0,0,13.0
C121,P037,Desk Organizer,Home,2165.34,17.0,1.0,1,2.0
C047,P002,Smartphone,Electronics,39946.96,13.0,1.0,0,14.0
C142,P069,Poetry Collection,Books,184.44,16.0,4.0,0,5.0
C117,P066,Short Stories,Books,785.62,8.0,0.0,0,5.0
C220,P028,Bedsheet Set,Home,895.11,3.0,2.0,0,12.0
C083,P028,Bedsheet Set,Home,895.11,15.0,4.0,2,15.0
C112,P059,Python Basics,Books,309.77,1.0,0.0,0,13.0
C134,P039,Face Wash,Beauty,643.58,12.0,0.0,0,15.0
C113,P041,Lipstick,Beauty,1148.16,18.0,1.0,0,
C096,P044,Perfume,Beauty,848.68,14.0,2.0,0,
C046,P037,Desk Organizer,Home,2165.34,12.0,2.0,0,15.0
C160,P065,Travel Diary,Books,878.93,4.0,1.0,0,0.0
C026,P015,Cotton T-Shirt,Clothing,2327.39,10.0,3.0,3,10.0
C059,P029,Coffee Maker,Home,2524.77,4.0,1.0,0,7.0
C118,P052,Tennis Racket,Sports,206.79,16.0,5.0,2,8.0
C085,P032,Cushion Cover,Home,14519.77,6.0,1.0,0,2.0
C150,P035,Air Fryer,Home,7174.95,3.0,0.0,0,17.0
C162,P054,Gym Bag,Sports,5368.08,6.0,0.0,0,12.0
C079,P015,Cotton T-Shirt,Clothing,2327.39,13.0,5.0,0,9.0
C110,P051,Football,Sports,1718.28,8.0,1.0,0,12.0
C119,P048,Body Lotion,Beauty,790.99,7.0,0.0,0,13.0
C160,P033,Wall Clock,Home,5054.92,19.0,4.0,0,0.0
C140,P035,Air Fryer,Home,7174.95,6.0,,0,10.0
C089,P066,Short Stories,Books,785.62,20.0,5.0,0,4.0
C177,P010,Gaming Mouse,Electronics,40973.43,15.0,2.0,0,15.0
C189,P039,Face Wash,Beauty,643.58,18.0,9.0,3,14.0
C024,P052,Tennis Racket,Sports,206.79,4.0,0.0,2,17.0
C202,P030,Vacuum Cleaner,Home,10323.97,6.0,3.0,1,9.0
C031,P041,Lipstick,Beauty,1148.16,1.0,0.0,0,4.0
C033,P004,Power Bank,Electronics,63004.23,10.0,3.0,1,17.0
C025,P036,Water Bottle,Home,3043.7,11.0,0.0,0,1.0
C175,P022,Wool Sweater,Clothing,1900.72,9.0,2.0,0,16.0
C191,P067,Kids Picture Book,Books,792.09,4.0,1.0,0,1.0
C113,P066,Short Stories,Books,785.62,4.0,0.0,0,1.0
C021,P038,LED Strip,Home,7265.65,,0.0,0,10.0
C116,P009,Tablet,Electronics,12226.74,16.0,2.0,0,12.0
C194,P003,Laptop,Electronics,77385.93,6.0,1.0,2,9.0
C018,P014,Portable SSD,Electronics,74189.34,10.0,1.0,0,16.0
C115,P036,Water Bottle,Home,,10.0,4.0,0,16.0
C100,P058,Water Bladder,Sports,4613.62,17.0,3.0,2,2.0
C022,P060,Data Science Intro,Books,280.71,5.0,1.0,1,16.0
C001,P062,Self Help Guide,Books,690.76,10.0,2.0,0,3.0
C104,P045,Shampoo,Beauty,,,4.0,0,2.0
C070,P039,Face Wash,Beauty,643.58,12.0,,0,8.0
C101,P010,Gaming Mouse,Electronics,40973.43,15.0,3.0,0,17.0
C056,P042,Sunscreen,Beauty,2097.43,7.0,1.0,2,11.0
C114,P040,Moisturizer,Beauty,,8.0,1.0,0,15.0
C037,P066,Short Stories,Books,785.62,13.0,2.0,1,15.0
C020,P006,Smartwatch,Electronics,87824.51,3.0,0.0,0,0.0
C058,P014,Portable SSD,Electronics,74189.34,14.0,1.0,3,2.0
C143,P045,Shampoo,Beauty,2096.42,15.0,4.0,3,16.0
C016,P058,Water Bladder,Sports,4613.62,12.0,2.0,3,7.0
C188,P006,Smartwatch,Electronics,87824.51,8.0,1.0,0,5.0
C176,P058,Water Bladder,Sports,4613.62,4.0,0.0,0,13.0
C059,P018,Sneakers,Clothing,505.32,1.0,0.0,1,7.0
C208,P026,Raincoat,Clothing,1133.27,19.0,4.0,0,4.0
C103,P056,Cycling Helmet,Sports,6277.72,3.0,0.0,2,13.0
C220,P024,Socks Pack,Clothing,4485.98,5.0,0.0,0,12.0
C130,P048,Body Lotion,Beauty,790.99,14.0,6.0,0,14.0
C068,P041,Lipstick,Beauty,1148.16,2.0,0.0,1,17.0
C017,P033,Wall Clock,Home,5054.92,5.0,2.0,0,5.0
C170,P008,Webcam,Electronics,70915.94,16.0,1.0,0,3.0
C119,P039,Face Wash,Beauty,643.58,10.0,1.0,0,13.0
C119,P062,Self Help Guide,Books,690.76,2.0,0.0,0,13.0
C120,P052,Tennis Racket,Sports,206.79,17.0,2.0,1,2.0
C062,P034,Storage Box,Home,5713.28,6.0,0.0,0,15.0
C176,P002,Smartphone,Electronics,39946.96,17.0,3.0,2,13.0
C117,P033,Wall Clock,Home,5054.92,21.0,4.0,1,5.0
C055,P017,Hoodie,Clothing,2861.01,1.0,0.0,0,12.0
C064,P003,Laptop,Electronics,77385.93,3.0,0.0,0,3.0
C054,P018,Sneakers,Clothing,505.32,4.0,0.0,0,12.0
C121,P022,Wool Sweater,Clothing,1900.72,,0.0,3,2.0
C105,P015,Cotton T-Shirt,Clothing,,1.0,0.0,3,
C021,P007,USB-C Hub,Electronics,68692.66,1.0,0.0,0,10.0
C124,P015,Cotton T-Shirt,Clothing,2327.39,20.0,8.0,2,4.0
C188,P020,Casual Shirt,Clothing,3230.99,21.0,3.0,1,5.0
C128,P015,Cotton T-Shirt,Clothing,2327.39,7.0,1.0,0,16.0
C033,P047,Nail Kit,Beauty,1028.95,1.0,0.0,0,17.0
C206,P037,Desk Organizer,Home,2165.34,5.0,3.0,2,8.0
C069,P015,Cotton T-Shirt,Clothing,2327.39,12.0,1.0,3,8.0
C132,P017,Hoodie,Clothing,2861.01,1.0,,0,2.0
C165,P020,Casual Shirt,Clothing,3230.99,4.0,1.0,0,2.0
C106,P054,Gym Bag,Sports,5368.08,4.0,0.0,0,4.0
C034,P040,Moisturizer,Beauty,1706.55,17.0,1.0,0,9.0
C152,P035,Air Fryer,Home,7174.95,17.0,3.0,0,8.0
C077,P052,Tennis Racket,Sports,206.79,7.0,1.0,0,9.0
C025,P022,Wool Sweater,Clothing,1900.72,16.0,3.0,1,1.0
C007,P015,Cotton T-Shirt,Clothing,2327.39,9.0,1.0,0,5.0
C183,P057,Running Shoes,Sports,3751.49,8.0,1.0,2,2.0
C041,P065,Travel Diary,Books,878.93,9.0,2.0,2,8.0
C094,P003,Laptop,Electronics,77385.93,,0.0,0,12.0
C040,P009,Tablet,Electronics,12226.74,9.0,2.0,0,17.0
C058,P002,Smartphone,Electronics,39946.96,12.0,0.0,1,2.0
C095,P016,Denim Jeans,Clothing,1289.75,8.0,0.0,0,15.0
C067,P026,Raincoat,Clothing,1133.27,17.0,3.0,0,9.0
C013,P016,Denim Jeans,Clothing,,19.0,2.0,3,1.0
C094,P061,Mystery Novel,Books,917.66,17.0,1.0,0,
C208,P056,Cycling Helmet,Sports,6277.72,1.0,0.0,0,4.0
C124,P063,Cookbook,Books,799.02,1.0,1.0,3,4.0
C024,P009,Tablet,Electronics,12226.74,19.0,8.0,2,17.0
C158,P038,LED Strip,Home,7265.65,16.0,1.0,0,8.0
C093,P069,Poetry Collection,Books,184.44,15.0,4.0,1,8.0
C003,P051,Football,,1718.28,9.0,2.0,0,0.0
C170,P014,Portable SSD,Electronics,74189.34,2.0,0.0,0,3.0
C029,P069,Poetry Collection,Books,184.44,12.0,2.0,0,2.0
C166,P006,Smartwatch,Electronics,87824.51,8.0,1.0,0,10.0
C027,P033,Wall Clock,Home,5054.92,8.0,3.0,0,4.0
C140,P012,Monitor,Electronics,83466.44,17.0,1.0,2,10.0
C059,P016,Denim Jeans,Clothing,1289.75,11.0,1.0,0,7.0
C021,P003,Laptop,Electronics,77385.93,11.0,1.0,1,10.0
C084,P028,Bedsheet Set,Home,895.11,10.0,1.0,0,1.0
C157,P018,Sneakers,Clothing,505.32,6.0,0.0,0,3.0
C214,P017,Hoodie,Clothing,2861.01,14.0,4.0,1,1.0
C067,P049,Yoga Mat,Sports,5506.59,15.0,3.0,1,9.0
C194,P039,Face Wash,Beauty,643.58,4.0,1.0,0,9.0
C080,P055,Resistance Bands,Sports,5684.55,15.0,2.0,1,1.0
C154,P016,Denim Jeans,Clothing,1289.75,17.0,6.0,1,14.0
C154,P039,Face Wash,Beauty,643.58,14.0,0.0,0,14.0
C079,P023,Cap,Clothing,4858.35,8.0,1.0,3,9.0
C003,P006,Smartwatch,Electronics,87824.51,8.0,0.0,0,0.0
C094,P058,Water Bladder,Sports,4613.62,1.0,0.0,0,12.0
C172,P017,Hoodie,Clothing,2861.01,5.0,1.0,0,8.0
C205,P036,Water Bottle,Home,3043.7,13.0,3.0,3,2.0
C192,P060,Data Science Intro,Books,280.71,12.0,1.0,0,2.0
C108,P038,LED Strip,Home,7265.65,3.0,0.0,0,12.0
C001,P011,Keyboard,Electronics,33874.18,3.0,0.0,0,3.0
C212,P003,Laptop,Electronics,77385.93,9.0,7.0,0,15.0
C185,P007,USB-C Hub,Electronics,68692.66,6.0,1.0,0,0.0
C164,P068,Business Strategy,Books,498.54,12.0,2.0,0,3.0
C211,P036,Water Bottle,,3043.7,11.0,2.0,0,7.0
C109,P001,Wireless Earbuds,Electronics,69835.88,16.0,4.0,3,0.0
C215,P009,Tablet,Electronics,12226.74,3.0,2.0,0,14.0
C216,P042,Sunscreen,Beauty,2097.43,16.0,4.0,0,4.0
C040,P028,Bedsheet Set,Home,,11.0,0.0,0,17.0
C054,P036,Water Bottle,Home,3043.7,13.0,3.0,1,12.0
C093,P054,Gym Bag,Sports,5368.08,2.0,0.0,0,8.0
C155,P070,Science Comics,Books,651.22,5.0,1.0,0,1.0
C151,P026,Raincoat,Clothing,1133.27,7.0,6.0,0,14.0
C105,P047,Nail Kit,Beauty,1028.95,21.0,6.0,1,17.0
C067,P046,Face Mask,Beauty,2030.43,3.0,0.0,0,9.0
C191,P062,Self Help Guide,Books,690.76,5.0,1.0,1,1.0
C173,P044,Perfume,Beauty,848.68,1.0,0.0,0,2.0
C052,P024,Socks Pack,Clothing,4485.98,14.0,0.0,3,13.0
C138,P007,USB-C Hub,Electronics,68692.66,17.0,6.0,3,14.0
C164,P049,Yoga Mat,Sports,5506.59,4.0,0.0,0,3.0
C155,P031,Cookware Set,Home,11234.24,16.0,4.0,1,1.0
C156,P055,Resistance Bands,Sports,5684.55,10.0,2.0,0,8.0
C101,P031,Cookware Set,Home,11234.24,7.0,1.0,0,17.0
C139,P052,Tennis Racket,Sports,206.79,12.0,4.0,0,5.0
C207,P031,Cookware Set,Home,11234.24,9.0,,0,6.0
C211,P052,Tennis Racket,Sports,206.79,17.0,4.0,0,7.0
C219,P024,Socks Pack,Clothing,4485.98,10.0,5.0,0,6.0
C111,P023,Cap,Clothing,4858.35,9.0,3.0,0,3.0
C129,P019,Winter Jacket,Clothing,4171.63,12.0,0.0,1,17.0
C039,P036,Water Bottle,Home,3043.7,10.0,0.0,0,16.0
C055,P046,Face Mask,Beauty,2030.43,16.0,2.0,3,12.0
C212,P031,Cookware Set,Home,,11.0,1.0,2,15.0
C119,P009,Tablet,Electronics,12226.74,13.0,6.0,0,13.0
C010,P028,Bedsheet Set,Home,895.11,21.0,10.0,0,6.0
C088,P014,Portable SSD,Electronics,74189.34,14.0,1.0,0,5.0
C098,P015,Cotton T-Shirt,Clothing,2327.39,8.0,4.0,3,2.0
C207,P051,Football,Sports,1718.28,3.0,0.0,0,6.0
C118,P024,Socks Pack,Clothing,4485.98,12.0,3.0,0,8.0
C145,P046,Face Mask,Beauty,2030.43,2.0,0.0,0,3.0
C080,P063,Cookbook,Books,799.02,17.0,2.0,0,1.0
C093,P034,Storage Box,Home,5713.28,17.0,3.0,3,8.0
C113,P016,Denim Jeans,Clothing,1289.75,3.0,0.0,0,1.0
C007,P003,Laptop,Electronics,77385.93,3.0,3.0,0,5.0
C145,P063,Cookbook,Books,799.02,1.0,0.0,2,3.0
C157,P069,Poetry Collection,Books,184.44,16.0,3.0,0,3.0
C147,P042,Sunscreen,Beauty,2097.43,14.0,2.0,0,2.0
C034,P002,Smartphone,Electronics,39946.96,15.0,1.0,0,9.0
C064,P060,Data Science Intro,Books,280.71,14.0,1.0,0,3.0
C168,P031,Cookware Set,Home,11234.24,13.0,2.0,0,0.0
C001,P053,Skipping Rope,Sports,6326.36,7.0,0.0,0,3.0
C100,P060,Data Science Intro,Books,280.71,11.0,2.0,0,2.0
C136,P066,Short Stories,Books,785.62,8.0,1.0,0,16.0
C035,P037,Desk Organizer,Home,2165.34,18.0,5.0,0,8.0
C049,P009,Tablet,Electronics,12226.74,,5.0,1,11.0
C168,P009,Tablet,Electronics,12226.74,7.0,2.0,0,0.0
C186,P035,Air Fryer,Home,7174.95,2.0,1.0,1,16.0
C188,P016,Denim Jeans,Clothing,1289.75,20.0,3.0,2,5.0
C108,P051,Football,Sports,1718.28,17.0,5.0,0,12.0
C172,P052,Tennis Racket,Sports,206.79,8.0,1.0,2,8.0
C120,P067,Kids Picture Book,Books,792.09,12.0,1.0,2,2.0
C220,P026,Raincoat,Clothing,1133.27,8.0,3.0,0,12.0
C043,P016,Denim Jeans,Clothing,1289.75,4.0,0.0,0,6.0
C210,P025,Belt,Clothing,3935.24,7.0,2.0,0,16.0
C050,P069,Poetry Collection,Books,184.44,10.0,2.0,0,13.0
C128,P050,Dumbbells,Sports,1246.06,9.0,2.0,0,16.0
C097,P006,Smartwatch,Electronics,87824.51,,0.0,0,5.0
C003,P065,Travel Diary,Books,878.93,5.0,0.0,0,0.0
C158,P052,Tennis Racket,Sports,206.79,3.0,0.0,0,8.0
C006,P050,Dumbbells,Sports,1246.06,5.0,1.0,0,12.0
C141,P002,Smartphone,Electronics,39946.96,9.0,1.0,0,0.0
C131,P069,Poetry Collection,Books,184.44,1.0,0.0,0,11.0
C201,P008,Webcam,Electronics,70915.94,10.0,3.0,0,6.0
C071,P017,Hoodie,Clothing,2861.01,12.0,2.0,2,11.0
C202,P052,Tennis Racket,Sports,206.79,9.0,3.0,0,9.0
C175,P042,Sunscreen,Beauty,2097.43,4.0,0.0,0,16.0
C061,P048,Body Lotion,Beauty,790.99,12.0,1.0,2,14.0
C216,P038,LED Strip,Home,7265.65,16.0,0.0,3,4.0
C166,P067,Kids Picture Book,Books,792.09,16.0,4.0,0,10.0
C022,P010,Gaming Mouse,Electronics,40973.43,2.0,0.0,0,16.0
C049,P031,Cookware Set,Home,11234.24,2.0,0.0,3,11.0
C056,P004,Power Bank,Electronics,63004.23,12.0,2.0,2,11.0
C209,P056,Cycling Helmet,Sports,6277.72,8.0,1.0,1,16.0
C073,P031,Cookware Set,Home,11234.24,9.0,1.0,0,15.0
C130,P042,Sunscreen,Beauty,2097.43,7.0,3.0,0,14.0
C218,P005,Bluetooth Speaker,Electronics,9199.62,8.0,0.0,2,0.0
C109,P034,Storage Box,Home,5713.28,4.0,3.0,1,
C123,P067,Kids Picture Book,Books,792.09,4.0,0.0,2,16.0
C020,P069,Poetry Collection,Books,184.44,12.0,2.0,0,0.0
C098,P070,Science Comics,Books,651.22,4.0,0.0,0,2.0
C205,P004,Power Bank,Electronics,63004.23,14.0,0.0,0,2.0
C020,P019,Winter Jacket,Clothing,4171.63,7.0,2.0,0,0.0
C050,P002,Smartphone,Electronics,39946.96,12.0,2.0,0,13.0
C036,P029,Coffee Maker,Home,2524.77,5.0,0.0,2,12.0
C187,P013,Headphones,Electronics,58231.77,17.0,2.0,3,9.0
C092,P028,Bedsheet Set,Home,895.11,13.0,0.0,0,7.0
C157,P031,Cookware Set,Home,11234.24,13.0,5.0,0,3.0
C152,P051,Football,Sports,1718.28,4.0,2.0,0,8.0
C215,P067,Kids Picture Book,Books,792.09,3.0,1.0,0,14.0
C183,P030,Vacuum Cleaner,Home,10323.97,20.0,7.0,0,2.0
C066,P017,Hoodie,Clothing,2861.01,5.0,3.0,0,5.0
C209,P024,Socks Pack,Clothing,4485.98,5.0,0.0,3,16.0
C074,P016,Denim Jeans,Clothing,1289.75,15.0,0.0,0,6.0
C191,P067,Kids Picture Book,Books,792.09,11.0,,0,1.0
C147,P059,Python Basics,Books,309.77,18.0,4.0,0,2.0
C077,P046,Face Mask,Beauty,2030.43,21.0,7.0,3,9.0
C129,P061,Mystery Novel,Books,917.66,12.0,4.0,1,17.0
C169,P009,Tablet,Electronics,12226.74,9.0,0.0,0,17.0
C091,P009,Tablet,Electronics,12226.74,1.0,1.0,3,14.0
C133,P049,Yoga Mat,Sports,5506.59,6.0,0.0,0,11.0
C205,P042,Sunscreen,Beauty,2097.43,6.0,1.0,0,2.0
C064,P042,Sunscreen,Beauty,2097.43,7.0,2.0,0,3.0
C070,P033,Wall Clock,Home,5054.92,11.0,0.0,0,8.0
C148,P039,Face Wash,Beauty,643.58,4.0,2.0,0,15.0
C034,P004,Power Bank,Electronics,63004.23,17.0,5.0,1,9.0
C063,P046,Face Mask,Beauty,2030.43,2.0,,0,8.0
C035,P016,Denim Jeans,Clothing,1289.75,7.0,1.0,2,8.0
C129,P032,Cushion Cover,Home,14519.77,12.0,1.0,0,17.0
C100,P011,Keyboard,Electronics,33874.18,17.0,2.0,0,2.0
C149,P002,Smartphone,Electronics,39946.96,7.0,1.0,1,9.0
C127,P027,Table Lamp,Home,7133.13,,0.0,0,17.0
C146,P046,Face Mask,Beauty,2030.43,5.0,0.0,1,15.0
C214,P016,Denim Jeans,Clothing,1289.75,11.0,2.0,0,1.0
C148,P006,Smartwatch,Electronics,87824.51,15.0,2.0,1,15.0
C105,P002,Smartphone,Electronics,39946.96,14.0,0.0,0,17.0
C003,P028,Bedsheet Set,Home,895.11,15.0,2.0,0,0.0
C173,P059,Python Basics,Books,309.77,16.0,5.0,0,2.0
C097,P029,Coffee Maker,Home,2524.77,1.0,0.0,0,5.0
C199,P043,Hair Serum,Beauty,1779.64,3.0,0.0,0,11.0
C100,P033,Wall Clock,Home,5054.92,21.0,4.0,0,2.0
C036,P014,Portable SSD,Electronics,74189.34,,0.0,0,12.0
C163,P036,Water Bottle,Home,3043.7,,4.0,2,16.0
C074,P043,Hair Serum,Beauty,,10.0,4.0,0,6.0
C130,P011,Keyboard,Electronics,33874.18,6.0,4.0,1,14.0
C055,P040,Moisturizer,Beauty,1706.55,11.0,2.0,0,12.0
C213,P051,Football,Sports,1718.28,12.0,7.0,0,10.0
C025,P024,Socks Pack,Clothing,4485.98,12.0,2.0,0,1.0
C010,P012,Monitor,Electronics,83466.44,12.0,1.0,1,6.0
C140,P063,Cookbook,Books,799.02,11.0,2.0,0,10.0
C034,P032,Cushion Cover,Home,14519.77,14.0,2.0,0,9.0
C079,P031,Cookware Set,Home,11234.24,3.0,2.0,0,9.0
C075,P025,Belt,Clothing,3935.24,7.0,1.0,0,0.0
C020,P021,Sports Shorts,Clothing,3837.82,17.0,0.0,0,0.0
C001,P023,Cap,Clothing,4858.35,14.0,3.0,0,3.0
C088,P049,Yoga Mat,Sports,5506.59,14.0,7.0,0,5.0
C118,P010,Gaming Mouse,Electronics,40973.43,16.0,6.0,0,8.0
C163,P028,Bedsheet Set,Home,895.11,12.0,3.0,0,16.0
C192,P009,Tablet,Electronics,12226.74,15.0,0.0,3,2.0
C146,P055,Resistance Bands,Sports,5684.55,7.0,0.0,0,15.0
C036,P047,Nail Kit,Beauty,1028.95,7.0,1.0,0,12.0
C210,P049,Yoga Mat,Sports,5506.59,12.0,4.0,0,16.0
C061,P003,Laptop,Electronics,77385.93,14.0,1.0,0,14.0
C132,P057,Running Shoes,Sports,3751.49,16.0,3.0,0,2.0
C061,P006,Smartwatch,Electronics,87824.51,4.0,0.0,0,14.0
C049,P055,Resistance Bands,Sports,5684.55,12.0,5.0,0,11.0
C106,P016,Denim Jeans,Clothing,1289.75,10.0,0.0,0,4.0
C127,P045,Shampoo,Beauty,2096.42,8.0,0.0,0,17.0
C176,P056,Cycling Helmet,Sports,6277.72,3.0,0.0,0,13.0
C015,P037,Desk Organizer,Home,2165.34,16.0,1.0,0,17.0
C205,P058,Water Bladder,Sports,4613.62,7.0,2.0,0,
C028,P048,Body Lotion,Beauty,790.99,7.0,,0,14.0
C138,P035,Air Fryer,Home,7174.95,16.0,4.0,3,14.0
C158,P056,Cycling Helmet,Sports,6277.72,12.0,0.0,0,8.0
C045,P069,Poetry Collection,Books,184.44,6.0,0.0,0,14.0
C017,P032,Cushion Cover,Home,14519.77,13.0,7.0,2,5.0
C127,P013,Headphones,Electronics,58231.77,16.0,1.0,1,17.0
C006,P020,Casual Shirt,Clothing,3230.99,19.0,3.0,2,12.0
C050,P029,Coffee Maker,Home,2524.77,10.0,1.0,0,13.0
C049,P012,Monitor,Electronics,83466.44,17.0,3.0,0,11.0
C088,P021,Sports Shorts,Clothing,3837.82,9.0,1.0,0,5.0
C091,P053,Skipping Rope,Sports,6326.36,9.0,,0,14.0
C016,P067,Kids Picture Book,Books,792.09,8.0,2.0,0,7.0
C089,P026,Raincoat,Clothing,1133.27,9.0,0.0,0,4.0
C134,P020,Casual Shirt,Clothing,,7.0,0.0,0,15.0
C129,P001,Wireless Earbuds,Electronics,69835.88,16.0,3.0,3,17.0
C041,P065,Travel Diary,Books,878.93,17.0,2.0,0,8.0
C064,P069,Poetry Collection,Books,184.44,17.0,2.0,0,3.0
C083,P057,Running Shoes,Sports,3751.49,7.0,,3,15.0
C089,P044,Perfume,Beauty,848.68,14.0,0.0,0,4.0
C083,P036,Water Bottle,Home,,7.0,0.0,0,15.0
C198,P045,Shampoo,Beauty,2096.42,11.0,1.0,0,9.0
C134,P035,Air Fryer,Home,7174.95,6.0,1.0,0,15.0
C135,P012,Monitor,Electronics,83466.44,5.0,2.0,0,17.0
C057,P057,Running Shoes,Sports,3751.49,11.0,4.0,0,11.0
C053,P069,Poetry Collection,Books,184.44,,0.0,0,13.0
C076,P048,Body Lotion,Beauty,790.99,1.0,0.0,0,13.0
C122,P030,Vacuum Cleaner,Home,10323.97,8.0,1.0,0,6.0
C072,P022,Wool Sweater,Clothing,1900.72,17.0,2.0,0,15.0
C106,P046,Face Mask,Beauty,2030.43,12.0,1.0,0,4.0
C168,P055,Resistance Bands,Sports,5684.55,6.0,0.0,0,0.0
C201,P056,Cycling Helmet,Sports,6277.72,6.0,1.0,0,6.0
C095,P023,Cap,Clothing,4858.35,13.0,0.0,2,15.0
C113,P029,Coffee Maker,Home,2524.77,16.0,2.0,1,1.0
C121,P004,Power Bank,Electronics,63004.23,8.0,1.0,0,2.0
C113,P064,History of AI,Books,1028.75,8.0,1.0,0,1.0
C173,P038,LED Strip,Home,7265.65,6.0,2.0,0,2.0
C100,P040,Moisturizer,Beauty,1706.55,17.0,4.0,3,2.0
C219,P024,Socks Pack,Clothing,4485.98,15.0,0.0,0,6.0
C059,P052,Tennis Racket,Sports,206.79,9.0,1.0,0,7.0
C207,P007,USB-C Hub,Electronics,68692.66,14.0,0.0,0,6.0
C103,P069,Poetry Collection,Books,184.44,11.0,4.0,1,13.0
C183,P031,Cookware Set,Home,11234.24,18.0,1.0,0,
C192,P011,Keyboard,Electronics,33874.18,9.0,1.0,0,2.0
C166,P031,Cookware Set,Home,11234.24,,0.0,0,10.0
C156,P065,Travel Diary,Books,878.93,4.0,0.0,0,8.0
C104,P011,Keyboard,Electronics,33874.18,14.0,1.0,0,2.0
C009,P013,Headphones,Electronics,58231.77,13.0,1.0,1,5.0
C079,P045,Shampoo,Beauty,2096.42,14.0,2.0,0,9.0
C191,P035,Air Fryer,Home,7174.95,6.0,0.0,2,1.0
C102,P058,Water Bladder,Sports,4613.62,17.0,2.0,0,7.0
C216,P023,Cap,,4858.35,8.0,0.0,0,4.0
C172,P005,Bluetooth Speaker,Electronics,9199.62,1.0,0.0,0,8.0
C185,P064,History of AI,Books,1028.75,8.0,1.0,0,0.0
C136,P068,Business Strategy,Books,498.54,7.0,1.0,0,16.0
C131,P015,Cotton T-Shirt,Clothing,2327.39,15.0,5.0,0,11.0
C123,P050,Dumbbells,Sports,1246.06,11.0,4.0,0,16.0
C050,P002,Smartphone,Electronics,39946.96,10.0,2.0,0,13.0
C049,P006,Smartwatch,Electronics,87824.51,10.0,5.0,3,11.0
C050,P059,Python Basics,Books,309.77,8.0,4.0,1,13.0
C028,P030,Vacuum Cleaner,Home,10323.97,10.0,1.0,0,14.0
C113,P021,Sports Shorts,Clothing,3837.82,16.0,2.0,0,1.0
C045,P031,Cookware Set,Home,11234.24,18.0,7.0,3,14.0
C086,P051,Football,Sports,1718.28,14.0,0.0,0,6.0
C056,P066,Short Stories,Books,785.62,9.0,0.0,0,11.0
C089,P060,Data Science Intro,Books,280.71,13.0,4.0,0,4.0
C066,P058,Water Bladder,Sports,4613.62,8.0,1.0,0,5.0
C173,P047,Nail Kit,Beauty,1028.95,14.0,,0,2.0
C040,P063,Cookbook,Books,799.02,19.0,,0,17.0
C187,P002,Smartphone,Electronics,39946.96,13.0,3.0,0,9.0
C196,P070,Science Comics,Books,651.22,11.0,0.0,0,9.0
C082,P065,Travel Diary,Books,878.93,12.0,0.0,0,0.0
C199,P066,Short Stories,Books,785.62,6.0,1.0,0,11.0
C013,P032,Cushion Cover,Home,14519.77,11.0,2.0,0,1.0
C102,P020,Casual Shirt,Clothing,3230.99,16.0,0.0,0,7.0
C093,P061,Mystery Novel,Books,917.66,13.0,3.0,2,8.0
C177,P032,Cushion Cover,Home,14519.77,12.0,0.0,0,15.0
C042,P038,LED Strip,Home,7265.65,10.0,0.0,0,
C144,P039,Face Wash,Beauty,643.58,10.0,0.0,0,8.0
C056,P046,Face Mask,Beauty,2030.43,4.0,1.0,1,11.0
C098,P025,Belt,Clothing,3935.24,,4.0,0,2.0
C017,P004,Power Bank,Electronics,63004.23,1.0,0.0,0,5.0
C119,P064,History of AI,Books,1028.75,16.0,8.0,0,13.0
C023,P048,Body Lotion,Beauty,790.99,15.0,1.0,0,16.0
C153,P003,Laptop,Electronics,77385.93,2.0,0.0,3,1.0
C150,P009,Tablet,Electronics,12226.74,9.0,1.0,2,17.0
C053,P055,Resistance Bands,Sports,5684.55,9.0,2.0,0,13.0
C121,P003,Laptop,Electronics,77385.93,8.0,2.0,3,2.0
C176,P005,Bluetooth Speaker,Electronics,9199.62,15.0,6.0,3,13.0
C168,P047,Nail Kit,Beauty,1028.95,,0.0,0,0.0
C047,P022,Wool Sweater,Clothing,1900.72,16.0,2.0,0,14.0
C174,P018,Sneakers,Clothing,505.32,6.0,2.0,0,14.0
C060,P021,Sports Shorts,Clothing,3837.82,10.0,1.0,0,4.0
C071,P062,Self Help Guide,Books,690.76,8.0,2.0,0,11.0
C033,P032,Cushion Cover,Home,14519.77,1.0,0.0,0,17.0
C007,P064,History of AI,Books,1028.75,3.0,0.0,0,5.0
C185,P067,Kids Picture Book,,792.09,11.0,1.0,0,0.0
C009,P065,Travel Diary,Books,878.93,14.0,2.0,0,5.0
C101,P002,Smartphone,Electronics,39946.96,5.0,0.0,0,17.0
C068,P050,Dumbbells,Sports,1246.06,7.0,0.0,0,17.0
C193,P015,Cotton T-Shirt,Clothing,2327.39,17.0,2.0,1,4.0
C086,P030,Vacuum Cleaner,Home,10323.97,6.0,0.0,0,6.0
C094,P065,Travel Diary,Books,878.93,8.0,2.0,0,12.0
C068,P025,Belt,Clothing,3935.24,11.0,0.0,0,17.0
C024,P030,Vacuum Cleaner,Home,10323.97,12.0,0.0,3,17.0
C065,P030,Vacuum Cleaner,Home,10323.97,9.0,3.0,0,2.0
C089,P005,Bluetooth Speaker,Electronics,9199.62,7.0,0.0,0,4.0
C077,P041,Lipstick,Beauty,1148.16,13.0,5.0,3,
C048,P010,Gaming Mouse,Electronics,40973.43,4.0,0.0,0,1.0
C104,P017,Hoodie,Clothing,2861.01,3.0,0.0,0,2.0
C171,P033,Wall Clock,Home,5054.92,16.0,4.0,2,11.0
C043,P026,Raincoat,Clothing,1133.27,9.0,2.0,1,6.0
C115,P067,Kids Picture Book,Books,792.09,9.0,5.0,0,16.0
C133,P045,Shampoo,Beauty,2096.42,10.0,1.0,1,11.0
C135,P001,Wireless Earbuds,Electronics,69835.88,14.0,1.0,0,17.0
C146,P020,Casual Shirt,Clothing,3230.99,1.0,0.0,0,15.0
C140,P021,Sports Shorts,Clothing,3837.82,6.0,3.0,1,10.0
C173,P006,Smartwatch,Electronics,87824.51,7.0,2.0,0,2.0
C157,P030,Vacuum Cleaner,Home,10323.97,7.0,1.0,3,3.0
C205,P069,Poetry Collection,Books,184.44,,2.0,0,
C002,P027,Table Lamp,Home,7133.13,17.0,3.0,0,11.0
C173,P003,Laptop,Electronics,77385.93,13.0,6.0,1,2.0
C136,P053,Skipping Rope,Sports,6326.36,12.0,4.0,0,16.0
C116,P026,Raincoat,Clothing,1133.27,18.0,3.0,0,12.0
C074,P053,Skipping Rope,Sports,,1.0,1.0,0,6.0
C198,P017,Hoodie,Clothing,2861.01,8.0,1.0,2,9.0
C178,P054,Gym Bag,Sports,5368.08,5.0,1.0,0,9.0
C196,P044,Perfume,Beauty,848.68,9.0,1.0,0,
C156,P062,Self Help Guide,Books,690.76,13.0,2.0,1,8.0
C020,P050,Dumbbells,Sports,1246.06,9.0,0.0,0,0.0
C068,P005,Bluetooth Speaker,Electronics,9199.62,11.0,1.0,0,17.0
C092,P060,Data Science Intro,Books,280.71,5.0,0.0,0,7.0
C180,P032,Cushion Cover,Home,14519.77,10.0,2.0,0,7.0
C139,P069,Poetry Collection,Books,184.44,6.0,1.0,2,5.0
C108,P015,Cotton T-Shirt,Clothing,2327.39,17.0,4.0,0,
C049,P052,Tennis Racket,Sports,206.79,10.0,3.0,0,11.0
C026,P009,Tablet,Electronics,12226.74,6.0,0.0,0,10.0
C045,P043,Hair Serum,Beauty,1779.64,4.0,1.0,0,14.0
C181,P053,Skipping Rope,Sports,6326.36,20.0,7.0,3,5.0
C011,P061,Mystery Novel,Books,917.66,8.0,0.0,0,8.0
C038,P029,Coffee Maker,Home,2524.77,15.0,1.0,2,3.0
C126,P070,Science Comics,Books,651.22,11.0,2.0,0,9.0
C118,P058,Water Bladder,Sports,4613.62,9.0,5.0,0,8.0
C190,P017,Hoodie,Clothing,2861.01,10.0,1.0,2,9.0
C039,P026,Raincoat,Clothing,1133.27,17.0,2.0,0,16.0
C089,P057,Running Shoes,Sports,3751.49,4.0,0.0,0,4.0
C076,P044,Perfume,Beauty,848.68,7.0,1.0,0,13.0
C072,P035,Air Fryer,Home,7174.95,16.0,1.0,0,15.0
C003,P040,Moisturizer,Beauty,1706.55,8.0,0.0,0,0.0
C080,P062,Self Help Guide,Books,690.76,17.0,1.0,2,1.0
C106,P037,Desk Organizer,Home,2165.34,4.0,0.0,1,4.0
C066,P012,Monitor,Electronics,83466.44,17.0,3.0,0,5.0
C121,P008,Webcam,Electronics,70915.94,12.0,1.0,0,2.0
C057,P050,Dumbbells,Sports,1246.06,13.0,4.0,0,11.0
C068,P006,Smartwatch,Electronics,87824.51,11.0,0.0,0,17.0
C204,P069,Poetry Collection,Books,184.44,13.0,3.0,1,9.0
C199,P011,Keyboard,Electronics,33874.18,11.0,0.0,0,
C031,P062,Self Help Guide,Books,,11.0,3.0,2,4.0
C064,P063,Cookbook,Books,799.02,1.0,0.0,0,3.0
C062,P013,Headphones,Electronics,58231.77,17.0,3.0,3,15.0
C005,P045,Shampoo,Beauty,2096.42,11.0,3.0,0,2.0
C212,P061,Mystery Novel,Books,917.66,6.0,0.0,0,15.0
C065,P005,Bluetooth Speaker,Electronics,9199.62,11.0,2.0,1,2.0
C116,P050,Dumbbells,Sports,1246.06,3.0,0.0,0,12.0
C148,P040,Moisturizer,Beauty,1706.55,7.0,1.0,0,15.0
C076,P066,Short Stories,Books,785.62,21.0,10.0,1,13.0
C022,P007,USB-C Hub,Electronics,68692.66,14.0,1.0,0,16.0
C194,P017,Hoodie,Clothing,2861.01,18.0,9.0,0,9.0
C006,P019,Winter Jacket,Clothing,4171.63,10.0,3.0,0,12.0
C129,P062,Self Help Guide,Books,690.76,20.0,7.0,2,17.0
C072,P062,Self Help Guide,Books,690.76,7.0,3.0,0,15.0
C132,P039,Face Wash,Beauty,643.58,,2.0,0,2.0
C129,P012,Monitor,Electronics,83466.44,6.0,1.0,0,17.0
C012,P003,Laptop,Electronics,77385.93,7.0,0.0,0,9.0
C208,P004,Power Bank,Electronics,63004.23,5.0,1.0,0,4.0
C145,P051,Football,Sports,1718.28,6.0,1.0,0,3.0
C135,P027,Table Lamp,Home,7133.13,16.0,5.0,0,17.0
C033,P062,Self Help Guide,Books,690.76,,2.0,3,
C116,P029,Coffee Maker,Home,2524.77,13.0,1.0,0,12.0
C051,P052,Tennis Racket,Sports,206.79,9.0,1.0,0,10.0
C070,P048,Body Lotion,Beauty,790.99,7.0,5.0,0,
C116,P042,Sunscreen,Beauty,2097.43,10.0,3.0,2,12.0
C025,P042,Sunscreen,Beauty,2097.43,13.0,11.0,3,1.0
C134,P006,Smartwatch,Electronics,87824.51,3.0,1.0,0,15.0
C142,P035,Air Fryer,Home,7174.95,14.0,3.0,0,5.0
C024,P056,Cycling Helmet,Sports,6277.72,10.0,0.0,0,17.0
C002,P013,Headphones,Electronics,58231.77,14.0,4.0,2,11.0
C093,P044,Perfume,Beauty,848.68,2.0,0.0,0,
C097,P063,Cookbook,Books,799.02,12.0,4.0,2,5.0
C086,P025,Belt,Clothing,3935.24,2.0,0.0,0,6.0
C191,P054,Gym Bag,Sports,5368.08,5.0,0.0,0,1.0
C127,P036,Water Bottle,Home,3043.7,17.0,3.0,0,17.0
C013,P063,Cookbook,Books,799.02,3.0,0.0,0,
C015,P047,Nail Kit,Beauty,,2.0,1.0,0,17.0
C126,P005,Bluetooth Speaker,Electronics,9199.62,17.0,4.0,0,9.0
C003,P041,Lipstick,Beauty,1148.16,9.0,0.0,0,0.0
C092,P013,Headphones,Electronics,58231.77,13.0,0.0,0,7.0
C111,P011,Keyboard,Electronics,33874.18,7.0,1.0,0,3.0
C104,P018,Sneakers,Clothing,505.32,10.0,3.0,0,2.0
C132,P063,Cookbook,Books,799.02,6.0,1.0,0,2.0
C006,P027,Table Lamp,Home,7133.13,3.0,1.0,0,
C027,P034,Storage Box,Home,5713.28,1.0,0.0,0,4.0
C018,P018,Sneakers,Clothing,505.32,1.0,0.0,3,16.0
C217,P050,Dumbbells,Sports,1246.06,12.0,0.0,0,13.0
C107,P070,Science Comics,Books,651.22,2.0,1.0,0,10.0
C021,P049,Yoga Mat,Sports,5506.59,5.0,1.0,0,
C028,P012,Monitor,,83466.44,4.0,0.0,0,14.0
C029,P039,Face Wash,Beauty,643.58,9.0,1.0,0,2.0
C163,P027,Table Lamp,Home,7133.13,7.0,0.0,1,16.0
C040,P042,Sunscreen,Beauty,2097.43,1.0,1.0,0,17.0
C072,P016,Denim Jeans,Clothing,1289.75,7.0,2.0,0,15.0
C165,P041,Lipstick,Beauty,1148.16,16.0,2.0,3,2.0
C038,P052,Tennis Racket,Sports,206.79,7.0,1.0,0,3.0
C098,P054,Gym Bag,Sports,5368.08,15.0,5.0,1,2.0
C081,P059,Python Basics,Books,309.77,11.0,1.0,3,0.0
C218,P012,Monitor,Electronics,83466.44,12.0,1.0,0,0.0
C077,P068,Business Strategy,Books,498.54,8.0,1.0,0,9.0
C016,P051,Football,Sports,1718.28,7.0,2.0,0,7.0
C007,P037,Desk Organizer,Home,2165.34,15.0,2.0,3,5.0
C114,P022,Wool Sweater,Clothing,1900.72,17.0,0.0,0,15.0
C144,P049,Yoga Mat,Sports,5506.59,14.0,1.0,0,8.0
C171,P017,Hoodie,Clothing,2861.01,8.0,3.0,0,11.0
C098,P015,Cotton T-Shirt,Clothing,2327.39,18.0,11.0,0,2.0
C020,P033,Wall Clock,Home,5054.92,8.0,1.0,0,0.0
C036,P063,Cookbook,Books,799.02,5.0,1.0,3,12.0
C188,P054,Gym Bag,Sports,5368.08,13.0,1.0,0,5.0
C155,P041,Lipstick,Beauty,1148.16,3.0,1.0,3,1.0
C083,P038,LED Strip,Home,7265.65,17.0,3.0,1,15.0
C210,P059,Python Basics,Books,309.77,4.0,1.0,0,16.0
C137,P011,Keyboard,Electronics,33874.18,1.0,0.0,0,1.0
C109,P046,Face Mask,Beauty,2030.43,15.0,5.0,0,0.0
C140,P029,Coffee Maker,Home,2524.77,16.0,2.0,0,10.0
C186,P028,Bedsheet Set,Home,895.11,16.0,0.0,0,16.0
C186,P015,Cotton T-Shirt,Clothing,2327.39,12.0,3.0,0,16.0
C174,P044,Perfume,Beauty,848.68,19.0,5.0,0,14.0
C095,P017,Hoodie,Clothing,2861.01,4.0,0.0,2,15.0
C151,P047,Nail Kit,Beauty,1028.95,8.0,1.0,0,14.0
C124,P026,Raincoat,Clothing,1133.27,5.0,2.0,0,4.0
C097,P034,Storage Box,Home,5713.28,3.0,1.0,0,5.0
C024,P068,Business Strategy,Books,498.54,12.0,3.0,0,17.0
C024,P041,Lipstick,Beauty,1148.16,16.0,2.0,0,17.0
C094,P070,Science Comics,Books,651.22,20.0,2.0,3,12.0
C191,P065,Travel Diary,Books,878.93,8.0,0.0,0,1.0
C040,P010,Gaming Mouse,Electronics,40973.43,1.0,0.0,0,17.0
C151,P024,Socks Pack,Clothing,4485.98,11.0,3.0,0,14.0
C044,P026,Raincoat,Clothing,1133.27,9.0,2.0,3,2.0
C002,P002,Smartphone,Electronics,39946.96,13.0,2.0,3,11.0
C048,P044,Perfume,Beauty,848.68,10.0,1.0,0,1.0
C042,P063,Cookbook,Books,799.02,12.0,2.0,0,2.0
C156,P045,Shampoo,Beauty,2096.42,10.0,1.0,1,8.0
C045,P018,Sneakers,Clothing,505.32,7.0,,0,14.0
C110,P028,Bedsheet Set,Home,895.11,4.0,0.0,0,12.0
C024,P065,Travel Diary,Books,878.93,13.0,1.0,0,17.0
C215,P041,Lipstick,Beauty,1148.16,14.0,2.0,3,14.0
C053,P057,Running Shoes,Sports,3751.49,2.0,0.0,0,13.0
C009,P036,Water Bottle,Home,3043.7,,0.0,0,5.0
C177,P003,Laptop,Electronics,77385.93,8.0,1.0,0,15.0
C161,P030,Vacuum Cleaner,Home,10323.97,6.0,1.0,0,14.0
C162,P002,Smartphone,Electronics,39946.96,17.0,3.0,3,12.0
C177,P013,Headphones,Electronics,58231.77,8.0,0.0,0,15.0
C010,P044,Perfume,Beauty,848.68,14.0,3.0,0,6.0
C198,P003,Laptop,Electronics,77385.93,15.0,6.0,2,9.0
C129,P032,Cushion Cover,Home,14519.77,17.0,7.0,2,17.0
C083,P057,Running Shoes,Sports,3751.49,14.0,5.0,0,15.0
C079,P049,Yoga Mat,Sports,5506.59,5.0,0.0,3,9.0
C129,P037,Desk Organizer,Home,2165.34,13.0,,0,17.0
C071,P070,Science Comics,Books,651.22,4.0,0.0,0,11.0
C144,P010,Gaming Mouse,Electronics,40973.43,11.0,1.0,0,8.0
C056,P024,Socks Pack,Clothing,4485.98,,,0,11.0
C040,P042,Sunscreen,Beauty,2097.43,16.0,3.0,1,17.0
C039,P012,Monitor,Electronics,83466.44,15.0,3.0,3,16.0
C069,P033,Wall Clock,Home,5054.92,8.0,2.0,0,8.0
C033,P064,History of AI,Books,1028.75,12.0,1.0,0,17.0
C090,P028,Bedsheet Set,Home,895.11,3.0,0.0,0,14.0
C109,P020,Casual Shirt,Clothing,3230.99,17.0,2.0,0,0.0
C210,P031,Cookware Set,Home,11234.24,7.0,1.0,0,16.0
C165,P035,Air Fryer,Home,7174.95,5.0,0.0,0,2.0
C184,P041,Lipstick,Beauty,1148.16,7.0,0.0,0,17.0
C025,P049,Yoga Mat,Sports,5506.59,15.0,1.0,0,1.0
C155,P044,Perfume,Beauty,848.68,4.0,0.0,0,1.0
C219,P059,Python Basics,Books,309.77,17.0,2.0,0,6.0
C022,P002,Smartphone,Electronics,39946.96,6.0,0.0,0,16.0
C145,P030,Vacuum Cleaner,Home,10323.97,17.0,5.0,0,3.0
C008,P058,Water Bladder,Sports,4613.62,16.0,2.0,1,11.0
C161,P018,Sneakers,Clothing,505.32,12.0,2.0,0,14.0
C146,P006,Smartwatch,Electronics,87824.51,,1.0,0,15.0
C092,P023,Cap,Clothing,4858.35,1.0,1.0,0,7.0
C095,P047,Nail Kit,Beauty,1028.95,8.0,0.0,0,15.0
C110,P009,Tablet,Electronics,12226.74,21.0,4.0,0,12.0
C024,P024,Socks Pack,Clothing,4485.98,9.0,1.0,3,17.0
C075,P059,Python Basics,Books,309.77,13.0,1.0,0,
C211,P029,Coffee Maker,Home,2524.77,13.0,8.0,2,7.0
C169,P070,Science Comics,Books,651.22,8.0,0.0,2,17.0
C104,P068,Business Strategy,Books,498.54,17.0,2.0,0,2.0
C082,P027,Table Lamp,Home,7133.13,3.0,0.0,0,0.0
C213,P032,Cushion Cover,Home,14519.77,2.0,0.0,0,10.0
C036,P013,Headphones,Electronics,58231.77,17.0,0.0,1,12.0
C183,P060,Data Science Intro,Books,280.71,17.0,1.0,3,2.0
C115,P024,Socks Pack,Clothing,4485.98,14.0,3.0,0,16.0
C044,P016,Denim Jeans,Clothing,1289.75,1.0,0.0,2,2.0
C162,P057,Running Shoes,Sports,3751.49,7.0,0.0,0,12.0
C026,P031,Cookware Set,Home,11234.24,4.0,1.0,0,10.0
C005,P065,Travel Diary,Books,878.93,9.0,4.0,0,2.0
C197,P070,Science Comics,Books,651.22,3.0,0.0,0,12.0
C027,P002,Smartphone,Electronics,39946.96,,1.0,0,4.0
C055,P037,Desk Organizer,Home,2165.34,10.0,1.0,3,12.0
C002,P007,USB-C Hub,Electronics,68692.66,1.0,0.0,0,11.0
C183,P040,Moisturizer,Beauty,1706.55,4.0,0.0,0,2.0
C182,P063,Cookbook,Books,799.02,6.0,0.0,0,12.0
C129,P056,Cycling Helmet,,6277.72,7.0,0.0,3,17.0
C051,P030,Vacuum Cleaner,Home,10323.97,1.0,0.0,0,10.0
C090,P020,Casual Shirt,Clothing,3230.99,9.0,4.0,0,14.0
C059,P056,Cycling Helmet,Sports,6277.72,6.0,0.0,0,7.0
C186,P060,Data Science Intro,Books,280.71,1.0,0.0,3,16.0
C184,P037,Desk Organizer,Home,2165.34,20.0,4.0,0,17.0
C019,P066,Short Stories,Books,,8.0,1.0,0,15.0
C069,P009,Tablet,Electronics,12226.74,8.0,1.0,0,8.0
C092,P052,Tennis Racket,Sports,206.79,2.0,0.0,0,7.0
C038,P010,Gaming Mouse,Electronics,40973.43,8.0,6.0,0,3.0
C196,P041,Lipstick,Beauty,1148.16,9.0,2.0,0,9.0
C140,P017,Hoodie,Clothing,2861.01,17.0,3.0,0,10.0
C216,P045,Shampoo,Beauty,2096.42,17.0,3.0,0,4.0
C104,P070,Science Comics,Books,651.22,5.0,,0,2.0
C155,P041,Lipstick,Beauty,1148.16,7.0,0.0,0,1.0
C142,P033,Wall Clock,Home,5054.92,10.0,0.0,0,5.0
C206,P017,Hoodie,Clothing,2861.01,17.0,4.0,0,8.0
C038,P049,Yoga Mat,Sports,5506.59,2.0,1.0,0,3.0
C010,P048,Body Lotion,Beauty,790.99,2.0,0.0,0,6.0
C108,P013,Headphones,Electronics,58231.77,17.0,3.0,0,12.0
C061,P036,Water Bottle,Home,3043.7,3.0,0.0,0,14.0
C118,P067,Kids Picture Book,Books,792.09,17.0,5.0,0,8.0
C039,P051,Football,Sports,1718.28,11.0,1.0,0,16.0
C089,P006,Smartwatch,Electronics,87824.51,15.0,4.0,2,4.0
C143,P045,Shampoo,Beauty,2096.42,13.0,2.0,0,16.0
C091,P029,Coffee Maker,Home,2524.77,4.0,0.0,0,14.0
C162,P057,Running Shoes,Sports,3751.49,9.0,1.0,0,12.0
C153,P054,Gym Bag,Sports,5368.08,12.0,1.0,0,1.0
C050,P054,Gym Bag,Sports,5368.08,5.0,0.0,3,13.0
C096,P004,Power Bank,Electronics,63004.23,2.0,0.0,0,15.0
C072,P045,Shampoo,Beauty,2096.42,17.0,4.0,3,15.0
C096,P025,Belt,Clothing,3935.24,6.0,1.0,0,15.0
C218,P012,Monitor,Electronics,83466.44,16.0,5.0,0,0.0
C094,P064,History of AI,Books,1028.75,17.0,7.0,3,12.0
C051,P016,Denim Jeans,Clothing,1289.75,12.0,2.0,0,10.0
C014,P046,Face Mask,Beauty,2030.43,16.0,3.0,3,4.0
C098,P012,Monitor,Electronics,83466.44,9.0,1.0,1,2.0
C079,P056,Cycling Helmet,Sports,6277.72,9.0,3.0,0,9.0
C204,P018,Sneakers,Clothing,505.32,12.0,6.0,0,9.0
C039,P014,Portable SSD,Electronics,74189.34,7.0,2.0,0,16.0
C049,P020,Casual Shirt,Clothing,3230.99,12.0,0.0,0,11.0
C007,P055,Resistance Bands,Sports,5684.55,6.0,3.0,0,5.0
C090,P055,Resistance Bands,Sports,5684.55,8.0,0.0,0,14.0
C067,P048,Body Lotion,Beauty,790.99,17.0,0.0,0,9.0
C066,P023,Cap,Clothing,4858.35,7.0,0.0,0,5.0
C186,P068,Business Strategy,Books,498.54,12.0,1.0,0,16.0
C200,P015,Cotton T-Shirt,Clothing,2327.39,1.0,0.0,0,14.0
C151,P043,Hair Serum,Beauty,1779.64,,2.0,0,14.0
C136,P011,Keyboard,Electronics,33874.18,5.0,1.0,0,16.0
C056,P043,Hair Serum,Beauty,1779.64,8.0,0.0,0,11.0
C180,P048,Body Lotion,Beauty,790.99,2.0,0.0,0,7.0
C069,P005,Bluetooth Speaker,Electronics,9199.62,11.0,1.0,0,8.0
C195,P035,Air Fryer,Home,7174.95,3.0,1.0,0,6.0
C077,P032,Cushion Cover,Home,14519.77,10.0,2.0,0,9.0
C067,P015,Cotton T-Shirt,Clothing,2327.39,3.0,0.0,0,9.0
C147,P043,Hair Serum,Beauty,1779.64,,0.0,0,2.0
C122,P023,Cap,Clothing,4858.35,1.0,0.0,0,6.0
C171,P054,Gym Bag,Sports,5368.08,12.0,6.0,0,11.0
C112,P070,Science Comics,Books,651.22,9.0,2.0,2,13.0
C045,P031,Cookware Set,Home,11234.24,,,0,
C217,P007,USB-C Hub,Electronics,68692.66,7.0,0.0,0,13.0
C193,P058,Water Bladder,Sports,4613.62,3.0,0.0,0,4.0
C063,P040,Moisturizer,Beauty,1706.55,9.0,0.0,0,8.0
C029,P055,Resistance Bands,Sports,5684.55,,4.0,3,2.0
C162,P045,Shampoo,Beauty,2096.42,7.0,0.0,0,12.0
C153,P032,Cushion Cover,Home,14519.77,16.0,2.0,0,1.0
C106,P061,Mystery Novel,Books,917.66,1.0,1.0,0,4.0
C006,P007,USB-C Hub,Electronics,68692.66,16.0,4.0,3,12.0
C216,P045,Shampoo,Beauty,2096.42,17.0,2.0,0,4.0
C009,P012,Monitor,Electronics,83466.44,4.0,0.0,0,5.0
C118,P044,Perfume,Beauty,848.68,1.0,0.0,0,8.0
C088,P005,Bluetooth Speaker,Electronics,9199.62,8.0,1.0,0,
C048,P007,USB-C Hub,Electronics,68692.66,11.0,1.0,0,1.0
C068,P017,Hoodie,Clothing,2861.01,14.0,0.0,0,17.0
C156,P051,Football,Sports,1718.28,10.0,2.0,0,8.0
C153,P050,Dumbbells,Sports,1246.06,17.0,1.0,3,1.0
C106,P013,Headphones,Electronics,58231.77,,1.0,0,4.0
C020,P062,Self Help Guide,Books,690.76,7.0,1.0,0,0.0
C052,P014,Portable SSD,Electronics,74189.34,5.0,0.0,0,13.0
C202,P027,Table Lamp,Home,7133.13,7.0,5.0,0,9.0
C220,P029,Coffee Maker,Home,2524.77,,1.0,0,12.0
C093,P032,Cushion Cover,Home,14519.77,17.0,1.0,0,8.0
C072,P033,Wall Clock,Home,5054.92,15.0,2.0,2,15.0
C092,P039,Face Wash,Beauty,643.58,5.0,0.0,0,7.0
C106,P045,Shampoo,Beauty,2096.42,5.0,1.0,0,4.0
C055,P022,Wool Sweater,Clothing,1900.72,2.0,0.0,0,12.0
C143,P010,Gaming Mouse,Electronics,40973.43,13.0,4.0,0,
C203,P059,Python Basics,Books,309.77,8.0,1.0,0,11.0
C058,P061,Mystery Novel,Books,917.66,7.0,3.0,0,2.0
C197,P010,Gaming Mouse,Electronics,40973.43,9.0,0.0,0,12.0
C117,P055,Resistance Bands,Sports,5684.55,4.0,0.0,0,5.0
C148,P058,Water Bladder,Sports,4613.62,1.0,1.0,0,15.0
C048,P045,Shampoo,Beauty,2096.42,16.0,8.0,0,1.0
C215,P031,Cookware Set,Home,11234.24,5.0,1.0,0,14.0
C151,P041,Lipstick,Beauty,1148.16,11.0,1.0,1,14.0
C134,P070,Science Comics,Books,651.22,21.0,,3,15.0
C085,P005,Bluetooth Speaker,Electronics,9199.62,,1.0,0,2.0
C144,P041,Lipstick,Beauty,1148.16,21.0,2.0,2,8.0
C197,P035,Air Fryer,Home,7174.95,17.0,0.0,0,12.0
C050,P035,Air Fryer,Home,7174.95,12.0,3.0,1,13.0
C051,P050,Dumbbells,Sports,1246.06,8.0,3.0,0,10.0
C011,P021,Sports Shorts,Clothing,3837.82,17.0,3.0,0,8.0
C051,P065,Travel Diary,Books,878.93,17.0,2.0,0,10.0
C094,P064,History of AI,Books,1028.75,,6.0,2,12.0
C043,P028,Bedsheet Set,Home,895.11,2.0,,0,6.0
C203,P053,Skipping Rope,Sports,6326.36,16.0,2.0,0,11.0
C161,P021,Sports Shorts,Clothing,3837.82,8.0,0.0,0,14.0
C190,P007,USB-C Hub,Electronics,68692.66,12.0,0.0,0,9.0
C013,P029,Coffee Maker,Home,2524.77,17.0,4.0,0,1.0
C070,P064,History of AI,Books,1028.75,9.0,3.0,0,8.0
C175,P001,Wireless Earbuds,Electronics,69835.88,20.0,6.0,3,16.0
C023,P053,Skipping Rope,Sports,6326.36,10.0,2.0,3,16.0
C147,P003,Laptop,Electronics,77385.93,8.0,0.0,0,2.0
C063,P060,Data Science Intro,Books,280.71,2.0,0.0,0,8.0
C033,P040,Moisturizer,Beauty,1706.55,15.0,3.0,0,17.0
C011,P049,Yoga Mat,Sports,5506.59,11.0,4.0,0,8.0
C044,P032,Cushion Cover,,14519.77,13.0,0.0,0,2.0
C011,P009,Tablet,Electronics,12226.74,10.0,3.0,0,8.0
C111,P006,Smartwatch,Electronics,87824.51,10.0,0.0,0,3.0
C070,P050,Dumbbells,Sports,1246.06,13.0,3.0,1,8.0
C160,P009,Tablet,Electronics,12226.74,3.0,1.0,0,
C016,P024,Socks Pack,Clothing,4485.98,15.0,7.0,2,7.0
C145,P020,Casual Shirt,Clothing,3230.99,17.0,7.0,3,3.0
C026,P005,Bluetooth Speaker,Electronics,9199.62,14.0,3.0,3,10.0
C095,P062,Self Help Guide,Books,690.76,3.0,1.0,0,15.0
C057,P044,Perfume,Beauty,848.68,7.0,0.0,3,11.0
C096,P036,Water Bottle,Home,3043.7,12.0,3.0,3,15.0
C205,P049,Yoga Mat,Sports,5506.59,6.0,3.0,0,2.0
C008,P010,Gaming Mouse,Electronics,40973.43,3.0,0.0,0,
C162,P001,Wireless Earbuds,Electronics,69835.88,12.0,2.0,2,12.0
C016,P035,Air Fryer,Home,7174.95,14.0,,0,7.0
C078,P046,Face Mask,Beauty,2030.43,1.0,0.0,0,8.0
C026,P034,Storage Box,Home,5713.28,9.0,1.0,3,10.0
C027,P064,History of AI,Books,1028.75,15.0,2.0,0,4.0
C114,P050,Dumbbells,Sports,1246.06,6.0,0.0,3,15.0
C168,P004,Power Bank,Electronics,63004.23,11.0,1.0,0,0.0
C091,P039,Face Wash,Beauty,643.58,17.0,0.0,0,14.0
C168,P014,Portable SSD,Electronics,74189.34,12.0,2.0,0,0.0
C070,P006,Smartwatch,Electronics,87824.51,16.0,1.0,0,8.0
C125,P023,Cap,Clothing,4858.35,20.0,8.0,2,4.0
C174,P065,Travel Diary,Books,878.93,11.0,3.0,0,14.0
C078,P003,Laptop,Electronics,77385.93,11.0,4.0,3,8.0
C214,P037,Desk Organizer,Home,2165.34,8.0,1.0,0,1.0
C009,P029,Coffee Maker,Home,2524.77,17.0,0.0,0,5.0
C185,P013,Headphones,Electronics,58231.77,11.0,4.0,2,
C179,P048,Body Lotion,Beauty,,6.0,1.0,0,6.0
C095,P026,Raincoat,Clothing,1133.27,10.0,0.0,0,15.0
C059,P044,Perfume,Beauty,848.68,13.0,2.0,3,7.0
C041,P064,History of AI,Books,1028.75,10.0,1.0,0,8.0
C024,P019,Winter Jacket,Clothing,4171.63,7.0,1.0,2,17.0
C123,P011,Keyboard,Electronics,33874.18,9.0,1.0,0,16.0
C141,P066,Short Stories,Books,785.62,15.0,4.0,0,0.0
C030,P032,Cushion Cover,Home,14519.77,6.0,0.0,0,7.0
C098,P037,Desk Organizer,Home,2165.34,12.0,3.0,0,2.0
C066,P039,Face Wash,Beauty,643.58,5.0,0.0,0,5.0
C052,P036,Water Bottle,Home,3043.7,5.0,0.0,0,13.0
C149,P004,Power Bank,Electronics,63004.23,5.0,0.0,1,9.0
C185,P022,Wool Sweater,Clothing,1900.72,14.0,2.0,2,0.0
C136,P029,Coffee Maker,Home,2524.77,4.0,,0,16.0
C009,P064,History of AI,Books,1028.75,12.0,2.0,0,5.0
C174,P010,Gaming Mouse,,40973.43,2.0,0.0,0,14.0
C194,P041,Lipstick,Beauty,1148.16,7.0,3.0,3,9.0
C153,P002,Smartphone,Electronics,39946.96,14.0,0.0,3,1.0
C105,P042,Sunscreen,Beauty,2097.43,14.0,3.0,0,17.0
C183,P053,Skipping Rope,Sports,6326.36,15.0,0.0,3,2.0
C084,P069,Poetry Collection,Books,184.44,2.0,0.0,0,
C110,P021,Sports Shorts,Clothing,3837.82,6.0,0.0,0,12.0
C117,P037,Desk Organizer,Home,2165.34,9.0,1.0,1,5.0
C158,P042,Sunscreen,Beauty,2097.43,5.0,,0,8.0
C144,P061,Mystery Novel,Books,917.66,2.0,0.0,0,8.0
C084,P052,Tennis Racket,Sports,206.79,21.0,1.0,2,1.0
C187,P050,Dumbbells,Sports,1246.06,8.0,5.0,3,9.0
C063,P027,Table Lamp,Home,7133.13,14.0,6.0,0,8.0
C176,P004,Power Bank,Electronics,63004.23,9.0,2.0,3,13.0
C027,P065,Travel Diary,Books,878.93,7.0,2.0,0,4.0
C065,P035,Air Fryer,Home,7174.95,13.0,4.0,0,2.0
C161,P042,Sunscreen,Beauty,2097.43,10.0,0.0,0,14.0
C166,P003,Laptop,Electronics,77385.93,14.0,0.0,0,10.0
C163,P066,Short Stories,Books,785.62,13.0,1.0,0,16.0
C089,P058,Water Bladder,Sports,4613.62,3.0,0.0,0,4.0
C160,P032,Cushion Cover,,14519.77,9.0,2.0,0,0.0
C074,P039,Face Wash,Beauty,643.58,3.0,1.0,1,6.0
C136,P031,Cookware Set,Home,11234.24,3.0,0.0,0,16.0
C119,P037,Desk Organizer,Home,2165.34,4.0,1.0,1,13.0
C198,P013,Headphones,Electronics,58231.77,5.0,3.0,0,9.0
C189,P017,Hoodie,Clothing,2861.01,11.0,1.0,0,14.0
C076,P036,Water Bottle,Home,3043.7,5.0,0.0,0,13.0
C068,P024,Socks Pack,Clothing,4485.98,9.0,0.0,0,17.0
C125,P025,Belt,Clothing,3935.24,7.0,1.0,0,4.0
C011,P019,Winter Jacket,Clothing,4171.63,6.0,1.0,0,8.0
C003,P029,Coffee Maker,Home,2524.77,6.0,0.0,0,0.0
C190,P065,Travel Diary,Books,878.93,15.0,3.0,0,9.0
C125,P037,Desk Organizer,Home,2165.34,6.0,1.0,0,4.0
C093,P064,History of AI,Books,1028.75,11.0,2.0,0,8.0
C213,P015,Cotton T-Shirt,Clothing,2327.39,8.0,2.0,0,10.0
C023,P059,Python Basics,Books,309.77,11.0,4.0,1,16.0
C013,P066,Short Stories,Books,785.62,3.0,0.0,0,1.0
C194,P047,Nail Kit,Beauty,1028.95,5.0,1.0,3,9.0
C095,P047,Nail Kit,Beauty,1028.95,8.0,0.0,0,15.0
C198,P030,Vacuum Cleaner,Home,10323.97,7.0,0.0,3,9.0
C168,P050,Dumbbells,Sports,1246.06,5.0,1.0,0,0.0
C175,P006,Smartwatch,Electronics,87824.51,12.0,2.0,0,16.0
C033,P042,Sunscreen,Beauty,2097.43,10.0,1.0,0,17.0
C005,P037,Desk Organizer,Home,2165.34,14.0,8.0,2,2.0
C108,P013,Headphones,Electronics,58231.77,1.0,,0,12.0
C027,P014,Portable SSD,Electronics,74189.34,13.0,0.0,0,4.0
C017,P040,Moisturizer,Beauty,1706.55,9.0,5.0,3,5.0
C175,P010,Gaming Mouse,Electronics,40973.43,21.0,6.0,3,16.0
C051,P007,USB-C Hub,Electronics,68692.66,15.0,4.0,0,10.0
C169,P037,Desk Organizer,Home,2165.34,15.0,2.0,1,17.0
C133,P007,USB-C Hub,Electronics,68692.66,16.0,0.0,3,11.0
C131,P010,Gaming Mouse,Electronics,40973.43,1.0,0.0,0,11.0
C033,P065,Travel Diary,Books,878.93,11.0,1.0,0,17.0
C184,P002,Smartphone,Electronics,39946.96,4.0,1.0,0,17.0
C057,P027,Table Lamp,Home,7133.13,13.0,3.0,0,11.0
C177,P024,Socks Pack,Clothing,4485.98,6.0,1.0,0,15.0
C202,P030,Vacuum Cleaner,Home,10323.97,8.0,5.0,0,9.0
C179,P061,Mystery Novel,Books,917.66,11.0,2.0,0,6.0
C097,P021,Sports Shorts,Clothing,3837.82,7.0,2.0,0,5.0
C015,P036,Water Bottle,Home,3043.7,7.0,1.0,0,17.0
C034,P004,Power Bank,Electronics,63004.23,10.0,1.0,2,9.0
C153,P055,Resistance Bands,Sports,5684.55,7.0,0.0,0,1.0
C158,P027,Table Lamp,Home,7133.13,15.0,1.0,0,8.0
C061,P026,Raincoat,Clothing,1133.27,12.0,2.0,0,14.0
C195,P060,Data Science Intro,Books,280.71,1.0,0.0,0,6.0
C146,P016,Denim Jeans,Clothing,1289.75,10.0,1.0,0,15.0
C075,P029,Coffee Maker,Home,2524.77,10.0,0.0,0,0.0
C147,P004,Power Bank,Electronics,63004.23,13.0,2.0,3,2.0
C117,P021,Sports Shorts,Clothing,3837.82,15.0,1.0,0,5.0
C163,P007,USB-C Hub,Electronics,68692.66,4.0,0.0,0,16.0
C115,P007,USB-C Hub,Electronics,68692.66,9.0,1.0,0,16.0
C044,P036,Water Bottle,Home,3043.7,5.0,2.0,0,2.0
C070,P043,Hair Serum,Beauty,1779.64,3.0,1.0,0,8.0
C216,P032,Cushion Cover,Home,14519.77,13.0,1.0,0,4.0
C073,P018,Sneakers,Clothing,505.32,11.0,2.0,3,15.0
C129,P014,Portable SSD,Electronics,74189.34,17.0,2.0,2,17.0
C078,P020,Casual Shirt,Clothing,3230.99,5.0,1.0,0,8.0
C162,P054,Gym Bag,Sports,5368.08,,1.0,0,12.0
C165,P045,Shampoo,Beauty,2096.42,11.0,4.0,0,2.0
C007,P045,Shampoo,Beauty,2096.42,7.0,0.0,3,5.0
C053,P014,Portable SSD,Electronics,74189.34,16.0,1.0,3,13.0
C204,P040,Moisturizer,Beauty,1706.55,1.0,0.0,0,9.0
C188,P017,Hoodie,Clothing,2861.01,19.0,4.0,2,5.0
C163,P041,Lipstick,Beauty,1148.16,14.0,0.0,0,16.0
C201,P012,Monitor,Electronics,83466.44,2.0,0.0,0,6.0
C033,P035,Air Fryer,,7174.95,17.0,3.0,0,17.0
C023,P048,Body Lotion,Beauty,790.99,2.0,0.0,3,16.0
C094,P019,Winter Jacket,Clothing,4171.63,6.0,1.0,0,12.0
C059,P010,Gaming Mouse,Electronics,40973.43,5.0,1.0,0,7.0
C099,P031,Cookware Set,Home,11234.24,17.0,6.0,1,4.0
C039,P021,Sports Shorts,Clothing,,10.0,0.0,0,16.0
C176,P028,Bedsheet Set,Home,895.11,12.0,10.0,0,13.0
C087,P026,Raincoat,Clothing,1133.27,3.0,1.0,0,
C164,P006,Smartwatch,Electronics,87824.51,16.0,3.0,2,3.0
C070,P041,Lipstick,Beauty,1148.16,10.0,1.0,2,8.0
C138,P049,Yoga Mat,Sports,5506.59,10.0,4.0,0,
C134,P034,Storage Box,Home,5713.28,7.0,0.0,0,15.0
C113,P058,Water Bladder,Sports,4613.62,2.0,0.0,0,1.0
C037,P015,Cotton T-Shirt,Clothing,2327.39,15.0,5.0,0,15.0
C101,P068,Business Strategy,Books,498.54,16.0,4.0,0,17.0
C185,P049,Yoga Mat,Sports,5506.59,7.0,,0,0.0
C199,P032,Cushion Cover,Home,14519.77,5.0,1.0,1,11.0
C202,P070,Science Comics,Books,651.22,7.0,1.0,3,9.0
C007,P009,Tablet,Electronics,12226.74,12.0,4.0,0,5.0
C036,P052,Tennis Racket,Sports,206.79,1.0,0.0,0,12.0
C028,P022,Wool Sweater,Clothing,1900.72,7.0,2.0,0,14.0
C070,P070,Science Comics,Books,651.22,11.0,4.0,3,8.0
C211,P020,Casual Shirt,Clothing,3230.99,5.0,0.0,0,
C138,P049,Yoga Mat,Sports,5506.59,15.0,3.0,0,14.0
C048,P054,Gym Bag,Sports,5368.08,14.0,3.0,0,1.0
C114,P020,Casual Shirt,Clothing,3230.99,6.0,0.0,0,15.0
C092,P042,Sunscreen,Beauty,2097.43,10.0,1.0,0,7.0
C176,P017,Hoodie,Clothing,2861.01,4.0,0.0,1,13.0
C157,P018,Sneakers,Clothing,505.32,2.0,0.0,3,3.0
C029,P034,Storage Box,Home,5713.28,18.0,4.0,0,2.0
C129,P012,Monitor,Electronics,83466.44,8.0,0.0,0,17.0
C212,P029,Coffee Maker,Home,2524.77,4.0,4.0,0,15.0
C174,P045,Shampoo,Beauty,2096.42,12.0,5.0,0,14.0
C016,P042,Sunscreen,Beauty,2097.43,8.0,2.0,0,7.0
C099,P044,Perfume,Beauty,848.68,15.0,2.0,1,4.0
C006,P058,Water Bladder,Sports,4613.62,16.0,1.0,0,12.0
C004,P035,Air Fryer,Home,7174.95,15.0,1.0,0,12.0
C197,P027,Table Lamp,Home,7133.13,16.0,2.0,0,12.0
C033,P064,History of AI,Books,1028.75,11.0,0.0,0,17.0
C199,P016,Denim Jeans,Clothing,1289.75,17.0,1.0,2,11.0
C139,P030,Vacuum Cleaner,Home,10323.97,15.0,1.0,0,5.0
C210,P045,Shampoo,Beauty,2096.42,2.0,1.0,0,16.0
C113,P061,Mystery Novel,Books,917.66,13.0,0.0,3,1.0
C183,P040,Moisturizer,Beauty,1706.55,15.0,0.0,0,2.0
C121,P052,Tennis Racket,Sports,206.79,3.0,0.0,0,2.0
C068,P070,Science Comics,Books,,1.0,0.0,0,17.0
C024,P053,Skipping Rope,Sports,6326.36,1.0,1.0,0,17.0
C044,P061,Mystery Novel,Books,917.66,5.0,3.0,3,2.0
C169,P061,Mystery Novel,Books,917.66,5.0,0.0,3,17.0
C064,P021,Sports Shorts,Clothing,3837.82,5.0,0.0,0,3.0
C024,P057,Running Shoes,Sports,3751.49,12.0,3.0,3,17.0
C092,P023,Cap,Clothing,4858.35,10.0,1.0,0,7.0
C119,P028,Bedsheet Set,Home,895.11,7.0,2.0,0,13.0
C150,P061,Mystery Novel,Books,917.66,12.0,1.0,0,17.0
C208,P011,Keyboard,Electronics,33874.18,10.0,2.0,0,4.0
C076,P047,Nail Kit,Beauty,1028.95,7.0,2.0,0,13.0
C040,P022,Wool Sweater,Clothing,1900.72,2.0,0.0,0,17.0
C079,P007,USB-C Hub,Electronics,68692.66,7.0,1.0,0,9.0
C207,P006,Smartwatch,Electronics,87824.51,13.0,2.0,0,6.0
C151,P022,Wool Sweater,Clothing,1900.72,8.0,2.0,0,14.0
C059,P001,Wireless Earbuds,Electronics,69835.88,21.0,3.0,1,7.0
C071,P038,LED Strip,Home,7265.65,6.0,2.0,0,11.0
C086,P002,Smartphone,Electronics,39946.96,11.0,1.0,1,6.0
C077,P061,Mystery Novel,Books,917.66,2.0,0.0,0,9.0
C216,P043,Hair Serum,Beauty,1779.64,7.0,2.0,0,4.0
C058,P027,Table Lamp,Home,7133.13,16.0,1.0,0,2.0
C179,P048,Body Lotion,Beauty,790.99,19.0,6.0,0,6.0
C150,P056,Cycling Helmet,Sports,6277.72,14.0,0.0,3,17.0
C134,P014,Portable SSD,Electronics,74189.34,11.0,0.0,0,15.0
C051,P051,Football,Sports,1718.28,10.0,4.0,1,10.0
C167,P062,Self Help Guide,Books,,15.0,1.0,3,11.0
C184,P015,Cotton T-Shirt,Clothing,2327.39,16.0,2.0,1,17.0
C080,P047,Nail Kit,Beauty,1028.95,17.0,3.0,3,1.0
C155,P031,Cookware Set,Home,11234.24,6.0,0.0,0,1.0
C199,P048,Body Lotion,Beauty,790.99,5.0,0.0,0,11.0
C179,P054,Gym Bag,Sports,5368.08,6.0,0.0,0,6.0
C051,P069,Poetry Collection,Books,184.44,2.0,0.0,0,10.0
C175,P049,Yoga Mat,Sports,5506.59,1.0,0.0,0,16.0
C050,P026,Raincoat,Clothing,1133.27,1.0,0.0,0,13.0
C094,P060,Data Science Intro,Books,280.71,6.0,2.0,0,12.0
C105,P068,Business Strategy,Books,498.54,12.0,2.0,1,17.0
C071,P014,Portable SSD,Electronics,,3.0,0.0,0,11.0
C126,P060,Data Science Intro,Books,280.71,10.0,3.0,0,9.0
C205,P024,Socks Pack,Clothing,4485.98,1.0,0.0,2,2.0
C161,P005,Bluetooth Speaker,,9199.62,10.0,2.0,0,14.0
C141,P066,Short Stories,Books,785.62,6.0,0.0,0,0.0
C057,P001,Wireless Earbuds,Electronics,69835.88,7.0,0.0,0,11.0
C081,P008,Webcam,Electronics,70915.94,8.0,2.0,0,0.0
C098,P002,Smartphone,Electronics,39946.96,7.0,3.0,0,2.0
C080,P010,Gaming Mouse,Electronics,40973.43,9.0,2.0,0,1.0
C186,P039,Face Wash,Beauty,643.58,15.0,1.0,3,16.0
C182,P021,Sports Shorts,Clothing,3837.82,5.0,0.0,0,12.0
C048,P015,Cotton T-Shirt,Clothing,2327.39,15.0,2.0,0,1.0
C092,P053,Skipping Rope,Sports,6326.36,16.0,2.0,0,7.0
C129,P062,Self Help Guide,Books,690.76,6.0,1.0,1,17.0
C152,P001,Wireless Earbuds,Electronics,69835.88,12.0,3.0,0,8.0
C209,P040,Moisturizer,Beauty,1706.55,8.0,3.0,0,16.0
C173,P030,Vacuum Cleaner,Home,10323.97,15.0,6.0,0,2.0
C014,P051,Football,Sports,1718.28,15.0,2.0,2,4.0
C172,P068,Business Strategy,Books,498.54,14.0,3.0,0,8.0
C157,P040,Moisturizer,Beauty,1706.55,8.0,0.0,1,3.0
C128,P026,Raincoat,Clothing,1133.27,5.0,1.0,0,16.0
C014,P045,Shampoo,Beauty,2096.42,13.0,2.0,0,
C145,P065,Travel Diary,Books,,1.0,0.0,0,3.0
C055,P058,Water Bladder,Sports,4613.62,,2.0,0,12.0
C201,P056,Cycling Helmet,Sports,6277.72,1.0,0.0,0,6.0
C047,P007,USB-C Hub,Electronics,68692.66,16.0,4.0,0,14.0
C140,P003,Laptop,Electronics,77385.93,17.0,1.0,0,10.0
C088,P042,Sunscreen,Beauty,2097.43,20.0,10.0,0,5.0
C083,P050,Dumbbells,Sports,1246.06,21.0,6.0,0,15.0
C203,P048,Body Lotion,Beauty,790.99,3.0,0.0,0,11.0
C025,P068,Business Strategy,Books,498.54,14.0,2.0,0,1.0
C177,P014,Portable SSD,Electronics,74189.34,11.0,4.0,1,15.0
C146,P026,Raincoat,Clothing,1133.27,15.0,2.0,0,15.0
C006,P068,Business Strategy,Books,498.54,6.0,0.0,2,12.0
C138,P069,Poetry Collection,Books,184.44,1.0,0.0,0,
C032,P008,Webcam,Electronics,70915.94,,1.0,0,1.0
C065,P058,Water Bladder,Sports,4613.62,10.0,2.0,0,2.0
C138,P028,Bedsheet Set,Home,895.11,6.0,2.0,0,14.0
C029,P059,Python Basics,Books,309.77,14.0,3.0,0,2.0
C211,P050,Dumbbells,Sports,1246.06,16.0,3.0,0,7.0
C202,P060,Data Science Intro,Books,280.71,11.0,6.0,0,9.0
C209,P038,LED Strip,Home,7265.65,4.0,2.0,3,16.0
C211,P031,Cookware Set,Home,11234.24,17.0,9.0,0,7.0
C017,P065,Travel Diary,Books,878.93,5.0,0.0,0,5.0
C093,P040,Moisturizer,Beauty,1706.55,13.0,3.0,0,8.0
C201,P063,Cookbook,Books,799.02,6.0,2.0,3,6.0
C162,P043,Hair Serum,Beauty,1779.64,16.0,6.0,0,12.0
C147,P038,LED Strip,Home,7265.65,7.0,1.0,0,2.0
C058,P032,Cushion Cover,Home,14519.77,10.0,3.0,3,2.0
C002,P019,Winter Jacket,Clothing,4171.63,2.0,1.0,0,11.0
C009,P005,Bluetooth Speaker,Electronics,,6.0,0.0,0,5.0
C006,P066,Short Stories,Books,785.62,14.0,,3,12.0
C107,P038,LED Strip,Home,7265.65,8.0,0.0,1,10.0
C115,P052,Tennis Racket,Sports,206.79,3.0,0.0,0,16.0
C095,P003,Laptop,Electronics,77385.93,2.0,0.0,0,15.0
C044,P061,Mystery Novel,Books,917.66,14.0,8.0,0,2.0
C062,P035,Air Fryer,Home,7174.95,17.0,4.0,0,15.0
C053,P021,Sports Shorts,Clothing,3837.82,13.0,6.0,2,13.0
C030,P034,Storage Box,Home,5713.28,10.0,1.0,2,7.0
C064,P025,Belt,Clothing,3935.24,4.0,0.0,0,3.0
C072,P006,Smartwatch,Electronics,87824.51,5.0,0.0,0,15.0
C026,P013,Headphones,Electronics,58231.77,12.0,1.0,0,10.0
C018,P052,Tennis Racket,Sports,206.79,1.0,0.0,0,16.0
C191,P047,Nail Kit,Beauty,1028.95,12.0,0.0,0,1.0
C039,P005,Bluetooth Speaker,Electronics,9199.62,12.0,0.0,2,16.0
C132,P066,Short Stories,Books,785.62,5.0,2.0,0,2.0
C083,P001,Wireless Earbuds,Electronics,69835.88,4.0,0.0,3,15.0
C162,P041,Lipstick,Beauty,1148.16,10.0,1.0,2,12.0
C146,P035,Air Fryer,Home,7174.95,2.0,1.0,0,15.0
C051,P015,Cotton T-Shirt,Clothing,2327.39,12.0,3.0,0,10.0
C138,P013,Headphones,Electronics,58231.77,6.0,3.0,0,
C171,P009,Tablet,Electronics,12226.74,10.0,2.0,3,11.0
C210,P045,Shampoo,Beauty,2096.42,6.0,1.0,3,16.0
C112,P002,Smartphone,Electronics,39946.96,14.0,0.0,0,13.0
C017,P033,Wall Clock,Home,5054.92,19.0,7.0,2,5.0
C202,P063,Cookbook,Books,799.02,7.0,0.0,0,9.0
C025,P012,Monitor,Electronics,83466.44,3.0,,0,1.0
C037,P011,Keyboard,Electronics,33874.18,2.0,0.0,0,15.0
C153,P030,Vacuum Cleaner,Home,10323.97,1.0,0.0,0,1.0
C065,P027,Table Lamp,Home,7133.13,6.0,,2,2.0
C015,P015,Cotton T-Shirt,Clothing,2327.39,19.0,6.0,1,17.0
C036,P027,Table Lamp,Home,7133.13,16.0,1.0,3,12.0
C018,P036,Water Bottle,Home,3043.7,17.0,0.0,0,16.0
C060,P034,Storage Box,Home,5713.28,4.0,1.0,0,4.0
C081,P034,Storage Box,Home,5713.28,12.0,2.0,0,0.0
C079,P020,Casual Shirt,Clothing,3230.99,19.0,7.0,0,9.0
C175,P037,Desk Organizer,Home,2165.34,1.0,0.0,0,16.0
C025,P012,Monitor,Electronics,83466.44,10.0,5.0,3,1.0
C001,P040,Moisturizer,Beauty,1706.55,8.0,1.0,0,3.0
C095,P045,Shampoo,Beauty,2096.42,10.0,2.0,0,15.0
C200,P036,Water Bottle,Home,3043.7,14.0,1.0,0,14.0
C161,P015,Cotton T-Shirt,Clothing,2327.39,5.0,0.0,0,14.0
C075,P054,Gym Bag,Sports,5368.08,1.0,0.0,0,0.0
C095,P014,Portable SSD,Electronics,74189.34,12.0,2.0,0,15.0
C168,P062,Self Help Guide,Books,690.76,1.0,0.0,0,0.0
C102,P019,Winter Jacket,Clothing,,17.0,2.0,0,7.0
C169,P064,History of AI,Books,1028.75,5.0,1.0,0,17.0
C105,P063,Cookbook,Books,799.02,2.0,1.0,0,17.0
C010,P044,Perfume,Beauty,848.68,2.0,0.0,0,6.0
C033,P056,Cycling Helmet,Sports,6277.72,12.0,1.0,3,17.0
C214,P067,Kids Picture Book,Books,792.09,2.0,0.0,0,1.0
C027,P019,Winter Jacket,Clothing,4171.63,18.0,7.0,3,4.0
C075,P069,Poetry Collection,Books,184.44,8.0,1.0,2,0.0
C039,P006,Smartwatch,Electronics,87824.51,5.0,0.0,0,16.0
C127,P043,Hair Serum,Beauty,1779.64,16.0,2.0,0,17.0
C060,P054,Gym Bag,Sports,5368.08,6.0,1.0,0,4.0
C215,P053,Skipping Rope,Sports,6326.36,8.0,0.0,0,14.0
C052,P012,Monitor,Electronics,83466.44,20.0,7.0,0,13.0
C095,P062,Self Help Guide,Books,690.76,15.0,2.0,0,15.0
C130,P063,Cookbook,Books,799.02,4.0,0.0,0,14.0
C061,P038,LED Strip,Home,7265.65,1.0,0.0,3,14.0
C042,P062,Self Help Guide,Books,690.76,21.0,5.0,1,2.0
C115,P014,Portable SSD,Electronics,74189.34,8.0,2.0,0,16.0
C101,P042,Sunscreen,Beauty,,15.0,2.0,1,17.0
C198,P009,Tablet,Electronics,,14.0,5.0,3,9.0
C110,P027,Table Lamp,Home,7133.13,17.0,2.0,3,12.0
C015,P045,Shampoo,Beauty,2096.42,5.0,2.0,0,17.0
C054,P013,Headphones,Electronics,58231.77,6.0,3.0,0,12.0
C059,P025,Belt,Clothing,3935.24,15.0,1.0,0,7.0
C217,P037,Desk Organizer,Home,2165.34,2.0,2.0,0,13.0
C169,P010,Gaming Mouse,Electronics,40973.43,15.0,2.0,3,17.0
C045,P030,Vacuum Cleaner,Home,10323.97,16.0,3.0,2,14.0
C053,P059,Python Basics,Books,309.77,3.0,1.0,0,13.0
C204,P034,Storage Box,Home,5713.28,10.0,1.0,1,9.0
C122,P002,Smartphone,Electronics,39946.96,2.0,0.0,0,6.0
C097,P012,Monitor,Electronics,83466.44,6.0,0.0,0,5.0
C098,P029,Coffee Maker,Home,2524.77,12.0,3.0,0,2.0
C128,P070,Science Comics,Books,651.22,,2.0,0,16.0
C049,P033,Wall Clock,Home,5054.92,1.0,1.0,0,11.0
C068,P060,Data Science Intro,Books,280.71,6.0,1.0,0,17.0
C196,P041,Lipstick,Beauty,1148.16,6.0,0.0,0,9.0
C141,P042,Sunscreen,Beauty,2097.43,12.0,3.0,1,0.0
C075,P034,Storage Box,Home,5713.28,13.0,1.0,0,0.0
C067,P042,Sunscreen,Beauty,2097.43,2.0,0.0,0,9.0
C140,P017,Hoodie,Clothing,2861.01,10.0,1.0,0,10.0
C027,P051,Football,Sports,1718.28,5.0,0.0,0,4.0
C128,P042,Sunscreen,Beauty,2097.43,17.0,1.0,1,16.0
C220,P010,Gaming Mouse,Electronics,40973.43,14.0,4.0,3,12.0
C189,P006,Smartwatch,Electronics,87824.51,10.0,3.0,0,14.0
C151,P030,Vacuum Cleaner,Home,10323.97,2.0,0.0,0,14.0
C031,P065,Travel Diary,Books,878.93,10.0,1.0,0,4.0
C211,P070,Science Comics,Books,651.22,11.0,4.0,0,7.0
C117,P031,Cookware Set,Home,,18.0,6.0,3,5.0
C158,P012,Monitor,Electronics,83466.44,9.0,0.0,0,8.0
C199,P039,Face Wash,Beauty,643.58,,0.0,0,11.0
C058,P008,Webcam,Electronics,70915.94,10.0,0.0,0,2.0
C189,P018,Sneakers,Clothing,505.32,8.0,3.0,3,14.0
C111,P019,Winter Jacket,Clothing,4171.63,15.0,5.0,0,3.0
C155,P015,Cotton T-Shirt,Clothing,2327.39,3.0,1.0,0,1.0
C107,P016,Denim Jeans,Clothing,1289.75,4.0,0.0,2,10.0
C123,P043,Hair Serum,Beauty,1779.64,11.0,,0,16.0
C200,P022,Wool Sweater,,1900.72,1.0,0.0,0,14.0
C119,P012,Monitor,Electronics,83466.44,11.0,2.0,3,13.0
C211,P023,Cap,Clothing,4858.35,15.0,3.0,0,7.0
C085,P011,Keyboard,Electronics,33874.18,,0.0,0,2.0
C083,P028,Bedsheet Set,Home,895.11,15.0,2.0,3,15.0
C091,P002,Smartphone,Electronics,,10.0,3.0,0,14.0
C048,P009,Tablet,Electronics,12226.74,,1.0,3,1.0
C206,P060,Data Science Intro,Books,280.71,2.0,1.0,0,8.0
C152,P008,Webcam,Electronics,70915.94,11.0,4.0,1,8.0
C213,P003,Laptop,Electronics,77385.93,2.0,0.0,1,10.0
C006,P038,LED Strip,Home,7265.65,4.0,1.0,0,12.0
C023,P024,Socks Pack,Clothing,4485.98,11.0,2.0,0,16.0
C028,P058,Water Bladder,Sports,4613.62,,1.0,0,14.0
C154,P020,Casual Shirt,Clothing,3230.99,3.0,1.0,0,
C113,P030,Vacuum Cleaner,Home,10323.97,1.0,0.0,0,1.0
C175,P070,Science Comics,Books,651.22,12.0,2.0,0,16.0
C153,P053,Skipping Rope,Sports,,2.0,0.0,0,1.0
C154,P050,Dumbbells,Sports,1246.06,6.0,1.0,2,14.0
C173,P069,Poetry Collection,Books,184.44,6.0,1.0,0,2.0
C017,P046,Face Mask,,2030.43,15.0,1.0,2,5.0
C199,P027,Table Lamp,Home,7133.13,7.0,1.0,3,11.0
C040,P056,Cycling Helmet,Sports,6277.72,3.0,0.0,1,17.0
C012,P013,Headphones,Electronics,58231.77,3.0,0.0,0,9.0
C089,P041,Lipstick,Beauty,1148.16,4.0,1.0,0,4.0
C124,P050,Dumbbells,Sports,1246.06,1.0,1.0,0,4.0
C139,P042,Sunscreen,Beauty,2097.43,1.0,0.0,0,5.0
C168,P045,Shampoo,Beauty,2096.42,8.0,1.0,3,0.0
C129,P016,Denim Jeans,Clothing,1289.75,13.0,1.0,0,17.0
C153,P055,Resistance Bands,Sports,5684.55,17.0,1.0,0,1.0
C114,P059,Python Basics,Books,309.77,8.0,5.0,3,15.0
C168,P065,Travel Diary,Books,878.93,12.0,3.0,0,0.0
C186,P055,Resistance Bands,Sports,5684.55,17.0,2.0,2,16.0
C126,P043,Hair Serum,Beauty,1779.64,6.0,0.0,0,9.0
C117,P070,Science Comics,Books,651.22,12.0,1.0,0,5.0
C136,P038,LED Strip,Home,7265.65,14.0,,0,16.0
C206,P063,Cookbook,,799.02,1.0,1.0,0,8.0
C188,P004,Power Bank,Electronics,63004.23,8.0,2.0,0,5.0
C061,P067,Kids Picture Book,Books,792.09,12.0,1.0,1,14.0
C103,P060,Data Science Intro,Books,280.71,9.0,1.0,0,13.0
C125,P056,Cycling Helmet,Sports,6277.72,1.0,0.0,0,4.0
C182,P001,Wireless Earbuds,Electronics,69835.88,7.0,2.0,0,12.0
C148,P070,Science Comics,Books,651.22,2.0,0.0,0,15.0
C024,P013,Headphones,Electronics,58231.77,11.0,6.0,0,17.0
C147,P059,Python Basics,Books,309.77,6.0,3.0,2,2.0
C172,P016,Denim Jeans,Clothing,1289.75,5.0,0.0,0,8.0
C166,P064,History of AI,Books,1028.75,8.0,0.0,0,10.0
C119,P033,Wall Clock,Home,5054.92,15.0,6.0,0,13.0
C086,P014,Portable SSD,Electronics,74189.34,12.0,4.0,2,6.0
C003,P043,Hair Serum,Beauty,1779.64,16.0,1.0,3,0.0
C206,P014,Portable SSD,Electronics,74189.34,15.0,3.0,0,8.0
C182,P056,Cycling Helmet,Sports,6277.72,10.0,3.0,0,12.0
C200,P037,Desk Organizer,Home,2165.34,8.0,4.0,3,14.0
C129,P017,Hoodie,Clothing,2861.01,1.0,0.0,0,17.0
C118,P050,Dumbbells,Sports,1246.06,9.0,3.0,0,8.0
C131,P035,Air Fryer,Home,7174.95,10.0,0.0,0,11.0
C153,P050,Dumbbells,Sports,1246.06,15.0,0.0,0,1.0
C076,P035,Air Fryer,Home,7174.95,10.0,5.0,2,13.0
C078,P017,Hoodie,Clothing,2861.01,12.0,4.0,0,
C006,P058,Water Bladder,Sports,4613.62,2.0,1.0,0,12.0
C099,P035,Air Fryer,Home,7174.95,15.0,4.0,0,4.0
C144,P040,Moisturizer,Beauty,1706.55,20.0,7.0,3,8.0
C155,P012,Monitor,Electronics,83466.44,10.0,2.0,0,1.0
C040,P043,Hair Serum,Beauty,,14.0,0.0,0,17.0
C015,P004,Power Bank,Electronics,63004.23,12.0,1.0,0,17.0
C042,P018,Sneakers,Clothing,505.32,14.0,0.0,2,2.0
C206,P039,Face Wash,Beauty,643.58,16.0,4.0,2,8.0
C010,P020,Casual Shirt,Clothing,3230.99,8.0,,0,6.0
C039,P068,Business Strategy,Books,498.54,1.0,0.0,0,16.0
C180,P066,Short Stories,Books,785.62,11.0,3.0,2,7.0
C139,P036,Water Bottle,Home,3043.7,11.0,1.0,0,5.0
C007,P012,Monitor,Electronics,83466.44,4.0,1.0,0,5.0
C103,P029,Coffee Maker,Home,2524.77,16.0,0.0,0,13.0
C012,P054,Gym Bag,Sports,5368.08,3.0,0.0,0,9.0
C088,P051,Football,Sports,1718.28,9.0,3.0,0,5.0
C114,P004,Power Bank,Electronics,63004.23,12.0,3.0,0,15.0
C212,P012,Monitor,Electronics,,17.0,10.0,1,15.0
C039,P018,Sneakers,Clothing,505.32,10.0,0.0,0,16.0
C051,P047,Nail Kit,Beauty,1028.95,17.0,3.0,0,10.0
C213,P042,Sunscreen,Beauty,2097.43,7.0,1.0,0,10.0
C146,P030,Vacuum Cleaner,Home,10323.97,5.0,1.0,0,15.0
C124,P022,Wool Sweater,Clothing,1900.72,10.0,2.0,0,4.0
C001,P019,Winter Jacket,Clothing,4171.63,6.0,0.0,0,3.0
C144,P060,Data Science Intro,Books,280.71,4.0,0.0,0,8.0
C109,P003,Laptop,Electronics,77385.93,1.0,0.0,0,0.0
C103,P026,Raincoat,Clothing,1133.27,10.0,3.0,0,13.0
C188,P034,Storage Box,Home,5713.28,13.0,3.0,0,5.0
C188,P048,Body Lotion,Beauty,790.99,3.0,0.0,0,5.0
C022,P050,Dumbbells,Sports,1246.06,15.0,2.0,3,16.0
C178,P042,Sunscreen,Beauty,2097.43,7.0,3.0,0,9.0
C099,P014,Portable SSD,Electronics,74189.34,6.0,0.0,0,4.0
C110,P034,Storage Box,Home,5713.28,4.0,1.0,0,12.0
C056,P044,Perfume,Beauty,848.68,9.0,2.0,0,11.0
C144,P009,Tablet,Electronics,12226.74,13.0,3.0,0,8.0
C086,P030,Vacuum Cleaner,Home,10323.97,4.0,0.0,0,6.0
C072,P007,USB-C Hub,Electronics,68692.66,1.0,0.0,0,15.0
C074,P064,History of AI,Books,1028.75,14.0,0.0,0,6.0
C220,P002,Smartphone,Electronics,39946.96,10.0,1.0,0,
C156,P035,Air Fryer,Home,7174.95,14.0,1.0,0,8.0
C188,P019,Winter Jacket,Clothing,4171.63,10.0,4.0,0,5.0
C003,P067,Kids Picture Book,Books,792.09,15.0,1.0,2,0.0
C146,P008,Webcam,Electronics,70915.94,15.0,3.0,0,15.0
C200,P057,Running Shoes,Sports,3751.49,17.0,13.0,1,14.0
C156,P008,Webcam,Electronics,70915.94,13.0,1.0,0,8.0
C044,P053,Skipping Rope,Sports,6326.36,9.0,4.0,0,2.0
C120,P053,Skipping Rope,Sports,6326.36,9.0,1.0,0,2.0
C138,P030,Vacuum Cleaner,Home,10323.97,7.0,3.0,2,14.0
C061,P058,Water Bladder,Sports,4613.62,3.0,0.0,2,14.0
C125,P017,Hoodie,Clothing,2861.01,14.0,2.0,0,4.0
C005,P070,Science Comics,Books,651.22,6.0,4.0,0,2.0
C085,P040,Moisturizer,Beauty,1706.55,14.0,5.0,0,2.0
C197,P012,Monitor,Electronics,83466.44,16.0,5.0,0,12.0
C207,P053,Skipping Rope,Sports,6326.36,11.0,1.0,0,6.0
C096,P008,Webcam,Electronics,70915.94,7.0,3.0,0,15.0
C170,P004,Power Bank,Electronics,63004.23,2.0,0.0,0,3.0
C188,P065,Travel Diary,Books,878.93,15.0,0.0,0,5.0
C004,P059,Python Basics,Books,309.77,12.0,3.0,0,12.0
C068,P023,Cap,Clothing,4858.35,10.0,2.0,0,17.0
C178,P060,Data Science Intro,Books,280.71,14.0,2.0,3,9.0
C034,P039,Face Wash,Beauty,,13.0,4.0,0,9.0
C188,P034,Storage Box,Home,5713.28,3.0,0.0,0,5.0
C197,P055,Resistance Bands,Sports,5684.55,10.0,5.0,0,12.0
C029,P070,Science Comics,Books,651.22,4.0,1.0,1,
C028,P063,Cookbook,Books,799.02,3.0,0.0,0,
C206,P062,Self Help Guide,Books,690.76,15.0,4.0,0,8.0
C108,P018,Sneakers,Clothing,505.32,8.0,1.0,0,12.0
C147,P030,Vacuum Cleaner,Home,10323.97,11.0,0.0,0,2.0
C077,P023,Cap,Clothing,4858.35,12.0,0.0,0,9.0
C192,P051,Football,Sports,1718.28,12.0,2.0,1,2.0
C102,P044,Perfume,Beauty,848.68,11.0,6.0,1,7.0
C023,P066,Short Stories,Books,785.62,7.0,2.0,2,16.0
C134,P052,Tennis Racket,Sports,206.79,14.0,0.0,0,15.0
C191,P006,Smartwatch,Electronics,87824.51,18.0,2.0,0,1.0
C186,P060,Data Science Intro,Books,280.71,11.0,2.0,0,16.0
C010,P027,Table Lamp,Home,7133.13,5.0,2.0,0,6.0
C123,P063,Cookbook,Books,799.02,12.0,0.0,0,16.0
C150,P068,Business Strategy,Books,498.54,2.0,0.0,2,17.0
C064,P048,Body Lotion,Beauty,790.99,16.0,4.0,0,3.0
C022,P028,Bedsheet Set,Home,895.11,8.0,1.0,1,16.0
C188,P061,Mystery Novel,Books,917.66,3.0,,0,5.0
C010,P052,Tennis Racket,Sports,206.79,6.0,2.0,0,6.0
C148,P017,Hoodie,Clothing,2861.01,17.0,3.0,3,15.0
C072,P009,Tablet,Electronics,12226.74,2.0,0.0,0,15.0
C214,P035,Air Fryer,Home,7174.95,13.0,8.0,1,1.0
C047,P031,Cookware Set,Home,11234.24,1.0,0.0,0,14.0
C014,P056,Cycling Helmet,Sports,6277.72,3.0,0.0,2,4.0
C019,P064,History of AI,Books,1028.75,3.0,0.0,0,15.0
C130,P017,Hoodie,Clothing,2861.01,12.0,4.0,0,14.0
C078,P039,Face Wash,Beauty,643.58,2.0,1.0,0,8.0
C218,P016,Denim Jeans,Clothing,1289.75,10.0,1.0,0,
C131,P061,Mystery Novel,Books,917.66,1.0,0.0,0,11.0
C204,P042,Sunscreen,Beauty,2097.43,17.0,3.0,3,9.0
C195,P070,Science Comics,Books,651.22,12.0,0.0,2,6.0
C194,P017,Hoodie,Clothing,2861.01,10.0,2.0,2,9.0
C210,P018,Sneakers,Clothing,505.32,2.0,1.0,0,16.0
C140,P028,Bedsheet Set,Home,895.11,8.0,1.0,0,10.0
C052,P036,Water Bottle,Home,3043.7,6.0,2.0,0,13.0
C216,P017,Hoodie,Clothing,2861.01,14.0,6.0,0,4.0
C077,P028,Bedsheet Set,Home,895.11,10.0,0.0,0,9.0
C202,P047,Nail Kit,Beauty,1028.95,13.0,2.0,1,9.0
C177,P014,Portable SSD,Electronics,74189.34,11.0,1.0,1,15.0
C092,P034,Storage Box,Home,5713.28,13.0,0.0,0,7.0
C031,P017,Hoodie,Clothing,2861.01,4.0,2.0,0,4.0
C182,P012,Monitor,Electronics,83466.44,17.0,2.0,0,12.0
C133,P049,Yoga Mat,Sports,5506.59,7.0,2.0,0,11.0
C039,P049,Yoga Mat,Sports,5506.59,1.0,0.0,0,16.0
C180,P048,Body Lotion,Beauty,790.99,,1.0,2,7.0
C196,P069,Poetry Collection,Books,184.44,2.0,1.0,0,9.0
C069,P007,USB-C Hub,Electronics,68692.66,3.0,1.0,0,8.0
C003,P021,Sports Shorts,Clothing,3837.82,7.0,0.0,0,0.0
C182,P049,Yoga Mat,Sports,5506.59,10.0,1.0,0,12.0
C164,P066,Short Stories,Books,785.62,5.0,1.0,0,3.0
C080,P014,Portable SSD,Electronics,74189.34,11.0,1.0,0,1.0
C100,P033,Wall Clock,Home,5054.92,5.0,0.0,0,2.0
C220,P010,Gaming Mouse,Electronics,40973.43,10.0,0.0,0,12.0
C036,P030,Vacuum Cleaner,Home,10323.97,11.0,2.0,1,12.0
C056,P037,Desk Organizer,Home,2165.34,14.0,6.0,0,11.0
C184,P061,Mystery Novel,Books,917.66,15.0,2.0,0,17.0
C147,P069,Poetry Collection,Books,184.44,8.0,4.0,3,2.0
C210,P063,Cookbook,Books,799.02,3.0,0.0,0,16.0
C066,P039,Face Wash,Beauty,643.58,17.0,1.0,0,5.0
C135,P037,Desk Organizer,Home,2165.34,12.0,3.0,0,17.0
C092,P022,Wool Sweater,Clothing,1900.72,6.0,3.0,0,7.0
C111,P066,Short Stories,Books,785.62,1.0,0.0,0,3.0
C041,P067,Kids Picture Book,Books,792.09,16.0,3.0,1,8.0
C001,P033,Wall Clock,Home,5054.92,3.0,1.0,0,3.0
C050,P024,Socks Pack,Clothing,4485.98,1.0,0.0,0,13.0
C122,P032,Cushion Cover,Home,14519.77,6.0,0.0,0,6.0
C024,P001,Wireless Earbuds,Electronics,69835.88,14.0,1.0,0,17.0
C051,P051,Football,Sports,1718.28,5.0,1.0,0,10.0
C109,P039,Face Wash,Beauty,643.58,10.0,1.0,0,0.0
C043,P040,Moisturizer,Beauty,1706.55,2.0,1.0,0,6.0
C129,P036,Water Bottle,Home,3043.7,6.0,1.0,1,17.0
C197,P055,Resistance Bands,Sports,5684.55,13.0,1.0,0,12.0
C060,P062,Self Help Guide,Books,690.76,,0.0,0,4.0
C047,P037,Desk Organizer,Home,2165.34,5.0,0.0,0,14.0
C175,P005,Bluetooth Speaker,Electronics,9199.62,20.0,11.0,2,16.0
C192,P049,Yoga Mat,Sports,5506.59,9.0,1.0,0,2.0
C001,P057,Running Shoes,Sports,3751.49,8.0,1.0,3,3.0
C168,P040,Moisturizer,Beauty,1706.55,4.0,1.0,0,0.0
C044,P004,Power Bank,Electronics,63004.23,,1.0,0,2.0
C202,P021,Sports Shorts,Clothing,3837.82,17.0,3.0,1,
C130,P001,Wireless Earbuds,Electronics,69835.88,15.0,4.0,0,14.0
C049,P022,Wool Sweater,Clothing,,4.0,0.0,0,11.0
C015,P070,Science Comics,Books,651.22,14.0,2.0,0,17.0
C162,P059,Python Basics,Books,309.77,14.0,0.0,0,12.0
C017,P043,Hair Serum,Beauty,1779.64,2.0,1.0,0,5.0
C128,P012,Monitor,Electronics,83466.44,21.0,6.0,0,
C031,P007,USB-C Hub,Electronics,68692.66,2.0,0.0,0,4.0
C110,P046,Face Mask,Beauty,2030.43,13.0,1.0,0,12.0
C028,P022,Wool Sweater,Clothing,1900.72,12.0,5.0,0,14.0
C020,P010,Gaming Mouse,Electronics,40973.43,12.0,0.0,0,0.0
C018,P009,Tablet,Electronics,12226.74,14.0,1.0,0,16.0
C033,P042,Sunscreen,Beauty,2097.43,1.0,1.0,0,17.0
C200,P038,LED Strip,Home,7265.65,12.0,1.0,0,14.0
C035,P066,Short Stories,Books,785.62,4.0,0.0,0,8.0
C166,P020,Casual Shirt,Clothing,3230.99,16.0,1.0,3,10.0
C140,P024,Socks Pack,Clothing,4485.98,17.0,1.0,0,10.0
C184,P010,Gaming Mouse,Electronics,40973.43,14.0,3.0,0,17.0
C065,P052,Tennis Racket,Sports,206.79,11.0,1.0,0,2.0
C003,P064,History of AI,Books,1028.75,1.0,0.0,0,0.0
C175,P014,Portable SSD,Electronics,74189.34,20.0,11.0,0,16.0
C188,P060,Data Science Intro,Books,280.71,2.0,0.0,0,5.0
C016,P034,Storage Box,Home,5713.28,10.0,2.0,0,7.0
C124,P028,Bedsheet Set,Home,895.11,1.0,0.0,0,4.0
C148,P064,History of AI,Books,1028.75,12.0,0.0,0,15.0
C071,P045,Shampoo,Beauty,2096.42,12.0,3.0,0,11.0
C083,P039,Face Wash,Beauty,643.58,6.0,0.0,0,15.0
C044,P064,History of AI,Books,1028.75,21.0,11.0,1,2.0
C189,P028,Bedsheet Set,Home,895.11,15.0,2.0,0,14.0
C043,P027,Table Lamp,Home,7133.13,14.0,9.0,0,6.0
C132,P043,Hair Serum,Beauty,1779.64,1.0,1.0,0,2.0
C130,P035,Air Fryer,Home,7174.95,15.0,,3,14.0
C108,P050,Dumbbells,Sports,1246.06,19.0,4.0,0,12.0
C131,P064,History of AI,Books,1028.75,17.0,1.0,0,11.0
C137,P028,Bedsheet Set,Home,,14.0,0.0,0,1.0
C126,P040,Moisturizer,Beauty,1706.55,,0.0,0,9.0
C212,P051,Football,Sports,1718.28,3.0,1.0,0,15.0
C061,P050,Dumbbells,Sports,1246.06,16.0,2.0,3,14.0
C005,P045,Shampoo,Beauty,2096.42,7.0,1.0,0,2.0
C203,P008,Webcam,Electronics,70915.94,13.0,4.0,0,11.0
C164,P038,LED Strip,Home,7265.65,16.0,2.0,0,3.0
C160,P047,Nail Kit,Beauty,1028.95,17.0,0.0,0,0.0
C186,P017,Hoodie,Clothing,2861.01,9.0,0.0,0,16.0
C148,P016,Denim Jeans,Clothing,1289.75,15.0,2.0,0,15.0
C182,P049,Yoga Mat,Sports,5506.59,11.0,1.0,0,12.0
C129,P061,Mystery Novel,Books,917.66,10.0,6.0,0,17.0
C115,P024,Socks Pack,Clothing,,11.0,2.0,0,16.0
C197,P029,Coffee Maker,Home,2524.77,11.0,1.0,1,12.0
C185,P009,Tablet,Electronics,12226.74,3.0,0.0,2,0.0
C139,P014,Portable SSD,Electronics,74189.34,15.0,8.0,0,
C085,P038,LED Strip,Home,7265.65,12.0,1.0,0,2.0
C032,P028,Bedsheet Set,Home,895.11,,1.0,0,1.0
C120,P060,Data Science Intro,Books,280.71,3.0,0.0,0,2.0
C131,P064,History of AI,Books,1028.75,,1.0,2,11.0
C089,P053,Skipping Rope,Sports,6326.36,2.0,0.0,0,4.0
C158,P026,Raincoat,Clothing,1133.27,,2.0,0,8.0
C007,P006,Smartwatch,Electronics,87824.51,6.0,0.0,0,5.0
C027,P004,Power Bank,Electronics,63004.23,12.0,1.0,0,4.0
C054,P021,Sports Shorts,Clothing,3837.82,3.0,0.0,0,12.0
C059,P033,Wall Clock,Home,5054.92,3.0,,0,7.0
C163,P067,Kids Picture Book,Books,792.09,8.0,2.0,3,16.0
C082,P053,Skipping Rope,Sports,6326.36,12.0,2.0,0,0.0
C169,P015,Cotton T-Shirt,Clothing,2327.39,6.0,1.0,0,17.0
C044,P007,USB-C Hub,Electronics,68692.66,13.0,3.0,0,2.0
C140,P016,Denim Jeans,Clothing,1289.75,13.0,,0,10.0
C062,P007,USB-C Hub,Electronics,68692.66,3.0,0.0,0,15.0
C183,P064,History of AI,Books,1028.75,5.0,0.0,0,2.0
C146,P013,Headphones,Electronics,58231.77,5.0,2.0,0,15.0
C169,P062,Self Help Guide,Books,690.76,3.0,0.0,0,17.0
C043,P014,Portable SSD,Electronics,74189.34,13.0,5.0,0,6.0
C095,P002,Smartphone,Electronics,39946.96,1.0,0.0,0,15.0
